security_code,symbol,issuer_name,security_name,isin_no,group,status,instrument
500002,ABB,ABB India Limited,ABB India Limited,INE117A01022,A,Active,Equity
500003,AEGISLOG,Aegis Logistics Ltd.,Aegis Logistics Ltd.,INE208C01025,A,Active,Equity
500008,ARE&M,Amara Raja Energy & Mobility Limited,Amara Raja Energy & Mobility Limited,INE885A01032,A,Active,Equity
500009,AMBALALSA,Ambalal Sarabhai Enterprise Ltd.,Ambalal Sarabhai Enterprise Ltd.,INE432A01017,T,Active,Equity
500012,ANDHRAPET,Andhra Petrochemicals Ltd.,Andhra Petrochemicals Ltd.,INE714B01016,X,Active,Equity
500013,ANSALAPI,Ansal Properties & Infrastructure Ltd.,Ansal Properties & Infrastructure Ltd.,INE436A01026,Z,Active,Equity
500014,UTIQUE,UTIQUE ENTERPRISES LIMITED,UTIQUE ENTERPRISES LIMITED,INE096A01010,X,Active,Equity
500016,ARUNAHTEL,Aruna Hotels Ltd.,Aruna Hotels Ltd.,INE957C01019,X,Active,Equity
500020,BOMDYEING,Bombay Dyeing & Mfg. Co. Ltd.,Bombay Dyeing & Mfg. Co. Ltd.,INE032A01023,B,Active,Equity
500023,ASIANHOTNR,Asian Hotels (North) Limited,Asian Hotels (North) Limited,INE363A01022,B,Active,Equity
500027,ATUL,Atul Limited.,Atul Limited.,INE100A01010,A,Active,Equity
500028,ATVPR,ATV Projects India Ltd,ATV Projects India Ltd,INE447A01015,X,Active,Equity
500031,BAJAJELEC,Bajaj Electricals Ltd.,Bajaj Electricals Ltd.,INE193E01025,A,Active,Equity
500032,BAJAJHIND,Bajaj Hindusthan Sugar Limited,Bajaj Hindusthan Sugar Limited,INE306A01021,B,Active,Equity
500033,FORCEMOT,Force Motors Limited,Force Motors Limited,INE451A01017,A,Active,Equity
500034,BAJFINANCE,Bajaj Finance Limited,Bajaj Finance Limited,INE296A01032,A,Active,Equity
500038,BALRAMCHIN,BALRAMPUR CHINI MILLS LTD,BALRAMPUR CHINI MILLS LTD,INE119A01028,A,Active,Equity
500039,BANCOINDIA,Banco Products (India) Ltd.,Banco Products (India) Ltd.,INE213C01025,A,Active,Equity
500040,ABREL,ADITYA BIRLA REAL ESTATE LIMITED,ADITYA BIRLA REAL ESTATE LIMITED,INE055A01016,A,Active,Equity
500041,BANARISUG,Bannari Amman Sugars Ltd.,Bannari Amman Sugars Ltd.,INE459A01010,B,Active,Equity
500042,BASF,BASF India Ltd,BASF India Ltd,INE373A01013,A,Active,Equity
500043,BATAINDIA,Bata India Limited,Bata India Limited,INE176A01028,A,Active,Equity
500048,BEML,BEML Ltd,BEML Ltd,INE258A01024,A,Active,Equity
500049,BEL,Bharat Electronics Ltd.,Bharat Electronics Ltd.,INE263A01024,A,Active,Equity
500051,BHAGGAS,Bhagawati Gas Limited,Bhagawati Gas Limited,INE099C01010,XT,Active,Equity
500052,BEPL,Bhansali Engineering Polymers Ltd.,Bhansali Engineering Polymers Ltd.,INE922A01025,B,Active,Equity
500058,BIHSPONG,Bihar Sponge Iron Ltd,Bihar Sponge Iron Ltd,INE819C01011,X,Active,Equity
500059,BILVYAPAR,BIL VYAPAR LIMITED,BIL VYAPAR LIMITED,INE071A01013,T,Active,Equity
500060,BIRLACABLE,Birla Cable Limited,Birla Cable Limited,INE800A01015,B,Active,Equity
500067,BLUESTARCO,Blue Star Ltd,Blue Star Ltd,INE472A01039,A,Active,Equity
500068,DISAQ,Disa India Ltd.,Disa India Ltd.,INE131C01011,B,Active,Equity
500069,QUESTCAP,QUEST CAPITAL MARKETS LIMITED,QUEST CAPITAL MARKETS LIMITED,INE418C01012,X,Active,Equity
500074,BPL,BPL Ltd.,BPL Ltd.,INE110A01019,B,Active,Equity
500078,OAL,ORIENTAL AROMATICS LIMITED,ORIENTAL AROMATICS LIMITED,INE959C01023,B,Active,Equity
500083,CENTEXT,Century Extrusions Ltd.,Century Extrusions Ltd.,INE281A01026,B,Active,Equity
500084,CESC,CESC Limited,CESC Limited,INE486A01021,A,Active,Equity
500085,CHAMBLFERT,Chambal Fertilisers & Chemicals Ltd,Chambal Fertilisers & Chemicals Ltd,INE085A01013,A,Active,Equity
500086,EXIDEIND,Exide Industries Ltd.,Exide Industries Ltd.,INE302A01020,A,Active,Equity
500087,CIPLA,Cipla Ltd.,Cipla Ltd.,INE059A01026,A,Active,Equity
500089,DICIND,DIC India Ltd,DIC India Ltd,INE303A01010,B,Active,Equity
500092,CRISIL,CRISIL Ltd.,CRISIL Ltd.,INE007A01025,A,Active,Equity
500093,CGPOWER,CG Power and Industrial Solutions Limited,CG Power and Industrial Solutions Limited,INE067A01029,A,Active,Equity
500096,DABUR,Dabur India Ltd.,Dabur India Ltd.,INE016A01026,A,Active,Equity
500097,DALMIASUG,Dalmia Bharat Sugar and Industries Ltd,Dalmia Bharat Sugar and Industries Ltd,INE495A01022,B,Active,Equity
500101,ARVIND,Arvind Ltd.,Arvind Ltd.,INE034A01011,A,Active,Equity
500103,BHEL,Bharat Heavy Electricals Ltd.,Bharat Heavy Electricals Ltd.,INE257A01026,A,Active,Equity
500104,HINDPETRO,Hindustan Petroleum Corporation Ltd,Hindustan Petroleum Corporation Ltd,INE094A01015,A,Active,Equity
500106,IFCI,IFCI Ltd.,IFCI Ltd.,INE039A01010,A,Active,Equity
500108,MTNL,Mahanagar Telephone Nigam Ltd.,Mahanagar Telephone Nigam Ltd.,INE153A01019,B,Active,Equity
500109,MRPL,Mangalore Refinery & Petrochemicals,Mangalore Refinery & Petrochemicals,INE103A01014,A,Active,Equity
500110,CHENNPETRO,Chennai Petroleum Corporation Ltd.,Chennai Petroleum Corporation Ltd.,INE178A01016,A,Active,Equity
500112,SBIN,State Bank Of India,State Bank Of India,INE062A01020,A,Active,Equity
500113,SAIL,Steel Authority of India Ltd.,Steel Authority of India Ltd.,INE114A01011,A,Active,Equity
500114,TITAN,Titan Company Limited,Titan Company Limited,INE280A01028,A,Active,Equity
500116,IDBI,IDBI Bank Ltd,IDBI Bank Ltd,INE008A01015,A,Active,Equity
500117,DCW,DCW Ltd.,DCW Ltd.,INE500A01029,B,Active,Equity
500119,DHAMPURSUG,Dhampur Sugar Mills Ltd.,Dhampur Sugar Mills Ltd.,INE041A01016,B,Active,Equity
500120,DIAMINESQ,Diamines & Chemicals Ltd.,Diamines & Chemicals Ltd.,INE591D01014,B,Active,Equity
500123,ELANTAS,Elantas Beck India Ltd,Elantas Beck India Ltd,INE280B01018,B,Active,Equity
500124,DRREDDY,Dr. Reddy's Laboratories Ltd.,Dr. Reddy's Laboratories Ltd.,INE089A01031,A,Active,Equity
500125,EIDPARRY,E.I.D. Parry (India) Ltd.,E.I.D. Parry (India) Ltd.,INE126A01031,A,Active,Equity
500126,PGHL,PROCTER & GAMBLE HEALTH LIMITED,PROCTER & GAMBLE HEALTH LIMITED,INE199A01012,A,Active,Equity
500128,ELECTCAST,Electrosteel Castings Ltd.,Electrosteel Castings Ltd.,INE086A01029,A,Active,Equity
500133,ESABINDIA,Esab India Ltd.,Esab India Ltd.,INE284A01012,B,Active,Equity
500135,EPL,EPL LIMITED,EPL LIMITED,INE255A01020,A,Active,Equity
500136,ESTER,Ester Industries Ltd.,Ester Industries Ltd.,INE778B01029,B,Active,Equity
500142,FGP,FGP Ltd,FGP Ltd,INE512A01016,XT,Active,Equity
500143,PHCAP,P H CAPITAL LIMITED,P H CAPITAL LIMITED,INE160F01013,XT,Active,Equity
500144,FINCABLES,Finolex Cables Ltd.,Finolex Cables Ltd.,INE235A01022,A,Active,Equity
500147,COCKERILL,JOHN COCKERILL INDIA LIMITED,JOHN COCKERILL INDIA LIMITED,INE515A01019,B,Active,Equity
500148,UFLEX,Uflex Limited,Uflex Limited,INE516A01017,B,Active,Equity
500150,FOSECOIND,Foseco India Ltd,Foseco India Ltd,INE519A01011,B,Active,Equity
500151,GOLDENTOBC,Golden Tobacco Ltd.,Golden Tobacco Ltd.,INE973A01010,Z,Active,Equity
500153,GANESHBE,Ganesh Benzoplast Ltd.,Ganesh Benzoplast Ltd.,INE388A01029,T,Active,Equity
500159,METROGLOBL,Metroglobal Limited,Metroglobal Limited,INE085D01033,B,Active,Equity
500160,GTL,GTL Ltd,GTL Ltd,INE043A01012,B,Active,Equity
500163,GODFRYPHLP,Godfrey Phillips India Ltd.,Godfrey Phillips India Ltd.,INE260B01028,A,Active,Equity
500164,GODREJIND,Godrej Industries Ltd.,Godrej Industries Ltd.,INE233A01035,A,Active,Equity
500165,KANSAINER,Kansai Nerolac Paints,Kansai Nerolac Paints,INE531A01024,A,Active,Equity
500166,GOODRICKE,Goodricke Group Ltd.,Goodricke Group Ltd.,INE300A01016,X,Active,Equity
500168,GOODYEAR,Goodyear India Ltd.,Goodyear India Ltd.,INE533A01012,B,Active,Equity
500170,GTNINDS,GTN Industries Limited,GTN Industries Limited,INE537A01013,X,Active,Equity
500171,GHCL,GHCL Ltd.,GHCL Ltd.,INE539A01019,A,Active,Equity
500173,GFLLIMITED,GFL LIMITED,GFL LIMITED,INE538A01037,B,Active,Equity
500174,GLFL,Gujarat Lease Financing Limited,Gujarat Lease Financing Limited,INE540A01017,B,Active,Equity
500178,HARCR,Harig Crankshafts Ltd.,Harig Crankshafts Ltd.,INE905C01034,XT,Active,Equity
500179,HCL-INSYS,HCL Infosystems Ltd,HCL Infosystems Ltd,INE236A01020,B,Active,Equity
500180,HDFCBANK,HDFC Bank Ltd.,HDFC Bank Ltd.,INE040A01034,A,Active,Equity
500182,HEROMOTOCO,Hero MotoCorp Limited,Hero MotoCorp Limited,INE158A01026,A,Active,Equity
500183,HFCL,HFCL LIMITED,HFCL LIMITED,INE548A01028,T,Active,Equity
500184,HSCL,Himadri Speciality Chemical Ltd.,Himadri Speciality Chemical Ltd.,INE019C01026,A,Active,Equity
500185,HCC,Hindustan Construction Co. Ltd.,Hindustan Construction Co. Ltd.,INE549A01026,A,Active,Equity
500186,HINDOILEXP,Hindustan Oil Exploration Co. Ltd.,Hindustan Oil Exploration Co. Ltd.,INE345A01011,B,Active,Equity
500187,AGI,AGI GREENPAC LIMITED,AGI GREENPAC LIMITED,INE415A01038,B,Active,Equity
500188,HINDZINC,Hindustan Zinc Ltd.,Hindustan Zinc Ltd.,INE267A01025,A,Active,Equity
500189,NDLVENTURE,NDL Ventures Limited,NDL Ventures Limited,INE353A01023,B,Active,Equity
500191,HMT,HMT Limited,HMT Limited,INE262A01018,Z,Active,Equity
500192,PRAGBOS,Prag Bosimi Synthetics Ltd.,Prag Bosimi Synthetics Ltd.,INE962B01011,X,Active,Equity
500193,HLVLTD,HLV LIMITED,HLV LIMITED,INE102A01024,B,Active,Equity
500199,IGPL,IG Petrochemicals Ltd,IG Petrochemicals Ltd,INE204A01010,B,Active,Equity
500201,INDIAGLYCO,India Glycols Ltd,India Glycols Ltd,INE560A01023,A,Active,Equity
500202,INDLEASE,India Lease Devl. Ltd.,India Lease Devl. Ltd.,INE333C01013,X,Active,Equity
500206,MARGOFIN,Margo Finance Limited,Margo Finance Limited,INE680B01019,X,Active,Equity
500207,INDORAMA,Indo Rama Synthetics (India) Ltd.,Indo Rama Synthetics (India) Ltd.,INE156A01020,B,Active,Equity
500209,INFY,Infosys Ltd,Infosys Ltd,INE009A01021,A,Active,Equity
500210,INGERRAND,Ingersoll-Rand (India) Ltd.,Ingersoll-Rand (India) Ltd.,INE177A01018,B,Active,Equity
500213,ITHL,International Travel House Ltd,International Travel House Ltd,INE262B01016,X,Active,Equity
500214,IONEXCHANG,Ion Exchange (India) Ltd,Ion Exchange (India) Ltd,INE570A01022,A,Active,Equity
500215,SUNDROP,SUNDROP BRANDS LIMITED,SUNDROP BRANDS LIMITED,INE209A01019,B,Active,Equity
500219,JISLJALEQS,Jain Irrigation Systems Ltd.,Jain Irrigation Systems Ltd.,INE175A01038,A,Active,Equity
500220,JASCH,Jasch Industries Ltd.,Jasch Industries Ltd.,INE711C01028,XT,Active,Equity
500227,JINDALPOLY,JINDAL POLY FILMS LIMITED,JINDAL POLY FILMS LIMITED,INE197D01010,B,Active,Equity
500228,JSWSTEEL,JSW Steel Limited,JSW Steel Limited,INE019A01038,A,Active,Equity
500233,KAJARIACER,Kajaria Ceramics Ltd,Kajaria Ceramics Ltd,INE217B01036,A,Active,Equity
500234,KAKATCEM,Kakatiya Cement Sugar & Industries Ltd.,Kakatiya Cement Sugar & Industries Ltd.,INE437B01014,B,Active,Equity
500235,KSL,Kalyani Steels Ltd,Kalyani Steels Ltd,INE907A01026,B,Active,Equity
500236,KANELIND,Kanel Industries Limited,Kanel Industries Limited,INE252C01023,XT,Active,Equity
500238,WHIRLPOOL,Whirlpool of India Ltd,Whirlpool of India Ltd,INE716A01013,A,Active,Equity
500239,KGDENIM,K.G.Denim Ltd,K.G.Denim Ltd,INE104A01012,X,Active,Equity
500240,KINETICENG,Kinetic Engineering Ltd.,Kinetic Engineering Ltd.,INE266B01017,XT,Active,Equity
500241,KIRLOSBROS,Kirloskar Brothers Ltd.,Kirloskar Brothers Ltd.,INE732A01036,A,Active,Equity
500243,KIRLOSIND,Kirloskar Industries Ltd,Kirloskar Industries Ltd,INE250A01039,B,Active,Equity
500245,KIRLFER,Kirloskar Ferrous Industries Ltd.,Kirloskar Ferrous Industries Ltd.,INE884B01025,B,Active,Equity
500246,ENVAIREL,Envair Electrodyne Ltd.,Envair Electrodyne Ltd.,INE601C01013,XT,Active,Equity
500247,KOTAKBANK,Kotak Mahindra Bank Ltd.,Kotak Mahindra Bank Ltd.,INE237A01036,A,Active,Equity
500248,KRIFILIND,KRISHNA FILAMENT INDUSTRIES LIMITED,KRISHNA FILAMENT INDUSTRIES LIMITED,INE073A01019,XT,Active,Equity
500249,KSB,KSB LIMITED,KSB LIMITED,INE999A01023,A,Active,Equity
500250,LGBBROSLTD,L.g.Balkrishnan & Bros. Ltd.,L.g.Balkrishnan & Bros. Ltd.,INE337A01034,A,Active,Equity
500251,TRENT,Trent Ltd [Lakme Ltd],Trent Ltd [Lakme Ltd],INE849A01020,A,Active,Equity
500252,LMW,LMW Limited,LMW Limited,INE269B01029,A,Active,Equity
500253,LICHSGFIN,Lic Housing Finance Ltd.,Lic Housing Finance Ltd.,INE115A01026,A,Active,Equity
500257,LUPIN,Lupin Ltd,Lupin Ltd,INE326A01037,A,Active,Equity
500259,LYKALABS,Lyka Labs Ltd.,Lyka Labs Ltd.,INE933A01014,T,Active,Equity
500260,RAMCOCEM,The Ramco Cements Limited,The Ramco Cements Limited,INE331A01037,A,Active,Equity
500262,HYBRIDFIN,HYBRID FINANCIAL SERVICES LIMITED,HYBRID FINANCIAL SERVICES LIMITED,INE965B01022,B,Active,Equity
500264,MAFATIND,Mafatlal Industries Ltd.,Mafatlal Industries Ltd.,INE270B01035,B,Active,Equity
500265,MAHSEAMLES,Maharashtra Seamless Ltd.,Maharashtra Seamless Ltd.,INE271B01025,A,Active,Equity
500266,MAHSCOOTER,Maharashtra Scooters Ltd.,Maharashtra Scooters Ltd.,INE288A01013,A,Active,Equity
500267,MAJESAUT,Majestic Auto Ltd.,Majestic Auto Ltd.,INE201B01022,T,Active,Equity
500268,MANALIPETC,Manali Petrochemicals Ltd.,Manali Petrochemicals Ltd.,INE201A01024,B,Active,Equity
500270,BARODARY,Baroda Rayon Corpn. Ltd.,Baroda Rayon Corpn. Ltd.,INE461A01024,X,Active,Equity
500271,MFSL,Max Financial Services Limited,Max Financial Services Limited,INE180A01020,A,Active,Equity
500277,MIDINDIA,Mid India Industries Limited,Mid India Industries Limited,INE401C01018,X,Active,Equity
500279,ONIDA,ONIDA ELECTRONICS LIMITED,ONIDA ELECTRONICS LIMITED,INE831A01028,B,Active,Equity
500280,CENTENKA,Century Enka Ltd.,Century Enka Ltd.,INE485A01015,B,Active,Equity
500282,MODTHREAD,Modern Thread (India) Ltd.,Modern Thread (India) Ltd.,INE794W01014,B,Active,Equity
500284,LORDSCHLO,Lords Chloro Alkali Ltd,Lords Chloro Alkali Ltd,INE846D01012,B,Active,Equity
500285,SPICEJET,SpiceJet Limited,SpiceJet Limited,INE285B01017,B,Active,Equity
500288,MOREPENLAB,Morepen Laboratories Ltd.,Morepen Laboratories Ltd.,INE083A01026,B,Active,Equity
500290,MRF,M.R.F. Ltd.,M.R.F. Ltd.,INE883A01011,A,Active,Equity
500292,HEIDELBERG,HeidelbergCement  India Limited,HeidelbergCement  India Limited,INE578A01017,B,Active,Equity
500294,NCC,NCC Limited,NCC Limited,INE868B01028,A,Active,Equity
500295,VEDL,Vedanta Limited,Vedanta Limited,INE205A01025,A,Active,Equity
500296,NAHARSPING,Nahar Spinning Mills Ltd.,Nahar Spinning Mills Ltd.,INE290A01027,B,Active,Equity
500298,NAPEROL,Naperol Investments Limited,Naperol Investments Limited,INE585A01020,X,Active,Equity
500300,GRASIM,Grasim Industries Ltd,Grasim Industries Ltd,INE047A01021,A,Active,Equity
500304,NIITLTD,NIIT Ltd.,NIIT Ltd.,INE161A01038,B,Active,Equity
500306,JAYKAY,Jaykay Enterprises Limited,Jaykay Enterprises Limited,INE903A01025,B,Active,Equity
500307,NIRLON,Nirlon Limited,Nirlon Limited,INE910A01012,B,Active,Equity
500312,ONGC,Oil And Natural Gas Corporation Ltd,Oil And Natural Gas Corporation Ltd,INE213A01029,A,Active,Equity
500313,OILCOUNTUB,Oil Country Tubular Ltd.,Oil Country Tubular Ltd.,INE591A01010,T,Active,Equity
500314,ORIENTHOT,Oriental Hotels Ltd.,Oriental Hotels Ltd.,INE750A01020,B,Active,Equity
500317,OSWALAGRO,Oswal Agro Mills Ltd.,Oswal Agro Mills Ltd.,INE142A01012,B,Active,Equity
500319,INDSUCR,Indian Sucrose Ltd.,Indian Sucrose Ltd.,INE557C01017,X,Active,Equity
500322,PANCM,Panyam Cements & Mineral Inds. Ltd.,Panyam Cements & Mineral Inds. Ltd.,INE167E01037,XT,Active,Equity
500325,RELIANCE,Reliance Industries Ltd,Reliance Industries Ltd,INE002A01018,A,Active,Equity
500327,PILITA,Pil Italica Lifestyle Limited,Pil Italica Lifestyle Limited,INE600A01035,B,Active,Equity
500330,RAYMOND,Raymond Limited,Raymond Limited,INE301A01014,A,Active,Equity
500331,PIDILITIND,Pidilite Industries Ltd.,Pidilite Industries Ltd.,INE318A01026,A,Active,Equity
500333,PIXTRANS,Pix Transmissions Ltd.,Pix Transmissions Ltd.,INE751B01018,B,Active,Equity
500335,BIRLACORPN,Birla Corporation Ltd.,Birla Corporation Ltd.,INE340A01012,A,Active,Equity
500336,SURYAROSNI,Surya Roshni Ltd.,Surya Roshni Ltd.,INE335A01020,B,Active,Equity
500337,PRIMESECU,Prime Securities Ltd.,Prime Securities Ltd.,INE032B01021,B,Active,Equity
500338,PRSMJOHNSN,PRISM JOHNSON LIMITED.,PRISM JOHNSON LIMITED.,INE010A01011,B,Active,Equity
500339,RAIN,Rain Industries Limited,Rain Industries Limited,INE855B01025,A,Active,Equity
500342,PRUDMOULI,Prudential Sugar Corporation Ltd,Prudential Sugar Corporation Ltd,INE024D01016,B,Active,Equity
500343,AMJLAND,AMJ LAND HOLDINGS LIMITED,AMJ LAND HOLDINGS LIMITED,INE606A01024,B,Active,Equity
500346,PUNJCOMMU,Punjab Communications Limited,Punjab Communications Limited,INE609A01010,B,Active,Equity
500350,RSWM,RSWM Limited,RSWM Limited,INE611A01016,B,Active,Equity
500354,RAJSREESUG,Rajshree Sugars & Chemicals Ltd.,Rajshree Sugars & Chemicals Ltd.,INE562B01019,B,Active,Equity
500355,RALLIS,Rallis India Ltd,Rallis India Ltd,INE613A01020,A,Active,Equity
500356,RAMANEWS,Shree Rama Newsprint Limited,Shree Rama Newsprint Limited,INE278B01020,B,Active,Equity
500357,RAMAPPR-B,Rama Paper Mills Limited,Rama Paper Mills Limited,INE425E01013,Z,Active,Equity
500360,RAPICUT,Rapicut Carbides Ltd.,Rapicut Carbides Ltd.,INE350D01015,XT,Active,Equity
500365,WELSPLSOL,WELSPUN SPECIALTY SOLUTIONS LIMITED,WELSPUN SPECIALTY SOLUTIONS LIMITED,INE731F01037,B,Active,Equity
500367,RUBFILA,Rubfila International Ltd.,Rubfila International Ltd.,INE642C01025,B,Active,Equity
500368,PATANJALI,Patanjali Foods Limited,Patanjali Foods Limited,INE619A01035,A,Active,Equity
500370,SALORAINTL,Salora International Limited,Salora International Limited,INE924A01013,X,Active,Equity
500371,SAMTELIN,Samtel (India) Ltd.,Samtel (India) Ltd.,INE538C01017,XT,Active,Equity
500378,JINDALSAW,Jindal Saw Ltd.,Jindal Saw Ltd.,INE324A01032,A,Active,Equity
500380,JKLAKSHMI,JK Lakshmi Cement Limited,JK Lakshmi Cement Limited,INE786A01032,A,Active,Equity
500387,SHREECEM,Shree Cements Ltd.,Shree Cements Ltd.,INE070A01015,A,Active,Equity
500388,SKPMIL,Shree Krishna Paper Mills & Industr,Shree Krishna Paper Mills & Industr,INE970C01012,XT,Active,Equity
500390,RELINFRA,Reliance Infrastructure Ltd,Reliance Infrastructure Ltd,INE036A01016,T,Active,Equity
500399,STEELCO,Steelco Gujarat Ltd,Steelco Gujarat Ltd,INE629B01032,XT,Active,Equity
500400,TATAPOWER,Tata Power Co. Ltd,Tata Power Co. Ltd,INE245A01021,A,Active,Equity
500402,SPMLINFRA,SPML Infra Limited,SPML Infra Limited,INE937A01023,B,Active,Equity
500403,SUNDRMFAST,Sundram Fasteners Ltd.,Sundram Fasteners Ltd.,INE387A01021,A,Active,Equity
500404,SUNFLAG,Sunflag Iron & Steel Co. Ltd.,Sunflag Iron & Steel Co. Ltd.,INE947A01014,B,Active,Equity
500405,SPLPETRO,Supreme Petrochem Ltd.,Supreme Petrochem Ltd.,INE663A01033,A,Active,Equity
500407,SWARAJENG,Swaraj Engines Ltd.,Swaraj Engines Ltd.,INE277A01016,B,Active,Equity
500408,TATAELXSI,Tata Elxsi Ltd,Tata Elxsi Ltd,INE670A01012,A,Active,Equity
500410,ACC,ACC Ltd,ACC Ltd,INE012A01025,A,Active,Equity
500411,THERMAX,Thermax Ltd.,Thermax Ltd.,INE152A01029,A,Active,Equity
500412,TIRUMALCHM,Thirumalai Chemicals Ltd.,Thirumalai Chemicals Ltd.,INE338A01024,B,Active,Equity
500413,THOMASCOOK,Thomas Cook (India) Ltd.,Thomas Cook (India) Ltd.,INE332A01027,A,Active,Equity
500414,TIMEX,Timex Group India Ltd,Timex Group India Ltd,INE064A01026,B,Active,Equity
500418,TOKYOPLAST,Tokyo Plast International Ltd.,Tokyo Plast International Ltd.,INE932C01012,B,Active,Equity
500420,TORNTPHARM,Torrent Pharmaceuticals Ltd.,Torrent Pharmaceuticals Ltd.,INE685A01028,A,Active,Equity
500421,TPINDIA,TPI India Ltd.,TPI India Ltd.,INE578C01021,XT,Active,Equity
500422,TRANSCHEM,Transchem Limited.,Transchem Limited.,INE019B01010,XT,Active,Equity
500425,AMBUJACEM,Ambuja Cements Ltd.,Ambuja Cements Ltd.,INE079A01024,A,Active,Equity
500426,UTLINDS,UTL Industries Limited,UTL Industries Limited,INE184E01024,X,Active,Equity
500429,UNIENTER,Uniphos Enterprises Limited.,Uniphos Enterprises Limited.,INE037A01022,B,Active,Equity
500439,VHL,Vardhman Holdings Limited,Vardhman Holdings Limited,INE701A01023,B,Active,Equity
500440,HINDALCO,Hindalco Industries Ltd.,Hindalco Industries Ltd.,INE038A01020,A,Active,Equity
500444,WSTCSTPAPR,West Coast Paper Mills Limited,West Coast Paper Mills Limited,INE976A01021,B,Active,Equity
500449,HOCL,Hindustan Organic Chemicals Ltd.,Hindustan Organic Chemicals Ltd.,INE048A01011,B,Active,Equity
500450,MPILCORPL,MPIL CORPORATION LIMITED,MPIL CORPORATION LIMITED,INE844C01027,XT,Active,Equity
500456,PASUPTAC,Pasupati Acrylon Ltd.,Pasupati Acrylon Ltd.,INE818B01023,B,Active,Equity
500458,TEAM24,TEAM24 CONSUMER PRODUCTS LIMITED,TEAM24 CONSUMER PRODUCTS LIMITED,INE601A01017,X,Active,Equity
500459,PGHH,Procter & Gamble Hygiene & Health Care Ltd.,Procter & Gamble Hygiene & Health Care Ltd.,INE179A01014,A,Active,Equity
500460,MUKANDLTD,Mukand Ltd.,Mukand Ltd.,INE304A01026,B,Active,Equity
500463,BBOX,BLACK BOX LIMITED,BLACK BOX LIMITED,INE676A01027,A,Active,Equity
500464,UCAL,UCAL LIMITED,UCAL LIMITED,INE139B01016,T,Active,Equity
500467,HARRMALAYA,Harrisons Malayalam Ltd.,Harrisons Malayalam Ltd.,INE544A01019,B,Active,Equity
500469,FEDERALBNK,Federal Bank Ltd.,Federal Bank Ltd.,INE171A01029,A,Active,Equity
500470,TATASTEEL,TATA STEEL LIMITED,TATA STEEL LIMITED,INE081A01020,A,Active,Equity
500472,SKFINDIA,SKF INDIA LIMITED,SKF INDIA LIMITED,INE640A01023,A,Active,Equity
500477,ASHOKLEY,Ashok Leyland Ltd.,Ashok Leyland Ltd.,INE208A01029,A,Active,Equity
500480,CUMMINSIND,Cummins India Ltd.,Cummins India Ltd.,INE298A01020,A,Active,Equity
500483,TATACOMM,Tata Communications Limited,Tata Communications Limited,INE151A01013,A,Active,Equity
500488,ABBOTINDIA,Abbott India Ltd.,Abbott India Ltd.,INE358A01014,A,Active,Equity
500490,BAJAJHLDNG,Bajaj Holdings & Investment Limited,Bajaj Holdings & Investment Limited,INE118A01012,A,Active,Equity
500493,BHARATFORG,Bharat Forge Ltd,Bharat Forge Ltd,INE465A01025,A,Active,Equity
500495,ESCORTS,Escorts Kubota Limited,Escorts Kubota Limited,INE042A01014,A,Active,Equity
500500,HINDMOTORS,Hindustan Motors Ltd.,Hindustan Motors Ltd.,INE253A01025,X,Active,Equity
500510,LT,Larsen & Toubro Limited,Larsen & Toubro Limited,INE018A01030,A,Active,Equity
500520,M&M,Mahindra & Mahindra Ltd.,Mahindra & Mahindra Ltd.,INE101A01026,A,Active,Equity
500530,BOSCHLTD,Bosch Ltd,Bosch Ltd,INE323A01026,A,Active,Equity
500540,PREMIER,Premier Limited,Premier Limited,INE342A01018,T,Active,Equity
500547,BPCL,Bharat Petroleum Corpn. Ltd.,Bharat Petroleum Corpn. Ltd.,INE029A01011,A,Active,Equity
500550,SIEMENS,Siemens Ltd.,Siemens Ltd.,INE003A01024,A,Active,Equity
500570,TMPV,TATA MOTORS PASSENGER VEHICLES LIMITED,TATA MOTORS PASSENGER VEHICLES LIMITED,INE155A01022,A,Active,Equity
500575,VOLTAS,Voltas Ltd.,Voltas Ltd.,INE226A01021,A,Active,Equity
500620,GESHIP,Great Eastern Shipping Co. Ltd.,Great Eastern Shipping Co. Ltd.,INE017A01032,A,Active,Equity
500645,DEEPAKFERT,Deepak Fertilizers &Petrochemicals,Deepak Fertilizers &Petrochemicals,INE501A01019,A,Active,Equity
500650,EXCELINDUS,Excell Industries Ltd.,Excell Industries Ltd.,INE369A01029,B,Active,Equity
500655,GRWRHITECH,GARWARE HI-TECH FILMS LIMITED,GARWARE HI-TECH FILMS LIMITED,INE291A01017,A,Active,Equity
500660,GLAXO,GlaxoSmithkline Pharmaceuticals Ltd.,GlaxoSmithkline Pharmaceuticals Ltd.,INE159A01016,A,Active,Equity
500670,GNFC,Gujarat Narmada Valley Fert.Co.Ltd,Gujarat Narmada Valley Fert.Co.Ltd,INE113A01013,A,Active,Equity
500672,NOVARTIND,Novartis India Limited.,Novartis India Limited.,INE234A01025,B,Active,Equity
500674,SANOFI,Sanofi India Ltd,Sanofi India Ltd,INE058A01010,A,Active,Equity
500680,PFIZER,Pfizer Ltd.,Pfizer Ltd.,INE182A01018,A,Active,Equity
500690,GSFC,Gujarat State Fertilizers & Chem.Ltd,Gujarat State Fertilizers & Chem.Ltd,INE026A01025,A,Active,Equity
500696,HINDUNILVR,Hindustan Unilever Ltd.,Hindustan Unilever Ltd.,INE030A01027,A,Active,Equity
500710,JSWDULUX,JSW Dulux Limited,JSW Dulux Limited,INE133A01011,A,Active,Equity
500730,NOCIL,NOCIL Ltd,NOCIL Ltd,INE163A01018,B,Active,Equity
500770,TATACHEM,Tata Chemicals Ltd,Tata Chemicals Ltd,INE092A01019,A,Active,Equity
500777,TNPETRO,Tamilnadu Petroproducts Ltd,Tamilnadu Petroproducts Ltd,INE148A01019,B,Active,Equity
500780,ZUARIIND,Zuari Industries Limited,Zuari Industries Limited,INE217A01012,B,Active,Equity
500790,NESTLEIND,Nestle India Ltd.,Nestle India Ltd.,INE239A01024,A,Active,Equity
500800,TATACONSUM,TATA CONSUMER PRODUCTS LIMITED,TATA CONSUMER PRODUCTS LIMITED,INE192A01025,A,Active,Equity
500820,ASIANPAINT,Asian Paints Ltd.,Asian Paints Ltd.,INE021A01026,A,Active,Equity
500825,BRITANNIA,Britannia Industries Ltd.,Britannia Industries Ltd.,INE216A01030,A,Active,Equity
500830,COLPAL,Colgate-Palmolive (India) Ltd.,Colgate-Palmolive (India) Ltd.,INE259A01022,A,Active,Equity
500840,EIHOTEL,EIH Ltd,EIH Ltd,INE230A01023,A,Active,Equity
500850,INDHOTEL,THE INDIAN HOTELS COMPANY LTD,THE INDIAN HOTELS COMPANY LTD,INE053A01029,A,Active,Equity
500870,CASTROLIND,Castrol India Ltd,Castrol India Ltd,INE172A01027,A,Active,Equity
500875,ITC,ITC Ltd,ITC Ltd,INE154A01025,A,Active,Equity
500877,APOLLOTYRE,Apollo Tyres Ltd,Apollo Tyres Ltd,INE438A01022,A,Active,Equity
500878,CEATLTD,Ceat Ltd.,Ceat Ltd.,INE482A01020,A,Active,Equity
500890,MODIRUBBER,Modi Rubber Ltd.,Modi Rubber Ltd.,INE832A01018,B,Active,Equity
500940,FINPIPE,Finolex Industries Ltd.,Finolex Industries Ltd.,INE183A01024,A,Active,Equity
501110,SUNRINV,Sunrise Industrial Traders Ltd.,Sunrise Industrial Traders Ltd.,INE371U01015,XT,Active,Equity
501111,ZGOLDINV,Gold Rock Investments Ltd.,Gold Rock Investments Ltd.,INE598F01014,XT,Active,Equity
501148,DSINVEST,Dalal Street Investments Ltd.,Dalal Street Investments Ltd.,INE422D01012,XT,Active,Equity
501150,CENTRUM,Centrum Capital Limited,Centrum Capital Limited,INE660C01027,B,Active,Equity
501151,KARTKIN,Kartik Investments Trust Ltd.,Kartik Investments Trust Ltd.,INE524U01019,XT,Active,Equity
501242,TCIFINANCE,TCI Finance Limited,TCI Finance Limited,INE911B01018,B,Active,Equity
501261,LORDSMARK,Lords Mark Industries Limited,Lords Mark Industries Limited,INE567L01025,XT,Active,Equity
501270,ANTARIKSH,ANTARIKSH INDUSTRIES LIMITED,ANTARIKSH INDUSTRIES LIMITED,INE825M01017,XT,Active,Equity
501295,IITL,Industrial Investment Trust Ltd.,Industrial Investment Trust Ltd.,INE886A01014,B,Active,Equity
501298,INDPRUD,Industrial & Prudential Inv. Co. Lt,Industrial & Prudential Inv. Co. Lt,INE620D01011,B,Active,Equity
501301,TATAINVEST,Tata Investment Corporation Ltd.,Tata Investment Corporation Ltd.,INE672A01026,A,Active,Equity
501311,JAYBHCR,Jayabharat Credit Ltd.,Jayabharat Credit Ltd.,INE998D01011,X,Active,Equity
501314,PRISMX,PRISMX GLOBAL VENTURES LIMITED,PRISMX GLOBAL VENTURES LIMITED,INE286N01028,B,Active,Equity
501343,MOTOGENFIN,Motor & General Finance (M.G.F.) Lt,Motor & General Finance (M.G.F.) Lt,INE861B01023,B,Active,Equity
501351,RAPIDIN,Rapid Investments Ltd.,Rapid Investments Ltd.,INE154M01012,X,Active,Equity
501370,WALCHPF,Walchand Peoplefirst Limited,Walchand Peoplefirst Limited,INE695D01021,X,Active,Equity
501386,EENTER,E and E ENTERPRISES LIMITED,E and E ENTERPRISES LIMITED,INE094R01019,XT,Active,Equity
501391,WHBRADY,W.H. Brady & Co. Ltd.,W.H. Brady & Co. Ltd.,INE855A01019,B,Active,Equity
501421,TECHNVISN,TechNVision Ventures Limited,TechNVision Ventures Limited,INE314H01012,B,Active,Equity
501423,SHAILY,Shaily Engineering Plastics Ltd.,Shaily Engineering Plastics Ltd.,INE151G01028,A,Active,Equity
501425,BBTC,The Bombay Burmah Trading Corporation Ltd.,The Bombay Burmah Trading Corporation Ltd.,INE050A01025,A,Active,Equity
501430,BOMBCYC,Bombay Cycle & Motor Agency Ltd.,Bombay Cycle & Motor Agency Ltd.,INE691K01017,X,Active,Equity
501455,GREAVESCOT,Greaves Cotton Ltd.,Greaves Cotton Ltd.,INE224A01026,A,Active,Equity
501477,MULLER,Muller & Phipps (India) Ltd.,Muller & Phipps (India) Ltd.,INE003F01015,X,Active,Equity
501479,SFTL,SPRINGFORM TECHNOLOGY LIMITED,SPRINGFORM TECHNOLOGY LIMITED,INE02ZA01012,P,Active,Equity
501700,INDIANVSH,India Nivesh Limited,India Nivesh Limited,INE131H01028,X,Active,Equity
501831,COASTCORP,Coastal Corporation Limited,Coastal Corporation Limited,INE377E01024,B,Active,Equity
501833,CHOWGULSTM,Chowgule Steamships Ltd.,Chowgule Steamships Ltd.,INE490A01015,X,Active,Equity
501848,GARWAOFFS,GARWARE OFFSHORE SERVICES LIMITED,GARWARE OFFSHORE SERVICES LIMITED,INE446C01013,X,Active,Equity
501945,DHENUBUILD,Dhenu Buildcon Infra Limited,Dhenu Buildcon Infra Limited,INE758D01027,Z,Active,Equity
502015,ASIIL,ASI INDUSTRIES LIMITED,ASI INDUSTRIES LIMITED,INE443A01030,X,Active,Equity
502090,SAGCEM,Sagar Cements Ltd,Sagar Cements Ltd,INE229C01021,B,Active,Equity
502137,DECCANCE,Deccan Cements Ltd.,Deccan Cements Ltd.,INE583C01021,B,Active,Equity
502157,MANGLMCEM,Mangalam Cement Ltd.,Mangalam Cement Ltd.,INE347A01017,B,Active,Equity
502168,NCLIND,NCL Industries Limited,NCL Industries Limited,INE732C01016,B,Active,Equity
502175,SAURASHCEM,Saurashtra Cement Limited,Saurashtra Cement Limited,INE626A01014,B,Active,Equity
502180,SHREDIGCEM,Shree Digvijay Cement Co. Ltd.,Shree Digvijay Cement Co. Ltd.,INE232A01011,B,Active,Equity
502219,BORORENEW,BOROSIL RENEWABLES LIMITED,BOROSIL RENEWABLES LIMITED,INE666D01022,A,Active,Equity
502250,LERTHAI,LERTHAI FINANCE LIMITED,LERTHAI FINANCE LIMITED,INE347D01011,XT,Active,Equity
502281,TRIVENIGQ,Triveni Glass Ltd.,Triveni Glass Ltd.,INE094C01011,XT,Active,Equity
502294,NILACHAL,Nilachal Refractories Ltd.,Nilachal Refractories Ltd.,INE416N01013,X,Active,Equity
502330,ANDHRAPAP,ANDHRA PAPER LIMITED,ANDHRA PAPER LIMITED,INE435A01051,B,Active,Equity
502355,BALKRISIND,Balkrishna Industries Ltd.,Balkrishna Industries Ltd.,INE787D01026,A,Active,Equity
502420,ORIENTPPR,Orient Paper & Industries Ltd.,Orient Paper & Industries Ltd.,INE592A01026,B,Active,Equity
502445,CITADEL,Citadel Realty And Developers Limited,Citadel Realty And Developers Limited,INE906D01014,X,Active,Equity
502448,ROLLT,Rollatainters Ltd.,Rollatainters Ltd.,INE927A01040,T,Active,Equity
502450,SESHAPAPER,Seshasayee Paper & Boards Ltd.,Seshasayee Paper & Boards Ltd.,INE630A01024,B,Active,Equity
502587,NATHIND,NATH INDUSTRIES LIMITED,NATH INDUSTRIES LIMITED,INE777A01023,X,Active,Equity
502589,VAPIENTER,VAPI ENTERPRISE LIMITED,VAPI ENTERPRISE LIMITED,INE464D01014,XT,Active,Equity
502820,DCM,DCM Ltd.,DCM Ltd.,INE498A01018,B,Active,Equity
502850,ZGAEKWAR,Gaekwar Mills Ltd.,Gaekwar Mills Ltd.,INE837X01027,X,Active,Equity
502865,FORBESCO,Forbes & Company Ltd,Forbes & Company Ltd,INE518A01013,X,Active,Equity
502873,HPCOTTON,H.P. Cotton Textile Mills Ltd.,H.P. Cotton Textile Mills Ltd.,INE950C01014,X,Active,Equity
502893,UNITEDINT,United Interactive Limited,United Interactive Limited,INE706D01018,X,Active,Equity
502901,JAMSHRI,JAMSHRI REALTY LIMITED,JAMSHRI REALTY LIMITED,INE462D01034,X,Active,Equity
502933,KATRSPG,Katare Spinning Mills Ltd.,Katare Spinning Mills Ltd.,INE498G01015,X,Active,Equity
502937,KESORAMIND,Kesoram Industries Ltd,Kesoram Industries Ltd,INE087A01019,A,Active,Equity
502958,LAKSHMIMIL,Lakshmi Mills Company ltd,Lakshmi Mills Company ltd,INE938C01019,B,Active,Equity
502986,VTL,Vardhman Textiles Limted,Vardhman Textiles Limted,INE825A01020,A,Active,Equity
503031,PENINLAND,Peninsula Land Limited,Peninsula Land Limited,INE138A01028,B,Active,Equity
503092,PASUSPG,Pasupati Spg. & Wvg. Mills Ltd.,Pasupati Spg. & Wvg. Mills Ltd.,INE909B01020,X,Active,Equity
503100,PHOENIXLTD,The Phoenix Mills Ltd.,The Phoenix Mills Ltd.,INE211B01039,A,Active,Equity
503101,MARATHON,Marathon Nextgen Realty Ltd,Marathon Nextgen Realty Ltd,INE182D01020,B,Active,Equity
503127,RAJABAH,Raja Bahadur International Ltd,Raja Bahadur International Ltd,INE491N01016,X,Active,Equity
503162,RELCHEMQ,Reliance Chemotex Industries Ltd.,Reliance Chemotex Industries Ltd.,INE750D01016,B,Active,Equity
503169,RUBYMILLS,Ruby Mills Ltd.,Ruby Mills Ltd.,INE301D01026,B,Active,Equity
503229,SIMPLXREA,Simplex Realty Limited,Simplex Realty Limited,INE167H01014,B,Active,Equity
503310,SWANCORP,Swan Corp Limited,Swan Corp Limited,INE665A01038,A,Active,Equity
503349,VICTMILL,Victoria Mills Ltd.,Victoria Mills Ltd.,INE203D01016,XT,Active,Equity
503622,ZSVTRADI,S.V. Trading & Agencies Ltd.,S.V. Trading & Agencies Ltd.,INE404N01019,XT,Active,Equity
503624,ZSVARAJT,Svaraj Trading & Agencies Ltd.,Svaraj Trading & Agencies Ltd.,INE406N01014,X,Active,Equity
503626,MANGLAM,Manglam Global Corporations Limited,Manglam Global Corporations Limited,INE733N01011,X,Active,Equity
503635,SALSAIN,Shree Salasar Investment Ltd.,Shree Salasar Investment Ltd.,INE315N01017,XT,Active,Equity
503639,APOLLOIN,Apollo Ingredients Limited,Apollo Ingredients Limited,INE314N01028,XT,Active,Equity
503641,ZODIACVEN,Zodiac Ventures Limited,Zodiac Ventures Limited,INE945J01027,X,Active,Equity
503657,VEERENRGY,Veer Energy & Infrastructure Limited,Veer Energy & Infrastructure Limited,INE255E01030,X,Active,Equity
503659,SW1,SW Investments Limited,SW Investments Limited,INE948K01011,XT,Active,Equity
503663,TILAK,Tilak Ventures Limited,Tilak Ventures Limited,INE026L01022,X,Active,Equity
503671,UNIJOLL,Unijolly Investments Co. Ltd.,Unijolly Investments Co. Ltd.,INE130N01010,XT,Active,Equity
503675,WAGEND,Wagend Infra Venture Limited,Wagend Infra Venture Limited,INE786K01023,X,Active,Equity
503681,ELCIDIN,Elcid Investments Ltd.,Elcid Investments Ltd.,INE927X01018,B,Active,Equity
503685,MEDIAONE,Mediaone Global Entertainment Limited,Mediaone Global Entertainment Limited,INE828I01019,Z,Active,Equity
503689,HEALINV,Healthy Investments Ltd.,Healthy Investments Ltd.,INE160N01017,XT,Active,Equity
503696,SHRENTI,Shreenath Investments Co. Ltd.,Shreenath Investments Co. Ltd.,INE475V01012,XT,Active,Equity
503722,BANSWRAS,Banswara Syntex Ltd.,Banswara Syntex Ltd.,INE629D01020,B,Active,Equity
503772,MODWOOL,Modella Woollens Ltd.,Modella Woollens Ltd.,INE380D01012,X,Active,Equity
503776,MODIPON,Modipon Ltd.,Modipon Ltd.,INE170C01019,X,Active,Equity
503804,SHRIDINE,Shri Dinesh Mills Ltd.,Shri Dinesh Mills Ltd.,INE204C01024,XT,Active,Equity
503806,SRF,SRF Ltd.,SRF Ltd.,INE647A01010,A,Active,Equity
503811,SIYSIL,Siyaram Silk Mills Ltd.,Siyaram Silk Mills Ltd.,INE076B01028,B,Active,Equity
503816,SWADPOL,Swadeshi Polytex Ltd.,Swadeshi Polytex Ltd.,INE243N01029,X,Active,Equity
503837,SHRAJSYNQ,Shree Rajasthan Syntex Ltd.,Shree Rajasthan Syntex Ltd.,INE796C01011,X,Active,Equity
503863,SHRMFGC,Shree Manufacturing Co. Ltd.,Shree Manufacturing Co. Ltd.,INE632A01012,X,Active,Equity
503893,ZSATYASL,Satyam Silk Mills Ltd,Satyam Silk Mills Ltd,INE07MC01015,XT,Active,Equity
503960,BBL,Bharat Bijlee Ltd.,Bharat Bijlee Ltd.,INE464A01036,B,Active,Equity
504000,ELPROINTL,Elpro International Ltd.,Elpro International Ltd.,INE579B01039,B,Active,Equity
504028,GEE,GEE Ltd.,GEE Ltd.,INE064H01021,XT,Active,Equity
504036,HIRECT,Hirect Limited,Hirect Limited,INE835D01023,B,Active,Equity
504058,NIPPOBATRY,Indo National Limited,Indo National Limited,INE567A01028,B,Active,Equity
504067,ZENSARTECH,Zensar Technologies Ltd.,Zensar Technologies Ltd.,INE520A01027,A,Active,Equity
504076,JYOTI,Jyoti Ltd.,Jyoti Ltd.,INE511D01012,X,Active,Equity
504080,JSLINDL,JSL Industries Ltd.,JSL Industries Ltd.,INE581L01018,X,Active,Equity
504084,KAYCEEI,Kaycee Industries Ltd.,Kaycee Industries Ltd.,INE813G01023,X,Active,Equity
504092,INDOKEM,Indokem Ltd,Indokem Ltd,INE716F01012,B,Active,Equity
504093,PANAENERG,Panasonic Energy India Co. Ltd.,Panasonic Energy India Co. Ltd.,INE795A01017,X,Active,Equity
504112,NELCO,Nelco Ltd,Nelco Ltd,INE045B01015,B,Active,Equity
504132,PERMAGN,Permanent Magnets Ltd.,Permanent Magnets Ltd.,INE418E01018,B,Active,Equity
504176,HIGHENE,High Energy Batteries (India) Ltd.,High Energy Batteries (India) Ltd.,INE783E01023,X,Active,Equity
504180,STDBAT,Standard Batteries Ltd.,Standard Batteries Ltd.,INE502C01039,X,Active,Equity
504212,UNIVCABLES,Universal Cables Ltd.,Universal Cables Ltd.,INE279A01012,B,Active,Equity
504220,WSI,W.S. Industries (India) Ltd.,W.S. Industries (India) Ltd.,INE100D01014,B,Active,Equity
504240,DLTNCBL,Delton Cables Ltd.,Delton Cables Ltd.,INE872E01016,XT,Active,Equity
504258,LAKSELEC,Lakshmi Electrical Control Systems,Lakshmi Electrical Control Systems,INE284C01018,X,Active,Equity
504273,MODULEX,MODULEX CONSTRUCTION TECHNOLOGIES LIMITED,MODULEX CONSTRUCTION TECHNOLOGIES LIMITED,INE064R01012,Z,Active,Equity
504286,DELTAMAGNT,DELTA MANUFACTURING LIMITED,DELTA MANUFACTURING LIMITED,INE393A01011,B,Active,Equity
504340,LONGSPUR,Longspur International Ventures Limited,Longspur International Ventures Limited,INE180M01033,X,Active,Equity
504341,RELTD,RAVINDRA ENERGY LIMITED,RAVINDRA ENERGY LIMITED,INE206N01018,B,Active,Equity
504351,EMPOWER,Empower India Limited,Empower India Limited,INE507F01023,B,Active,Equity
504356,ZMULTIPU,Multipurpose Trading & Agencies Ltd,Multipurpose Trading & Agencies Ltd,INE017P01014,X,Active,Equity
504365,RIDHISYN,Ridhi Synthetics Ltd.,Ridhi Synthetics Ltd.,INE07LK01010,XT,Active,Equity
504369,GRANDMA,Grandma Trading & Agencies Ltd.,Grandma Trading & Agencies Ltd.,INE927M01029,XT,Active,Equity
504370,ARDIALL,Ardi Alliances Limited,Ardi Alliances Limited,INE0LKP01014,XT,Active,Equity
504375,IDREAM,IDream Film Infrastructure Company Limited,IDream Film Infrastructure Company Limited,INE459E01012,P,Active,Equity
504378,NYSSACORP,Nyssa Corporation Limited,Nyssa Corporation Limited,INE812K01027,X,Active,Equity
504380,FLOMIC,FLOMIC GLOBAL LOGISTICS LIMITED,FLOMIC GLOBAL LOGISTICS LIMITED,INE952M01019,X,Active,Equity
504392,KRISHNA,Krishna Ventures Limited,Krishna Ventures Limited,INE537L01010,XT,Active,Equity
504397,GANHOLD,Ganesh Holding Ltd.,Ganesh Holding Ltd.,INE932M01011,XT,Active,Equity
504605,UNIABEXAL,Uni-Abex Alloy Products Ltd.,Uni-Abex Alloy Products Ltd.,INE361D01012,X,Active,Equity
504614,SARDAEN,Sarda Energy & Minerals Ltd,Sarda Energy & Minerals Ltd,INE385C01021,A,Active,Equity
504646,BGWTATO,Bhagwati Autocast Limited,Bhagwati Autocast Limited,INE106G01014,XT,Active,Equity
504648,BOMBWIR,Bombay Wire Ropes Ltd.,Bombay Wire Ropes Ltd.,INE089T01023,X,Active,Equity
504697,GALADA,Galada Power & Communication Ltd.,Galada Power & Communication Ltd.,INE255C01026,XT,Active,Equity
504731,AZADIND,AZAD INDIA MOBILITY LIMITED,AZAD INDIA MOBILITY LIMITED,INE566M01017,B,Active,Equity
504741,INDIANHUME,Indian Hume Pipe Co. Ltd.,Indian Hume Pipe Co. Ltd.,INE323C01030,B,Active,Equity
504746,INLCM,Indian Link Chain Mnfrs. Ltd.,Indian Link Chain Mnfrs. Ltd.,INE359D01024,X,Active,Equity
504786,INVPRECQ,Investment & Precision Castings Ltd,Investment & Precision Castings Ltd,INE155E01016,T,Active,Equity
504810,INFORTEC,Informed Technologies India Ltd.,Informed Technologies India Ltd.,INE123E01014,X,Active,Equity
504840,KAIRA,Kaira Can Co. Ltd.,Kaira Can Co. Ltd.,INE375D01012,X,Active,Equity
504879,ORIENTCER,ORIENT CERATECH LIMITED,ORIENT CERATECH LIMITED,INE569C01020,B,Active,Equity
504882,NATIONSTD,National Standard (India) Limited,National Standard (India) Limited,INE166R01015,B,Active,Equity
504903,RATHIST,Rathi Steel & Power Ltd,Rathi Steel & Power Ltd,INE336C01016,XT,Active,Equity
504908,DUNCANENG,Duncan Engineering Limited,Duncan Engineering Limited,INE340F01011,X,Active,Equity
504918,SANDUMA,Sandur Manganese & Iron Ores Ltd.,Sandur Manganese & Iron Ores Ltd.,INE149K01016,A,Active,Equity
504959,STOVACQ,Stovec Industries Ltd.,Stovec Industries Ltd.,INE755D01015,X,Active,Equity
504973,CHOLAHLDNG,CHOLAMANDALAM FINANCIAL HOLDINGS LIMITED,CHOLAMANDALAM FINANCIAL HOLDINGS LIMITED,INE149A01033,A,Active,Equity
504988,ZWELCAST,Welcast Steels Ltd.,Welcast Steels Ltd.,INE380G01015,X,Active,Equity
504998,WMINIMT,Western Ministil Ltd.,Western Ministil Ltd.,INE187U01015,P,Active,Equity
505010,AUTOAXLES,Automotive Axles Ltd.,Automotive Axles Ltd.,INE449A01011,B,Active,Equity
505029,ATLASCYCLE,Atlas Cycles (Haryana) Ltd.,Atlas Cycles (Haryana) Ltd.,INE446A01025,B,Active,Equity
505036,ACGL,Automobile Corpn. of Goa Ltd.,Automobile Corpn. of Goa Ltd.,INE451C01013,B,Active,Equity
505075,SETCO,Setco Automotive Limited,Setco Automotive Limited,INE878E01021,T,Active,Equity
505160,TALBROAUTO,Talbros Automotive Components Ltd.,Talbros Automotive Components Ltd.,INE187D01029,B,Active,Equity
505163,ZFSTEERING,Z.F. Steering Gear (India) Limited,Z.F. Steering Gear (India) Limited,INE116C01012,B,Active,Equity
505192,SMLMAH,SML Mahindra Limited,SML Mahindra Limited,INE294B01019,A,Active,Equity
505196,TIL,TIL Ltd.,TIL Ltd.,INE806C01018,T,Active,Equity
505200,EICHERMOT,Eicher Motors Ltd.,Eicher Motors Ltd.,INE066A01021,A,Active,Equity
505212,JAINEX,JAINEX AAMCOL LTD.,JAINEX AAMCOL LTD.,INE280F01019,XT,Active,Equity
505216,ALFREDHE,Alfred Herbert (India) Ltd.,Alfred Herbert (India) Ltd.,INE782D01027,B,Active,Equity
505232,VELJAN,Veljan Denison Limited,Veljan Denison Limited,INE232E01013,T,Active,Equity
505242,DYNAMATECH,Dynamatic Technologies Ltd.,Dynamatic Technologies Ltd.,INE221B01012,A,Active,Equity
505250,GGDPROP,G. G. Dandekar Properties Limited,G. G. Dandekar Properties Limited,INE631D01026,X,Active,Equity
505255,GMMPFAUDLR,GMM Pfaudler Ltd.,GMM Pfaudler Ltd.,INE541A01023,A,Active,Equity
505283,KIRLPNU,Kirloskar Pneumatic Co.Ltd.,Kirloskar Pneumatic Co.Ltd.,INE811A01038,A,Active,Equity
505299,KPT,KPT INDUSTRIES LIMITED,KPT INDUSTRIES LIMITED,INE731D01024,X,Active,Equity
505302,LAKSHMIEW,LAKSHMI ENGINEERING AND WAREHOUSING LIMITED,LAKSHMI ENGINEERING AND WAREHOUSING LIMITED,INE718M01022,X,Active,Equity
505324,MANUGRAPH,Manugraph India Ltd,Manugraph India Ltd,INE867A01022,T,Active,Equity
505336,HARSHILAGR,HARSHIL AGROTECH LIMITED,HARSHIL AGROTECH LIMITED,INE098E01026,XT,Active,Equity
505343,MONOT,Monotype India Ltd.,Monotype India Ltd.,INE811D01024,X,Active,Equity
505355,NESCO,Nesco Ltd,Nesco Ltd,INE317F01035,A,Active,Equity
505358,INTEGRAEN,Integra Engineering India Ltd.,Integra Engineering India Ltd.,INE984B01023,X,Active,Equity
505368,SEMAC,Semac Construction Limited,Semac Construction Limited,INE617A01013,B,Active,Equity
505400,TEXINFRA,Texmaco Infrastructure & Holdings Ltd,Texmaco Infrastructure & Holdings Ltd,INE435C01024,B,Active,Equity
505412,WENDT,Wendt (India) Ltd.,Wendt (India) Ltd.,INE274C01019,B,Active,Equity
505502,PSITINFRA,PS IT Infrastructure & Services Limited,PS IT Infrastructure & Services Limited,INE953M01033,XT,Active,Equity
505504,GHVINFRA,GHV INFRA PROJECTS LIMITED,GHV INFRA PROJECTS LIMITED,INE809Q01020,T,Active,Equity
505509,RESPONIND,Responsive Industries Ltd,Responsive Industries Ltd,INE688D01026,B,Active,Equity
505515,SHYMINV,Shyamkamal Investments Ltd.,Shyamkamal Investments Ltd.,INE203N01015,X,Active,Equity
505520,ZHEMHOLD,HEM Holdings and Trading Ltd.,HEM Holdings and Trading Ltd.,INE721U01011,XT,Active,Equity
505523,MAHACORP,Maharashtra Corporation Ltd.,Maharashtra Corporation Ltd.,INE272E01027,X,Active,Equity
505526,DOLATALGO,DOLAT ALGOTECH LIMITED,DOLAT ALGOTECH LIMITED,INE966A01022,B,Active,Equity
505533,WESTLIFE,WESTLIFE FOODWORLD LIMITED,WESTLIFE FOODWORLD LIMITED,INE274F01020,A,Active,Equity
505537,ZEEL,Zee Entertainment Enterprises Ltd.,Zee Entertainment Enterprises Ltd.,INE256A01028,A,Active,Equity
505585,ZKOVALIN,Kovalam Inv. & Trading Co.Ltd.,Kovalam Inv. & Trading Co.Ltd.,INE735U01011,X,Active,Equity
505590,SVPGLOB,SVP GLOBAL TEXTILES LIMITED,SVP GLOBAL TEXTILES LIMITED,INE308E01029,B,Active,Equity
505594,MULTIIN,Multiplus Holdings Ltd.,Multiplus Holdings Ltd.,INE886E01016,XT,Active,Equity
505650,SKYLMILAR,Skyline Millars Ltd,Skyline Millars Ltd,INE178E01026,X,Active,Equity
505681,BIMETAL,Bimetal Bearings Ltd,Bimetal Bearings Ltd,INE469A01019,B,Active,Equity
505685,TAPARIA,Taparia Tools Ltd.,Taparia Tools Ltd.,INE614R01014,XT,Active,Equity
505688,BHARATGEAR,Bharat Gears Ltd.,Bharat Gears Ltd.,INE561C01019,T,Active,Equity
505690,BRADYM,Brady & Morris Engineering Co. Ltd.,Brady & Morris Engineering Co. Ltd.,INE856A01017,X,Active,Equity
505693,LATIMMETAL,La Tim Metal & Industries Limited,La Tim Metal & Industries Limited,INE501N01020,X,Active,Equity
505700,ELECON,Elecon Engineering Co.Ltd.,Elecon Engineering Co.Ltd.,INE205B01031,A,Active,Equity
505710,GRAUWEIL,Grauer & Weil (India) Ltd.,Grauer & Weil (India) Ltd.,INE266D01021,B,Active,Equity
505712,HIMTEK,HIM TEKNOFORGE LIMITED,HIM TEKNOFORGE LIMITED,INE705G01021,XT,Active,Equity
505714,GABRIEL,Gabriel India Ltd.,Gabriel India Ltd.,INE524A01029,A,Active,Equity
505720,HERCULES,Hercules Investments Limited,Hercules Investments Limited,INE688E01024,X,Active,Equity
505725,ALGOQUANT,ALGOQUANT FINTECH LIMITED,ALGOQUANT FINTECH LIMITED,INE598D01035,B,Active,Equity
505726,IFBIND,IFB Industries Limited,IFB Industries Limited,INE559A01017,B,Active,Equity
505729,SINGERIND,Singer India Limited,Singer India Limited,INE638A01035,B,Active,Equity
505737,INTLCOMBQ,International Combustion (India) Lt,International Combustion (India) Lt,INE403C01014,X,Active,Equity
505744,FMGOETZE,Federal-Mogul Goetze (India) Ltd,Federal-Mogul Goetze (India) Ltd,INE529A01010,B,Active,Equity
505750,JOSTS,Josts Engineering Co. Ltd.,Josts Engineering Co. Ltd.,INE636D01041,X,Active,Equity
505790,SCHAEFFLER,Schaeffler India Limited,Schaeffler India Limited,INE513A01022,A,Active,Equity
505797,MPCOSEMB,Mipco Seamless Rings (Gujarat) Ltd.,Mipco Seamless Rings (Gujarat) Ltd.,INE860N01012,X,Active,Equity
505800,RANEHOLDIN,Rane Holdings Ltd.,Rane Holdings Ltd.,INE384A01010,B,Active,Equity
505807,ROLCOEN,Rolcon Engineering Co. Ltd.,Rolcon Engineering Co. Ltd.,INE775R01013,P,Active,Equity
505827,SNL,SNL Bearings Ltd.,SNL Bearings Ltd.,INE568F01017,X,Active,Equity
505840,JAIPAN,Jaipan Industries Ltd,Jaipan Industries Ltd,INE058D01030,XT,Active,Equity
505850,MANCREDIT,Mangal Credit and Fincorp Limited,Mangal Credit and Fincorp Limited,INE545L01039,B,Active,Equity
505854,TRF,TRF Ltd,TRF Ltd,INE391D01019,B,Active,Equity
505872,WPIL,WPIL Ltd,WPIL Ltd,INE765D01022,B,Active,Equity
505890,KENNAMET,Kennametal India Limtied,Kennametal India Limtied,INE717A01029,B,Active,Equity
505893,HINDHARD,HINDUSTAN HARDY LIMITED,HINDUSTAN HARDY LIMITED,INE724D01011,X,Active,Equity
505978,TRITONV,Triton Valves Ltd.,Triton Valves Ltd.,INE440G01017,B,Active,Equity
506003,SUDAI,Sudal Industries Limited,Sudal Industries Limited,INE618D01015,X,Active,Equity
506022,PRAKASH,Prakash Industries Ltd.,Prakash Industries Ltd.,INE603A01013,B,Active,Equity
506024,HVL,HARIYANA VENTURES LIMITED,HARIYANA VENTURES LIMITED,INE219D01012,ZP,Active,Equity
506042,ZPRBHSTE,Prabhu Steel Industries Ltd.,Prabhu Steel Industries Ltd.,INE821R01015,XT,Active,Equity
506074,ARSHIYA,Arshiya Limited,Arshiya Limited,INE968D01022,Z,Active,Equity
506076,GRINDWELL,Grindwell Norton Ltd.,Grindwell Norton Ltd.,INE536A01023,A,Active,Equity
506079,LAKPRE,Lakshmi Precision Screws Ltd.,Lakshmi Precision Screws Ltd.,INE651C01018,Z,Active,Equity
506105,STANROS,Stanrose Mafatlal Investments & Fin,Stanrose Mafatlal Investments & Fin,INE441L01015,X,Active,Equity
506109,GENESYS,Genesys International Corporation Ltd.,Genesys International Corporation Ltd.,INE727B01026,B,Active,Equity
506120,ALNATRD,Alna Trading & Exports Ltd.,Alna Trading & Exports Ltd.,INE07I701011,P,Active,Equity
506122,VOLKAI,Kairosoft AI Solutions Limited,Kairosoft AI Solutions Limited,INE820M01026,XT,Active,Equity
506128,PARNAXLAB,Parnax Lab Limited,Parnax Lab Limited,INE383L01019,B,Active,Equity
506134,GOURMET,GOURMET GATEWAY INDIA LIMITED,GOURMET GATEWAY INDIA LIMITED,INE512D01028,XT,Active,Equity
506146,VIVIDHA,Visagar Polytex Ltd,Visagar Polytex Ltd,INE370E01029,B,Active,Equity
506161,ISHWATR,Ishwarshakti Holdings & Traders Ltd,Ishwarshakti Holdings & Traders Ltd,INE073I01012,XT,Active,Equity
506162,TERRAFORM,Terraform Magnum Limited,Terraform Magnum Limited,INE122V01010,P,Active,Equity
506166,APIS,Apis India Ltd,Apis India Ltd,INE070K01014,X,Active,Equity
506178,VELOX,Velox Shipping and Logistics Limited,Velox Shipping and Logistics Limited,INE092P01017,XT,Active,Equity
506180,EMERGENT,EMERGENT INDUSTRIAL SOLUTIONS LIMITED,EMERGENT INDUSTRIAL SOLUTIONS LIMITED,INE668L01013,XT,Active,Equity
506184,KANANIIND,Kanani Industries Ltd,Kanani Industries Ltd,INE879E01037,B,Active,Equity
506186,GSLTD,GALAXY SUPERMARKET LIMITED,GALAXY SUPERMARKET LIMITED,INE403B01016,X,Active,Equity
506190,ZSARVAMA,Sarvamangal Mercantile Co. Ltd.,Sarvamangal Mercantile Co. Ltd.,INE978L01016,XT,Active,Equity
506194,ARIHANTSUP,Arihant Superstructures Limited,Arihant Superstructures Limited,INE643K01018,B,Active,Equity
506196,VIKSHEN,Viksit Engineering Ltd,Viksit Engineering Ltd,INE965V01020,XT,Active,Equity
506197,BLISSGVS,Bliss GVS Pharma Limited,Bliss GVS Pharma Limited,INE416D01022,T,Active,Equity
506222,STYRENIX,Styrenix Performance Materials Limited,Styrenix Performance Materials Limited,INE189B01011,B,Active,Equity
506235,ALEMBICLTD,Alembic  Ltd,Alembic  Ltd,INE426A01027,B,Active,Equity
506248,AMNPLST,Amines & Plasticizers Ltd,Amines & Plasticizers Ltd,INE275D01022,B,Active,Equity
506260,ANUHPHR,Anuh Pharma Ltd.,Anuh Pharma Ltd.,INE489G01022,B,Active,Equity
506261,MODISONLTD,MODISON LIMITED,MODISON LIMITED,INE737D01021,T,Active,Equity
506285,BAYERCROP,Bayer CropScience Limited.,Bayer CropScience Limited.,INE462A01022,A,Active,Equity
506313,SASHWAT,Sashwat Technocrats Limited,Sashwat Technocrats Limited,INE789D01014,P,Active,Equity
506365,STARSOURCE,STARSOURCE MULTITRADE LIMITED,STARSOURCE MULTITRADE LIMITED,INE320M01019,X,Active,Equity
506390,SUDARCOLOR,Sudarshan Colorants India Limited,Sudarshan Colorants India Limited,INE492A01029,B,Active,Equity
506395,COROMANDEL,Coromandel International Limited,Coromandel International Limited,INE169A01031,A,Active,Equity
506401,DEEPAKNTR,Deepak Nitrite Limited,Deepak Nitrite Limited,INE288B01029,A,Active,Equity
506405,DMCC,DMCC SPECIALITY CHEMICALS LIMITED,DMCC SPECIALITY CHEMICALS LIMITED,INE505A01010,B,Active,Equity
506414,FERMENTA,FERMENTA BIOTECH LIMITED,FERMENTA BIOTECH LIMITED,INE225B01021,B,Active,Equity
506480,GOCLCORP,GOCL Corporation Limited,GOCL Corporation Limited,INE077F01035,B,Active,Equity
506520,JAYCH,Jayshree Chemicals Ltd.,Jayshree Chemicals Ltd.,INE693E01016,X,Active,Equity
506525,KANORICHEM,Kanoria Chemicals & Industries Ltd.,Kanoria Chemicals & Industries Ltd.,INE138C01024,T,Active,Equity
506528,KELENRG,Keltech Energies Ltd.,Keltech Energies Ltd.,INE881E01017,XT,Active,Equity
506530,KEMP,Kemp & Company Limited,Kemp & Company Limited,INE060E01018,X,Active,Equity
506532,NITTAGELA,Nitta Gelatin India Ltd,Nitta Gelatin India Ltd,INE265B01019,B,Active,Equity
506543,MPAGI,M.P. Agro Industries Ltd.,M.P. Agro Industries Ltd.,INE468C01017,XT,Active,Equity
506579,AGVENTURES,AG VENTURES LIMITED,AG VENTURES LIMITED,INE321D01016,X,Active,Equity
506580,PBGLOBAL,PB Global Limited,PB Global Limited,INE615W01011,XT,Active,Equity
506590,PCBL,PCBL Chemical Limited,PCBL Chemical Limited,INE602A01031,A,Active,Equity
506597,AMAL,Amal Ltd,Amal Ltd,INE841D01013,B,Active,Equity
506605,POLYCHEM,Polychem Ltd,Polychem Ltd,INE752B01024,X,Active,Equity
506618,PUNJABCHEM,Punjab Chemicals and Crop Protection Ltd.,Punjab Chemicals and Crop Protection Ltd.,INE277B01014,B,Active,Equity
506640,ZR2,ZR2 BIOENERGY LIMITED,ZR2 BIOENERGY LIMITED,INE218N01021,X,Active,Equity
506642,SADHNANIQ,Sadhana Nitrochem Ltd.,Sadhana Nitrochem Ltd.,INE888C01040,T,Active,Equity
506655,SUDARSCHEM,Sudarshan Chemical Indus. Ltd.,Sudarshan Chemical Indus. Ltd.,INE659A01023,A,Active,Equity
506680,TECILCHEM,Tecil Chemicals & Hydro Power Limit,Tecil Chemicals & Hydro Power Limit,INE014B01011,B,Active,Equity
506685,ULTRAMAR,Ultramarine & Pigments Ltd.,Ultramarine & Pigments Ltd.,INE405A01021,B,Active,Equity
506687,TRANSPEK,Transpek Industry Ltd.,Transpek Industry Ltd.,INE687A01016,T,Active,Equity
506690,UNICHEMLAB,Unichem Laboratories Ltd.,Unichem Laboratories Ltd.,INE351A01035,B,Active,Equity
506734,MYSORPETRO,Mysore Petro Chemicals Ltd.,Mysore Petro Chemicals Ltd.,INE741A01011,T,Active,Equity
506767,ALKYLAMINE,Alkyl Amines Chemicals Ltd.,Alkyl Amines Chemicals Ltd.,INE150B01039,A,Active,Equity
506808,TUTIALKA,TUTICORIN ALKALI CHEMICALS AND FERTILIZERS LIMITED,TUTICORIN ALKALI CHEMICALS AND FERTILIZERS LIMITED,INE400A01014,B,Active,Equity
506820,ASTRAZEN,AstraZeneca Pharma India Ltd.,AstraZeneca Pharma India Ltd.,INE203A01020,A,Active,Equity
506852,PRIMO,Primo Chemicals Limited,Primo Chemicals Limited,INE607A01022,B,Active,Equity
506854,TANFACIND,TANFAC Industries Ltd.,TANFAC Industries Ltd.,INE639B01023,B,Active,Equity
506858,GUJPETR,Gujarat Petrosynthese Ltd.,Gujarat Petrosynthese Ltd.,INE636P01011,X,Active,Equity
506863,SWADEIN,Swadeshi Industries Leasing Co. Ltd,Swadeshi Industries Leasing Co. Ltd,INE716M01034,X,Active,Equity
506879,GUJTHEM,Gujarat Themis Biosyn Ltd.,Gujarat Themis Biosyn Ltd.,INE942C01045,B,Active,Equity
506906,SCBL,Saptak Chem And Business Limited,Saptak Chem And Business Limited,INE467X01023,XT,Active,Equity
506919,MAKERSL,Makers Laboratories Ltd.,Makers Laboratories Ltd.,INE987A01010,B,Active,Equity
506935,CONTCHM,Continental Chemicals Ltd.,Continental Chemicals Ltd.,INE423K01015,X,Active,Equity
506945,IGLFXPL-B,Indo Gulf Industries  Ltd.,Indo Gulf Industries  Ltd.,INE684U01011,P,Active,Equity
506947,ADVPETR-B,Advance Petrochemicals Ltd.,Advance Petrochemicals Ltd.,INE334N01018,XT,Active,Equity
506975,RAJSPTR,Rajasthan Petro Synthetics Ltd.,Rajasthan Petro Synthetics Ltd.,INE374C01017,P,Active,Equity
506979,APTPACK,Apt Packaging Ltd,Apt Packaging Ltd,INE046E01025,X,Active,Equity
506981,BLUECHIPT,Blue Chip Tex Industries Ltd.,Blue Chip Tex Industries Ltd.,INE472D01017,X,Active,Equity
507155,JAGAJITIND,Jagatjit Industries Ltd.,Jagatjit Industries Ltd.,INE574A01016,X,Active,Equity
507180,KESARENT,Kesar Enterprises Ltd.,Kesar Enterprises Ltd.,INE133B01027,XT,Active,Equity
507205,TI,Tilaknagar Industries Ltd,Tilaknagar Industries Ltd,INE133E01013,A,Active,Equity
507265,EMERALL,Emerald Leisures Limited,Emerald Leisures Limited,INE044N01021,XT,Active,Equity
507300,RAVALSUGAR,The Ravalgaon Sugar Farm Limited,The Ravalgaon Sugar Farm Limited,INE615A01025,X,Active,Equity
507315,SAKHTISUG,Sakthi Sugars Ltd.,Sakthi Sugars Ltd.,INE623A01011,B,Active,Equity
507410,WALCHANNAG,Walchandnagar Industries Ltd,Walchandnagar Industries Ltd,INE711A01022,B,Active,Equity
507438,IFBAGRO,IFB Agro Industries Ltd,IFB Agro Industries Ltd,INE076C01018,B,Active,Equity
507474,KFBL,Kothari Fermanatation & Biochem Ltd,Kothari Fermanatation & Biochem Ltd,INE991B01010,X,Active,Equity
507486,CAPRO,Caprolactam Chemicals ltd.,Caprolactam Chemicals ltd.,INE470N01010,X,Active,Equity
507488,GMBREW,G.M. Breweries Ltd.,G.M. Breweries Ltd.,INE075D01018,B,Active,Equity
507490,RANASUG,Rana Sugars Ltd.,Rana Sugars Ltd.,INE625B01014,B,Active,Equity
507498,PICCASUG,Piccadily Sugar  & Allied Ltd.,Piccadily Sugar  & Allied Ltd.,INE544C01023,X,Active,Equity
507514,SDBL,Som Distilleries & Breweries Ltd.,Som Distilleries & Breweries Ltd.,INE480C01038,B,Active,Equity
507515,CJGEL,C.J. Gelatine Products Ltd.,C.J. Gelatine Products Ltd.,INE557D01015,X,Active,Equity
507526,ASALCBR,Associated Alcohols & Breweries Ltd,Associated Alcohols & Breweries Ltd,INE073G01016,B,Active,Equity
507530,THAKKERS,THAKKERS GROUP LIMITED,THAKKERS GROUP LIMITED,INE04VT01017,X,Active,Equity
507543,CORAGRO,Coromandel Agro Products & Oils Ltd,Coromandel Agro Products & Oils Ltd,INE495D01018,P,Active,Equity
507552,FOODSIN,Foods & Inns Ltd.,Foods & Inns Ltd.,INE976E01023,B,Active,Equity
507580,IVP,IVP Ltd.,IVP Ltd.,INE043C01018,T,Active,Equity
507598,KLRFM,KOVILPATTI LAKSHMI ROLLER FLOUR MILLS  LTD,KOVILPATTI LAKSHMI ROLLER FLOUR MILLS  LTD,INE014E01015,X,Active,Equity
507609,OLYOI,Olympic Oil Industries Ltd.,Olympic Oil Industries Ltd.,INE286E01019,X,Active,Equity
507621,MLKFOOD,Milkfood Ltd.,Milkfood Ltd.,INE588G01021,B,Active,Equity
507645,POLSON,Polson Ltd.,Polson Ltd.,INE339F01021,X,Active,Equity
507663,SIGNGCL,SIGNATURE GREEN CORPORATION LIMITED,SIGNATURE GREEN CORPORATION LIMITED,INE131O01024,X,Active,Equity
507685,WIPRO,Wipro  Ltd.,Wipro  Ltd.,INE075A01022,A,Active,Equity
507690,ORIBEVER,Orient Beverages Ltd.,Orient Beverages Ltd.,INE247F01018,X,Active,Equity
507717,DHANUKA,Dhanuka Agritech Ltd.,Dhanuka Agritech Ltd.,INE435G01025,B,Active,Equity
507747,TTKHLTCARE,TTK Healthcare Ltd.,TTK Healthcare Ltd.,INE910C01018,B,Active,Equity
507753,TGVSL,TGV SRAAC LIMITED,TGV SRAAC LIMITED,INE284B01028,B,Active,Equity
507759,LIMECHM,Lime Chemicals Ltd.,Lime Chemicals Ltd.,INE891G01011,X,Active,Equity
507779,KANPRPLA,Kanpur Plastipack Limited,Kanpur Plastipack Limited,INE694E01014,B,Active,Equity
507785,TAINWALCHM,Tainwala Chemicals & Plastics Ltd,Tainwala Chemicals & Plastics Ltd,INE123C01018,B,Active,Equity
507789,JAGSNPHARM,Jagsonpal Pharmaceuticals Limited,Jagsonpal Pharmaceuticals Limited,INE048B01035,B,Active,Equity
507794,KHAICHEM,Khaitan Chemicals & Fertilizers Ltd,Khaitan Chemicals & Fertilizers Ltd,INE745B01028,B,Active,Equity
507808,UNTTEMI,United Leasing & Industries Ltd,United Leasing & Industries Ltd,INE357P01014,P,Active,Equity
507813,NOL,National Oxygen Ltd.,National Oxygen Ltd.,INE296D01010,X,Active,Equity
507815,GILLETTE,Gillette India Ltd.,Gillette India Ltd.,INE322A01010,A,Active,Equity
507817,WIREFABR,Wires & Fabriks (SA) Ltd.,Wires & Fabriks (SA) Ltd.,INE469D01013,X,Active,Equity
507828,ANSALHSG,ANSAL HOUSING LIMITED,ANSAL HOUSING LIMITED,INE880B01015,X,Active,Equity
507833,COMPUPN,Computer Point Ltd.,Computer Point Ltd.,INE607B01012,X,Active,Equity
507836,MCCHRLS-B,Mac Charles (India) Ltd.,Mac Charles (India) Ltd.,INE435D01014,B,Active,Equity
507852,ADDIND,Addi Industries Ltd.,Addi Industries Ltd.,INE757C01021,B,Active,Equity
507864,PIONRINV,Pioneer Investcorp Ltd,Pioneer Investcorp Ltd,INE746D01014,T,Active,Equity
507872,ASHNOOR,Ashnoor Textiles Mills Ltd.,Ashnoor Textiles Mills Ltd.,INE372I01018,X,Active,Equity
507878,UNITECH,Unitech Ltd.,Unitech Ltd.,INE694A01020,B,Active,Equity
507880,VIPIND,V.I.P. Industries Ltd.,V.I.P. Industries Ltd.,INE054A01027,A,Active,Equity
507910,FIBERWEB,FIBERWEB (INDIA) LTD.,FIBERWEB (INDIA) LTD.,INE296C01020,B,Active,Equity
507912,GYFTR,GYFTR LIMITED,GYFTR LIMITED,INE724A01017,B,Active,Equity
507917,EASTBUILD,East Buildtech Limited,East Buildtech Limited,INE706N01017,XT,Active,Equity
507938,MNPLFIN,Manipal Finance Corporation Ltd.,Manipal Finance Corporation Ltd.,INE798E01013,P,Active,Equity
507944,BAJAJST,Bajaj Steel Industries Ltd.,Bajaj Steel Industries Ltd.,INE704G01024,B,Active,Equity
507946,KIDUJA,Kiduja  India  Ltd,Kiduja  India  Ltd,INE845A01028,X,Active,Equity
507948,KEYCORP,Key Corp Ltd,Key Corp Ltd,INE130F01016,X,Active,Equity
507952,SHIKHARLETR,Shikhar Leasing and Trading Ltd.,Shikhar Leasing and Trading Ltd.,INE02BV01019,XT,Active,Equity
507960,GUJHOTE,Gujarat Hotels Ltd.,Gujarat Hotels Ltd.,INE621C01011,X,Active,Equity
507962,FYNX,FYNX CAPITAL LIMITED,FYNX CAPITAL LIMITED,INE455H01021,XT,Active,Equity
507966,RASRESOR,Ras Resorts & Apart Hotels Ltd.,Ras Resorts & Apart Hotels Ltd.,INE651D01016,X,Active,Equity
507968,JOLYPLS,Jolly Plastic Industries Ltd.,Jolly Plastic Industries Ltd.,INE289M01016,X,Active,Equity
507970,PARMCOS-B,Paramount Cosmetics (India) Ltd,Paramount Cosmetics (India) Ltd,INE143I01013,X,Active,Equity
507981,JINDHOT,Jindal Hotels Ltd.,Jindal Hotels Ltd.,INE726D01016,X,Active,Equity
507987,JPTRLES,Jupiter Industries & Leasing Ltd.,Jupiter Industries & Leasing Ltd.,INE990E01016,P,Active,Equity
507998,SIMMOND,Simmonds-Marshall Ltd,Simmonds-Marshall Ltd,INE657D01021,X,Active,Equity
508136,BNALTD,B & A Ltd.,B & A Ltd.,INE489D01011,T,Active,Equity
508486,HAWKINCOOK,Hawkins Cooker Ltd.,Hawkins Cooker Ltd.,INE979B01015,B,Active,Equity
508494,WARRENTEA,Warren Tea Ltd.,Warren Tea Ltd.,INE712A01012,X,Active,Equity
508571,COCHMAL,Cochin Malabar Estates & Indus. Ltd,Cochin Malabar Estates & Indus. Ltd,INE788M01017,X,Active,Equity
508664,BESTEAST,Best Eastern Hotels Limited,Best Eastern Hotels Limited,INE553F01035,XT,Active,Equity
508670,NEAGI,Neelamalai Agro Industries Ltd.,Neelamalai Agro Industries Ltd.,INE605D01012,B,Active,Equity
508807,ISTLTD,IST Limited,IST Limited,INE684B01029,B,Active,Equity
508814,COSMOFIRST,Cosmo First Limited,Cosmo First Limited,INE757A01017,B,Active,Equity
508867,NEWMKTAVE,NEW MARKETS AVENUE LIMITED,NEW MARKETS AVENUE LIMITED,INE800K01014,XT,Active,Equity
508869,APOLLOHOSP,Apollo Hospitals Enterprises Ltd.,Apollo Hospitals Enterprises Ltd.,INE437A01024,A,Active,Equity
508875,NITINCAST,Nitin Castings Limited,Nitin Castings Limited,INE861H01020,XT,Active,Equity
508905,NEXOME,NEXOME CAPITAL MARKETS LIMITED,NEXOME CAPITAL MARKETS LIMITED,INE641A01013,X,Active,Equity
508906,EVERESTIND,Everest Industries Ltd.,Everest Industries Ltd.,INE295A01018,T,Active,Equity
508918,IRONWOOD,IRONWOOD EDUCATION LIMITED,IRONWOOD EDUCATION LIMITED,INE791H01011,X,Active,Equity
508933,AYMSYNTEX,AYM Syntex Limited,AYM Syntex Limited,INE193B01039,B,Active,Equity
508941,PANCARBON,Panasonic Carbon India Co.Ltd,Panasonic Carbon India Co.Ltd,INE013E01017,X,Active,Equity
508954,FINKURVE,Finkurve Financial Services Limited,Finkurve Financial Services Limited,INE734I01027,B,Active,Equity
508956,HBLEAS,HB Leasing & Finance Co. Ltd.,HB Leasing & Finance Co. Ltd.,INE549B01016,X,Active,Equity
508961,SHRICON,Shricon Industries Ltd.,Shricon Industries Ltd.,INE753D01010,XT,Active,Equity
508963,TRUSTWAVE,TRUSTWAVE SECURITIES LIMITED,TRUSTWAVE SECURITIES LIMITED,INE668Y01024,XT,Active,Equity
508969,SULABEN,Sulabh Engineers & Services Limited,Sulabh Engineers & Services Limited,INE673M01029,X,Active,Equity
508980,FRONTCAP,Frontier Capital Limited,Frontier Capital Limited,INE977E01013,XT,Active,Equity
508989,NAVNETEDUL,Navneet Education Limited,Navneet Education Limited,INE060A01024,B,Active,Equity
509003,TRANOCE,Transoceanic Properties Ltd.,Transoceanic Properties Ltd.,INE074J01018,XT,Active,Equity
509009,AUSOMENT,AuSom Enterprise Limited,AuSom Enterprise Limited,INE218C01016,B,Active,Equity
509015,THAKRAL,Thakral Services (India) Limited,Thakral Services (India) Limited,INE190F01028,X,Active,Equity
509020,RUCHINFRA,Ruchi Infrastructure Ltd,Ruchi Infrastructure Ltd,INE413B01023,B,Active,Equity
509024,GOLDLEG,Golden Legand Leasing & Finance Ltd,Golden Legand Leasing & Finance Ltd,INE088E01019,X,Active,Equity
509026,VJTFEDU,VJTF Eduservices Limited,VJTF Eduservices Limited,INE117F01013,X,Active,Equity
509038,VOLLF,Voltaire Leasing & Finance Ltd.,Voltaire Leasing & Finance Ltd.,INE763D01019,XT,Active,Equity
509040,NETLINK,Netlink Solutions (India) Ltd.,Netlink Solutions (India) Ltd.,INE040F01033,X,Active,Equity
509046,TRILIANCE,TRILIANCE POLYMERS LIMITED,TRILIANCE POLYMERS LIMITED,INE778N01016,X,Active,Equity
509048,LANCORHOL,Lancor Holdings Ltd.,Lancor Holdings Ltd.,INE572G01025,T,Active,Equity
509051,INDINFO,Indian Infotech And Software Ltd.,Indian Infotech And Software Ltd.,INE300B01022,X,Active,Equity
509053,BANASFN,Banas Finance Limited,Banas Finance Limited,INE521L01030,X,Active,Equity
509055,VISAKAIND,Visaka Industries Ltd.,Visaka Industries Ltd.,INE392A01021,T,Active,Equity
509069,INFOMEDIA,Infomedia Press Limited,Infomedia Press Limited,INE669A01022,B,Active,Equity
509073,HATHWAYB,Hathway Bhawani Cabletel & Datacom,Hathway Bhawani Cabletel & Datacom,INE525B01016,X,Active,Equity
509079,GUFICBIO,Gufic BioSciences Ltd.,Gufic BioSciences Ltd.,INE742B01025,B,Active,Equity
509084,PHOTON,Photon Capital Advisors Ltd,Photon Capital Advisors Ltd,INE107J01016,XT,Active,Equity
509152,GRPLTD,GRP Limited,GRP Limited,INE137I01015,B,Active,Equity
509162,INDAG,Indag Rubber Ltd.,Indag Rubber Ltd.,INE802D01023,XT,Active,Equity
509196,MMRUBBR-B,M.M. Rubber Company Ltd.,M.M. Rubber Company Ltd.,INE159E01026,X,Active,Equity
509220,PTL,PTL Enterprises Ltd,PTL Enterprises Ltd,INE034D01049,B,Active,Equity
509243,TVSSRICHAK,TVS Srichakra Ltd.,TVS Srichakra Ltd.,INE421C01016,B,Active,Equity
509423,SEL,Sanathnagar Enterprises Limited,Sanathnagar Enterprises Limited,INE367E01033,X,Active,Equity
509438,BENARAS,Benares Hotels Ltd,Benares Hotels Ltd,INE664D01019,B,Active,Equity
509449,BHAGWOX,Bhagwati Oxygen Ltd.,Bhagwati Oxygen Ltd.,INE026I01010,X,Active,Equity
509470,BOMOXY-B1,BOMBAY OXYGEN INVESTMENTS LIMITED,BOMBAY OXYGEN INVESTMENTS LIMITED,INE01TL01014,X,Active,Equity
509472,CRAVATEX,Cravatex Ltd.,Cravatex Ltd.,INE145E01017,B,Active,Equity
509480,BERGEPAINT,Berger Paints India Ltd,Berger Paints India Ltd,INE463A01038,A,Active,Equity
509486,CAPRIHANS,Caprihans India Ltd.,Caprihans India Ltd.,INE479A01018,XT,Active,Equity
509488,GRAPHITE,Graphite India Ltd.,Graphite India Ltd.,INE371A01025,A,Active,Equity
509496,CEMPRO,Cemindia Projects Limited,Cemindia Projects Limited,INE686A01026,A,Active,Equity
509525,EMPIND,Empire Industries Ltd.,Empire Industries Ltd.,INE515H01014,B,Active,Equity
509546,GRAVISSHO,GRAVISS HOSPITALITY LIMITED,GRAVISS HOSPITALITY LIMITED,INE214F01026,T,Active,Equity
509557,GARFIBRES,GARWARE TECHNICAL FIBRES LIMITED,GARWARE TECHNICAL FIBRES LIMITED,INE276A01018,A,Active,Equity
509563,GARWAMAR,Garware Marine Industries Ltd.,Garware Marine Industries Ltd.,INE925D01014,X,Active,Equity
509567,GOACARBON,Goa Carbon Ltd.,Goa Carbon Ltd.,INE426D01013,B,Active,Equity
509597,HARDCAS,Hardcastle & Waud Mfg. Co. Ltd.,Hardcastle & Waud Mfg. Co. Ltd.,INE722D01015,X,Active,Equity
509631,HEGAM,HEG Advanced Materials Limited,HEG Advanced Materials Limited,INE545A01024,A,Active,Equity
509635,HINDCOMPOS,Hindustan Composites Ltd,Hindustan Composites Ltd,INE310C01029,B,Active,Equity
509650,ZHINDHSG,Hindustan Housing Co. Ltd.,Hindustan Housing Co. Ltd.,INE083O01019,XT,Active,Equity
509675,BIRLANU,BIRLANU LIMITED,BIRLANU LIMITED,INE557A01011,B,Active,Equity
509692,INDIANCARD,Indian Card Clothing Ltd,Indian Card Clothing Ltd,INE061A01014,B,Active,Equity
509709,INTLCONV,International Conveyors Ltd.,International Conveyors Ltd.,INE575C01027,B,Active,Equity
509715,JAYSREETEA,Jay Shree Tea & Industries Ltd.,Jay Shree Tea & Industries Ltd.,INE364A01020,B,Active,Equity
509732,KOTIC,Kothari Industrial Corpn. Ltd.,Kothari Industrial Corpn. Ltd.,INE972A01020,B,Active,Equity
509760,MODRNSH,Modern Shares and Stockbrokers Ltd.,Modern Shares and Stockbrokers Ltd.,INE370A01019,XT,Active,Equity
509762,MAPROIN,Mapro Industries Ltd,Mapro Industries Ltd,INE848M01019,XT,Active,Equity
509782,OSEASPR,Oseaspre Consultants Ltd.,Oseaspre Consultants Ltd.,INE880P01015,XT,Active,Equity
509820,HUHTAMAKI,HUHTAMAKI INDIA LIMITED,HUHTAMAKI INDIA LIMITED,INE275B01026,B,Active,Equity
509835,PREMSYN,Premier Synthetics Ltd.,Premier Synthetics Ltd.,INE940N01012,X,Active,Equity
509845,RJSHAH,R.J. Shah & Co. Ltd.,R.J. Shah & Co. Ltd.,INE712Z01019,P,Active,Equity
509870,SHAHCON,Shah Construction Co. Ltd.,Shah Construction Co. Ltd.,INE02C301011,X,Active,Equity
509874,SHALPAINTS,Shalimar Paints Ltd.,Shalimar Paints Ltd.,INE849C01026,T,Active,Equity
509887,SINNAR,Sinnar Bidi Udyog Ltd.,Sinnar Bidi Udyog Ltd.,INE896E01023,XT,Active,Equity
509895,HINDMILL,Hindoostan Mills Ltd.,Hindoostan Mills Ltd.,INE832D01020,X,Active,Equity
509910,ZSOUTGAS,The Southern Gas Limited,The Southern Gas Limited,INE532U01012,P,Active,Equity
509917,TECHCON,Technojet Consultants Ltd.,Technojet Consultants Ltd.,INE881P01013,XT,Active,Equity
509930,SUPREMEIND,Supreme Industries Ltd.,Supreme Industries Ltd.,INE195A01028,A,Active,Equity
509945,THACKER,Thacker & Co. Ltd.,Thacker & Co. Ltd.,INE077P01034,B,Active,Equity
509953,TRADWIN,Trade Wings Ltd.,Trade Wings Ltd.,INE961E01017,XT,Active,Equity
509960,UPHOT,U.P. Hotels Ltd.,U.P. Hotels Ltd.,INE726E01014,B,Active,Equity
509966,VSTIND,VST Industries Ltd.,VST Industries Ltd.,INE710A01016,B,Active,Equity
510245,SWASTIVI,Swasti Vinayaka Synthetics Ltd.,Swasti Vinayaka Synthetics Ltd.,INE804A01025,X,Active,Equity
511000,MSLGLOBAL,MSL GLOBAL LIMITED,MSL GLOBAL LIMITED,INE856D01011,X,Active,Equity
511012,YAMNINV,Yamini Investments Company Limited,Yamini Investments Company Limited,INE457N01025,XT,Active,Equity
511016,PREMCAP,Premier Capital Services Ltd.,Premier Capital Services Ltd.,INE946K01023,XT,Active,Equity
511018,ZMILGFIN,MILGREY FINANCE & INVESTMENT LTD,MILGREY FINANCE & INVESTMENT LTD,INE679T01013,X,Active,Equity
511034,JINDRILL,Jindal Drilling & Industries Ltd.,Jindal Drilling & Industries Ltd.,INE742C01031,B,Active,Equity
511038,ZARCOLEA,Arco Leasing Ltd.,Arco Leasing Ltd.,INE955S01019,XT,Active,Equity
511048,KUSUMEL,Kusam Electrical Industies Ltd.,Kusam Electrical Industies Ltd.,INE175Q01018,XT,Active,Equity
511060,JUMBFNL,Jumbo Finance Ltd.,Jumbo Finance Ltd.,INE122N01017,XT,Active,Equity
511066,SAKTHIFIN,Sakthi Finance Ltd.,Sakthi Finance Ltd.,INE302E01014,X,Active,Equity
511074,EASYFIN,EASY FINCORP LIMITED,EASY FINCORP LIMITED,INE407F01018,Z,Active,Equity
511076,AEROENTER,AEROFLEX ENTERPRISES LIMITED,AEROFLEX ENTERPRISES LIMITED,INE065D01027,B,Active,Equity
511092,JMDVL,JMD Ventures Limited,JMD Ventures Limited,INE047E01031,XT,Active,Equity
511096,TVOLCON,Tivoli Construction Ltd.,Tivoli Construction Ltd.,INE747V01014,XT,Active,Equity
511108,SHIVATEX,Shiva Texyarn Ltd.,Shiva Texyarn Ltd.,INE705C01020,B,Active,Equity
511110,VBDESAI,V.B.Desai Financial Services Ltd,V.B.Desai Financial Services Ltd,INE848D01018,X,Active,Equity
511116,QUADRANT,Quadrant Televentures Limited,Quadrant Televentures Limited,INE527B01020,XT,Active,Equity
511122,1STCUS,First Custodian Fund (India) Ltd.,First Custodian Fund (India) Ltd.,INE609B01018,X,Active,Equity
511131,KAMANWALA,Kamanwala Housing Construction Ltd,Kamanwala Housing Construction Ltd,INE344D01018,B,Active,Equity
511144,AXISOL,AXIS SOLUTIONS LIMITED,AXIS SOLUTIONS LIMITED,INE520G01024,XT,Active,Equity
511147,WSFX,WSFX Global Pay Limited,WSFX Global Pay Limited,INE549D01012,X,Active,Equity
511153,ANJANIFOODS,Anjani Foods Limited,Anjani Foods Limited,INE096I01021,XT,Active,Equity
511169,RKDAGRRTL,RKD AGRI & RETAIL LIMITED,RKD AGRI & RETAIL LIMITED,INE552N01023,X,Active,Equity
511176,PARSHWANA,Parshwanath Corporation Limited,Parshwanath Corporation Limited,INE635I01018,XT,Active,Equity
511185,RAJVI,RAJVI LOGITRADE LIMITED,RAJVI LOGITRADE LIMITED,INE381N01019,XT,Active,Equity
511187,MILLENNIUM,Millennium Online Solutions (India) Ltd,Millennium Online Solutions (India) Ltd,INE570N01025,X,Active,Equity
511194,ICDSLTD,ICDS Ltd.,ICDS Ltd.,INE613B01010,T,Active,Equity
511196,CANFINHOME,Can Fin Homes Ltd.,Can Fin Homes Ltd.,INE477A01020,A,Active,Equity
511200,MUNCAPM,Munoth Capital Market Ltd,Munoth Capital Market Ltd,INE910G01027,XT,Active,Equity
511208,IVC,IL & FS Investment Managers Ltd.,IL & FS Investment Managers Ltd.,INE050B01023,B,Active,Equity
511218,SHRIRAMFIN,Shriram Finance Limited,Shriram Finance Limited,INE721A01047,A,Active,Equity
511243,CHOLAFIN,Cholamandalam Investment and Finance Company Ltd,Cholamandalam Investment and Finance Company Ltd,INE121A01024,A,Active,Equity
511246,BOMTALKIES,BOMBAY TALKIES LIMITED,BOMBAY TALKIES LIMITED,INE910D01024,X,Active,Equity
511254,SAGARSYST,Sagar Systech Ltd.,Sagar Systech Ltd.,INE771Z01015,XT,Active,Equity
511260,ICONIKSPEV,ICONIK SPORTS AND EVENTS LIMITED,ICONIK SPORTS AND EVENTS LIMITED,INE088P01015,X,Active,Equity
511333,VLSFINANCE,VLS Finance Limited,VLS Finance Limited,INE709A01018,B,Active,Equity
511355,INDCEMCAP,India Cements Capital Limited,India Cements Capital Limited,INE429D01017,XT,Active,Equity
511359,ADMANUM,AD-Manum Finance Ltd,AD-Manum Finance Ltd,INE556D01017,X,Active,Equity
511377,MEHIF,Mehta Integrated Finance Ltd.,Mehta Integrated Finance Ltd.,INE240B01012,X,Active,Equity
511391,INTRGLB,Inter Globe Finance Ltd.,Inter Globe Finance Ltd.,INE661M01016,X,Active,Equity
511401,MCLTD,MUNOTH COMMUNICATION LIMITED,MUNOTH COMMUNICATION LIMITED,INE410E01015,X,Active,Equity
511411,SHRISTI,SHRISTI INFRASTRUCTURE DEVELOPMENT CORPORATION LTD.,SHRISTI INFRASTRUCTURE DEVELOPMENT CORPORATION LTD.,INE472C01027,X,Active,Equity
511413,CREST,CREST VENTURES LIMITED,CREST VENTURES LIMITED,INE559D01011,B,Active,Equity
511431,VAKRANGEE,Vakrangee Limited,Vakrangee Limited,INE051B01021,B,Active,Equity
511441,GUJCRED,Gujarat Credit Corporation Ltd.,Gujarat Credit Corporation Ltd.,INE034B01019,X,Active,Equity
511447,SYLPH,Sylph Industries Limited,Sylph Industries Limited,INE706F01021,X,Active,Equity
511451,DHARFIN,Dharani Finance Ltd.,Dharani Finance Ltd.,INE899D01011,XT,Active,Equity
511463,ALEXANDER,Alexander Stamps And Coin Limited,Alexander Stamps And Coin Limited,INE191N01012,X,Active,Equity
511473,INDBANK,Indbank Merchant Banking Services L,Indbank Merchant Banking Services L,INE841B01017,B,Active,Equity
511493,SHRYDUS,SHRYDUS INDUSTRIES LIMITED,SHRYDUS INDUSTRIES LIMITED,INE488C01015,XT,Active,Equity
511501,BHARAT,BHARAT BHUSHAN FINANCE & COMMODITY BROKERS LIMITED,BHARAT BHUSHAN FINANCE & COMMODITY BROKERS LIMITED,INE900A01013,X,Active,Equity
511505,CAPTRUST,Capital Trust Ltd.,Capital Trust Ltd.,INE707C01018,T,Active,Equity
511507,USHAKIRA,Ushakiran Finance Ltd.,Ushakiran Finance Ltd.,INE697C01011,X,Active,Equity
511509,VIVOBIOT,Vivo Bio tech Ltd.,Vivo Bio tech Ltd.,INE380K01017,B,Active,Equity
511523,VEERHEALTH,Veerhealth Care Limited,Veerhealth Care Limited,INE882C01035,XT,Active,Equity
511525,PANINDIAC,Pan India Corporation Ltd,Pan India Corporation Ltd,INE376A01032,X,Active,Equity
511533,SAHARAHOUS,Sahara HousingFina Corporation Ltd.,Sahara HousingFina Corporation Ltd.,INE135C01012,X,Active,Equity
511535,NDASEC,NDA Securities ltd.,NDA Securities ltd.,INE026C01013,X,Active,Equity
511539,SUPRATRE,Supra Trends Limited,Supra Trends Limited,INE533B01028,X,Active,Equity
511543,GSBFIN,GSB Finance Ltd.,GSB Finance Ltd.,INE777C01011,XT,Active,Equity
511549,MORARKFI,Morarka Finance Ltd.,Morarka Finance Ltd.,INE367A01015,X,Active,Equity
511551,MONARCH,Monarch Networth Capital Limited,Monarch Networth Capital Limited,INE903D01011,B,Active,Equity
511557,PROFINC,Pro Fin Capital Services Ltd,Pro Fin Capital Services Ltd,INE732K01027,Z,Active,Equity
511559,TEAMGTY,TEAM INDIA GUARANTY LIMITED,TEAM INDIA GUARANTY LIMITED,INE289C01025,B,Active,Equity
511563,SANCF,Sanchay Finvest Ltd,Sanchay Finvest Ltd,INE654D01010,Z,Active,Equity
511571,CRESCENTIS,Crescentis Capital Limited,Crescentis Capital Limited,INE754C01010,X,Active,Equity
511577,MANTRA,Mantra Capital Limited,Mantra Capital Limited,INE304E01010,X,Active,Equity
511585,BEFOUNDMOL,BEFOUND MOVEMENT LIMITED,BEFOUND MOVEMENT LIMITED,INE425F01028,XT,Active,Equity
511589,AVONMORE,Avonmore Capital & Management Services Limited,Avonmore Capital & Management Services Limited,INE323B01024,B,Active,Equity
511593,LIBORDFIN,Libord Finance Limited,Libord Finance Limited,INE212B01011,X,Active,Equity
511601,YASHMGM,Yash Management & Satellite Ltd.,Yash Management & Satellite Ltd.,INE216B01012,X,Active,Equity
511605,ARIHANTCAP,Arihant Capital Markets Ltd.,Arihant Capital Markets Ltd.,INE420B01036,B,Active,Equity
511609,ISLCONSUL,ISL Consulting Ltd,ISL Consulting Ltd,INE569B01022,X,Active,Equity
511611,DCMFINSERV,DCM Financial Services Ltd.,DCM Financial Services Ltd.,INE891B01012,B,Active,Equity
511626,RRFIN,R.R.Financial Consultants Ltd.,R.R.Financial Consultants Ltd.,INE229D01011,XT,Active,Equity
511628,FEDDERSHOL,FEDDERS HOLDING LIMITED,FEDDERS HOLDING LIMITED,INE417D01020,B,Active,Equity
511630,SAMBHAAV,Sambhaav Media Ltd.,Sambhaav Media Ltd.,INE699B01027,B,Active,Equity
511644,OMEGAIN,Omega Interactive Technologies Ltd.,Omega Interactive Technologies Ltd.,INE113B01037,X,Active,Equity
511654,SUGALDAM,Sugal & Damani Share Brokers Ltd.,Sugal & Damani Share Brokers Ltd.,INE309D01011,X,Active,Equity
511658,NETTLINX,Nettlinx Ltd.,Nettlinx Ltd.,INE027D01019,X,Active,Equity
511664,BGIL,BGIL Films & Technologies Ltd,BGIL Films & Technologies Ltd,INE443D01018,X,Active,Equity
511672,SCANSTL,Scan Steels Limited,Scan Steels Limited,INE099G01011,T,Active,Equity
511676,GICHSGFIN,GIC Housing Finance Ltd.,GIC Housing Finance Ltd.,INE289B01019,B,Active,Equity
511692,AJCON,Ajcon Global Services Ltd.,Ajcon Global Services Ltd.,INE759C01027,X,Active,Equity
511696,CHRTEDCA,Chartered Capital & Investment Ltd.,Chartered Capital & Investment Ltd.,INE953B01010,X,Active,Equity
511700,STANCAP,Standard Capital Markets Ltd.,Standard Capital Markets Ltd.,INE625D01028,X,Active,Equity
511702,YOGI,YOGI LIMITED,YOGI LIMITED,INE290E01011,B,Active,Equity
511710,CUBIFIN,Cubical Financial Services Ltd.,Cubical Financial Services Ltd.,INE717D01023,XT,Active,Equity
511712,RELICTEC,Relic Technologies Ltd.,Relic Technologies Ltd.,INE452B01013,X,Active,Equity
511714,NIMBSPROJ,Nimbus Projects Limited,Nimbus Projects Limited,INE875B01015,B,Active,Equity
511716,INVIGO,Invigorated Business Consulting Limited,Invigorated Business Consulting Limited,INE359A01012,XT,Active,Equity
511724,BAIDFIN,BAID FINSERV LIMITED,BAID FINSERV LIMITED,INE020D01022,B,Active,Equity
511726,VIPULLTD,Vipul Limited,Vipul Limited,INE946H01037,T,Active,Equity
511728,KZLFIN,K.Z.Leasing & Finance Ltd.,K.Z.Leasing & Finance Ltd.,INE006C01015,X,Active,Equity
511734,PASUFIN,Pasupati Fincap Ltd.,Pasupati Fincap Ltd.,INE527C01010,XT,Active,Equity
511738,MEHSECU,Mehta Securities Ltd.,Mehta Securities Ltd.,INE241B01010,X,Active,Equity
511740,RFL,RUPAREL FOOD PRODUCTS LIMITED,RUPAREL FOOD PRODUCTS LIMITED,INE239B01014,X,Active,Equity
511742,UGROCAP,UGRO CAPITAL LIMITED,UGRO CAPITAL LIMITED,INE583D01011,B,Active,Equity
511754,SAHLIBHFI,Shalibhadra Finance Ltd.,Shalibhadra Finance Ltd.,INE861D01011,B,Active,Equity
511756,ABIRAFN,Abirami Financial Services (India),Abirami Financial Services (India),INE195I01013,Z,Active,Equity
511758,MANSIFIN,Mansi Finance (Chennai) Ltd,Mansi Finance (Chennai) Ltd,INE094E01017,X,Active,Equity
511764,AASTAFIN,Aastamangalam Finance Limited,Aastamangalam Finance Limited,INE819K01014,X,Active,Equity
511766,MUTHOOTCAP,Muthoot Capital Services Ltd.,Muthoot Capital Services Ltd.,INE296G01013,B,Active,Equity
511768,MASTERTR,Master Trust Ltd.,Master Trust Ltd.,INE677D01037,B,Active,Equity
512004,ZNILKENG,Nilkanth Engineering Ltd.,Nilkanth Engineering Ltd.,INE582V01015,P,Active,Equity
512008,EFCIL,EFC (I) LIMITED,EFC (I) LIMITED,INE886D01026,B,Active,Equity
512014,SOBME,Sobhagya Mercantile Ltd.,Sobhagya Mercantile Ltd.,INE754D01018,X,Active,Equity
512018,TTGIL,TOMORROW TECHNOLOGIES GLOBAL INNOVATIONS LIMITED,TOMORROW TECHNOLOGIES GLOBAL INNOVATIONS LIMITED,INE135H01029,X,Active,Equity
512020,ZSARACOM,Saraswati Commercial (India) Ltd.,Saraswati Commercial (India) Ltd.,INE967G01019,B,Active,Equity
512022,WINROC,Winro Commercial (India) Ltd.,Winro Commercial (India) Ltd.,INE837E01019,XT,Active,Equity
512025,ASGARD,ASGARD ALCOBEV LIMITED,ASGARD ALCOBEV LIMITED,INE767M01029,X,Active,Equity
512026,VEGA,VEGA JEWELLERS LIMITED,VEGA JEWELLERS LIMITED,INE603D01017,XT,Active,Equity
512036,SKYBIOTECH,SKYBIOTECH HEALTHCARE LIMITED,SKYBIOTECH HEALTHCARE LIMITED,INE393H01016,X,Active,Equity
512038,TCC,TCC CONCEPT LIMITED,TCC CONCEPT LIMITED,INE887D01024,B,Active,Equity
512047,ROYALIND,Royal India Corporation Limited,Royal India Corporation Limited,INE510H01015,X,Active,Equity
512048,DHANSAFAL,DHANSAFAL FINSERVE LIMITED,DHANSAFAL FINSERVE LIMITED,INE195E01020,X,Active,Equity
512060,SHYAM,Ventura Guaranty Ltd.,Ventura Guaranty Ltd.,INE139J01019,P,Active,Equity
512062,TANDHANIN,TANDHAN INDUSTRIES LIMITED,TANDHAN INDUSTRIES LIMITED,INE896J01014,XT,Active,Equity
512063,WARDHEALTH,WARDWIZARD HEALTHCARE LIMITED,WARDWIZARD HEALTHCARE LIMITED,INE048E01013,P,Active,Equity
512064,VISVEN,VISHVPRABHA VENTURES LIMITED,VISHVPRABHA VENTURES LIMITED,INE762D01011,X,Active,Equity
512065,MRUTR,Mrugesh Trading Ltd.,Mrugesh Trading Ltd.,INE738D01029,XT,Active,Equity
512068,DECNGOLD,Deccan Gold Mines Ltd.,Deccan Gold Mines Ltd.,INE945F01025,B,Active,Equity
512070,UPL,UPL Limited,UPL Limited,INE628A01036,A,Active,Equity
512091,GDIL,GLOBAL DEFENCE INDUSTRIES LIMITED,GLOBAL DEFENCE INDUSTRIES LIMITED,INE425H01016,XT,Active,Equity
512093,CRANESSOFT,Cranes Software International Ltd.,Cranes Software International Ltd.,INE234B01023,Z,Active,Equity
512097,SAICOM,Saianand Commercial Limited,Saianand Commercial Limited,INE092G01024,X,Active,Equity
512099,EY,EYANTRA VENTURES LIMITED,EYANTRA VENTURES LIMITED,INE750G01019,XT,Active,Equity
512101,TRIPR,Triochem Products Ltd.,Triochem Products Ltd.,INE331E01013,XT,Active,Equity
512103,NIDHGRN,Nidhi Granites Limited,Nidhi Granites Limited,INE276H01013,X,Active,Equity
512109,AVIVA,Aviva Industries Limited,Aviva Industries Limited,INE461H01011,X,Active,Equity
512115,ROSEMER,Rose Merc.Limited,Rose Merc.Limited,INE649C01012,X,Active,Equity
512117,TWIROST,Twin Roses Trades & Agencies Ltd.,Twin Roses Trades & Agencies Ltd.,INE436U01016,XT,Active,Equity
512131,SIGIND,Signet Industries Limited,Signet Industries Limited,INE529F01035,T,Active,Equity
512147,KAJALSY,Kajal Synthetics and Silk Mills Ltd,Kajal Synthetics and Silk Mills Ltd,INE956V01011,XT,Active,Equity
512149,AVANCE,Avance Technologies Ltd.,Avance Technologies Ltd.,INE758A01072,B,Active,Equity
512153,MLINDLTD,M LAKHAMSI INDUSTRIES LIMITED,M LAKHAMSI INDUSTRIES LIMITED,INE808W01012,XT,Active,Equity
512157,TERRAREAL,Terraform Realstate Limited,Terraform Realstate Limited,INE123V01018,P,Active,Equity
512161,SECURKLOUD,SECUREKLOUD TECHNOLOGIES LIMITED,SECUREKLOUD TECHNOLOGIES LIMITED,INE650K01021,B,Active,Equity
512165,ABANSENT,ABans Enterprises Limited,ABans Enterprises Limited,INE365O01028,B,Active,Equity
512169,CAPRICORN,Capricorn Systems Global Solutions Ltd.,Capricorn Systems Global Solutions Ltd.,INE968E01012,XT,Active,Equity
512175,VAMA,Vama Industries Limited,Vama Industries Limited,INE685D01022,X,Active,Equity
512179,SUNTECK,Sunteck Realty Ltd,Sunteck Realty Ltd,INE805D01034,B,Active,Equity
512195,BENTCOM,Bentley Commercial Enterprises Ltd.,Bentley Commercial Enterprises Ltd.,INE496M01017,P,Active,Equity
512197,SILVERO,Silver oak Commercial Ltd.,Silver oak Commercial Ltd.,INE798C01017,Z,Active,Equity
512213,CLASELE,Classic Electricals Ltd.,Classic Electricals Ltd.,INE02BR01017,XT,Active,Equity
512217,PRISMMEDI,Prism Medico and Pharmacy Ltd.,Prism Medico and Pharmacy Ltd.,INE730E01016,X,Active,Equity
512221,SPVGLOBAL,SPV GLOBAL TRADING LIMITED,SPV GLOBAL TRADING LIMITED,INE177E01010,XT,Active,Equity
512229,VERITAS,Veritas (India) Limited,Veritas (India) Limited,INE379J01029,XT,Active,Equity
512237,JAICORPLTD,Jai Corp Limited,Jai Corp Limited,INE070D01027,B,Active,Equity
512245,ZNIVITRD,Nivi Trading Ltd.,Nivi Trading Ltd.,INE552F01011,P,Active,Equity
512247,ASHCAP,Ashirwad Capital Ltd.,Ashirwad Capital Ltd.,INE894A01026,X,Active,Equity
512257,SVARTCORP,Swasti Vinayaka Art And Heritage Corporation Ltd,Swasti Vinayaka Art And Heritage Corporation Ltd,INE895A01023,X,Active,Equity
512261,BAJGLOB,Bajaj Global Ltd,Bajaj Global Ltd,INE553H01015,XT,Active,Equity
512265,AVONMERC,Avon Mercantile Ltd.,Avon Mercantile Ltd.,INE471D01019,XT,Active,Equity
512267,MMWL,Media Matrix Worldwide Ltd.,Media Matrix Worldwide Ltd.,INE200D01020,B,Active,Equity
512271,TASHIND,Tashi India Ltd.,Tashi India Ltd.,INE552H01017,XT,Active,Equity
512277,AUTOINT,Autoriders International Ltd,Autoriders International Ltd,INE340U01010,X,Active,Equity
512291,ZSPEEDCO,Speedage Commercials Ltd.,Speedage Commercials Ltd.,INE497M01015,P,Active,Equity
512296,BHAGYANGR,Bhagyanagar India Limited,Bhagyanagar India Limited,INE458B01036,B,Active,Equity
512301,CHMBBRW,Chambal Breweries & Distilleries Li,Chambal Breweries & Distilleries Li,INE417N01011,XT,Active,Equity
512303,ZMANSOON,Mansoon Trading Co. Ltd.,Mansoon Trading Co. Ltd.,INE776V01013,P,Active,Equity
512307,TYPHOON,Typhoon Holdings Ltd.,Typhoon Holdings Ltd.,INE2L3M01012,XT,Active,Equity
512329,SGMART,SG MART LIMITED,SG MART LIMITED,INE385F01024,B,Active,Equity
512344,ARAVALIS,Aravali Securities & Finance Ltd.,Aravali Securities & Finance Ltd.,INE068C01015,X,Active,Equity
512345,LEXGLOBAL,LEXORA GLOBAL LIMITED,LEXORA GLOBAL LIMITED,INE745A01012,XT,Active,Equity
512359,SWORDEDGE,Sword-Edge Commercials Limited,Sword-Edge Commercials Limited,INE093G01022,X,Active,Equity
512361,CUPIDALBV,CUPID BREWERIES AND DISTILLERIES LIMITED,CUPID BREWERIES AND DISTILLERIES LIMITED,INE108G01010,X,Active,Equity
512367,ZSHERAPR,Sheraton Properties & Finance Ltd.,Sheraton Properties & Finance Ltd.,INE495M01019,P,Active,Equity
512377,MAGANTR,Magnanimous Trade & Finance Ltd.,Magnanimous Trade & Finance Ltd.,INE664N01018,XT,Active,Equity
512379,CRSL,CRESSANDA RAILWAY SOLUTIONS LIMITED,CRESSANDA RAILWAY SOLUTIONS LIMITED,INE716D01033,T,Active,Equity
512381,STARTECK,STARTECK FINANCE LIMITED,STARTECK FINANCE LIMITED,INE992I01013,B,Active,Equity
512393,SHARDUL,Shardul Securities Ltd.,Shardul Securities Ltd.,INE037B01020,T,Active,Equity
512399,SERA,SERA INVESTMENTS & FINANCE INDIA LIMITED,SERA INVESTMENTS & FINANCE INDIA LIMITED,INE017I01027,X,Active,Equity
512404,BENGALS,Bengal Steel Industries Ltd.,Bengal Steel Industries Ltd.,INE523W01017,P,Active,Equity
512408,UNIWSEC,Uniworth Securities Limited,Uniworth Securities Limited,INE728J01019,XT,Active,Equity
512415,MERCTRD,Mercury Trade Links Ltd.,Mercury Trade Links Ltd.,INE319T01016,X,Active,Equity
512425,NIRAVCOM,Nirav Commercials Ltd.,Nirav Commercials Ltd.,INE242B01018,X,Active,Equity
512431,WHITHAL,White Hall Commercial Co.Ltd.,White Hall Commercial Co.Ltd.,INE416X01012,XT,Active,Equity
512433,ASUTENT,Asutosh Enterprise Ltd.,Asutosh Enterprise Ltd.,INE508W01018,P,Active,Equity
512437,APOLLOFI,Apollo Finvest (India) Ltd.,Apollo Finvest (India) Ltd.,INE412D01013,XT,Active,Equity
512439,ESQRMON,Esquire Money Guarantees Ltd,Esquire Money Guarantees Ltd,INE0HMN01013,XT,Active,Equity
512441,ENBETRD,Enbee Trade & Finance Ltd.,Enbee Trade & Finance Ltd.,INE993I01029,X,Active,Equity
512443,GANONPRO,Ganon Products Limited,Ganon Products Limited,INE162L01017,X,Active,Equity
512445,DEVITRD,Devinsu Trading Ltd.,Devinsu Trading Ltd.,INE07LH01016,XT,Active,Equity
512453,SHRJAGP,Shri Jagdamba Polymers Ltd,Shri Jagdamba Polymers Ltd,INE564J01026,B,Active,Equity
512455,LLOYDSME,Lloyds Metals and Energy Limited,Lloyds Metals and Energy Limited,INE281B01032,A,Active,Equity
512461,PUNCTRD,Punctual Trading Ltd.,Punctual Trading Ltd.,INE07NX01019,P,Active,Equity
512463,LLOYDSENT,LLOYDS ENTERPRISES LIMITED,LLOYDS ENTERPRISES LIMITED,INE080I01025,A,Active,Equity
512477,BETXIND,Betex India Ltd.,Betex India Ltd.,INE765L01017,X,Active,Equity
512479,VIRYA,VIRYA RESOURCES LIMITED,VIRYA RESOURCES LIMITED,INE661K01010,XT,Active,Equity
512485,DHANCOT,Dhanlaxmi Cotex Ltd.,Dhanlaxmi Cotex Ltd.,INE977F01010,XT,Active,Equity
512489,OASISEC,Oasis Securities Limited,Oasis Securities Limited,INE876A01023,XT,Active,Equity
512493,GARNETINT,Garnet International Limited,Garnet International Limited,INE590B01010,X,Active,Equity
512499,SHALPRO,Shalimar Productions Ltd.,Shalimar Productions Ltd.,INE435E01020,XT,Active,Equity
512505,MEENST,Meenakshi Steel Industries Ltd.,Meenakshi Steel Industries Ltd.,INE721V01019,Z,Active,Equity
512511,VARUNME,Varun Mercantile Ltd.,Varun Mercantile Ltd.,INE442U01014,XT,Active,Equity
512517,VINVANI,Vinayak Vanijya Ltd.,Vinayak Vanijya Ltd.,INE132V01019,XT,Active,Equity
512519,DONEAR,Donear Industries Ltd,Donear Industries Ltd,INE668D01028,B,Active,Equity
512527,SUPER,Super Sales India Ltd.,Super Sales India Ltd.,INE091C01017,XT,Active,Equity
512529,VIYASH,VIYASH SCIENTIFIC LIMITED,VIYASH SCIENTIFIC LIMITED,INE807F01027,A,Active,Equity
512531,STCINDIA,State Trading Corporation of India,State Trading Corporation of India,INE655A01013,B,Active,Equity
512553,ZENITHEXPO,Zenith Exports Ltd.,Zenith Exports Ltd.,INE058B01018,B,Active,Equity
512559,KOHINOOR,Kohinoor Foods Ltd,Kohinoor Foods Ltd,INE080B01012,B,Active,Equity
512565,NEELKANTH,NEELKANTH LIMITED,NEELKANTH LIMITED,INE581D01015,X,Active,Equity
512573,AVANTIFEED,Avanti Feeds ltd.,Avanti Feeds ltd.,INE871C01038,A,Active,Equity
512587,ZODJRDMKJ,Zodiac-JRD-MKJ Ltd.,Zodiac-JRD-MKJ Ltd.,INE077B01018,X,Active,Equity
512589,SITAENT,Sita Enterprises LTD.,Sita Enterprises LTD.,INE579D01019,X,Active,Equity
512591,PULSRIN,Pulsar International Limited,Pulsar International Limited,INE183U01022,X,Active,Equity
512595,KDGREEN,KD Green Industries Limited,KD Green Industries Limited,INE348N01042,B,Active,Equity
512597,KEYFINSERV,KEYNOTE FINANCIAL SERVICES LIMITED,KEYNOTE FINANCIAL SERVICES LIMITED,INE681C01015,B,Active,Equity
512599,ADANIENT,Adani Enterprises Ltd.,Adani Enterprises Ltd.,INE423A01024,A,Active,Equity
512600,ASTALLTD,ASTAL LABORATORIES LIMITED,ASTAL LABORATORIES LIMITED,INE307N01014,X,Active,Equity
512604,HARIAEXPO,Haria Exports Ltd.,Haria Exports Ltd.,INE772B01014,XT,Active,Equity
512608,BHANDARI,Bhandari Hosiery Exports Ltd.,Bhandari Hosiery Exports Ltd.,INE474E01029,B,Active,Equity
512618,RLF,RLF Ltd.,RLF Ltd.,INE629C01014,X,Active,Equity
512624,REGENTRP,Regent Enterprises Limited,Regent Enterprises Limited,INE769D01016,X,Active,Equity
512626,ORBTEXP,Orbit Exports Ltd.,Orbit Exports Ltd.,INE231G01010,B,Active,Equity
512634,SAVERA,Savera Industries Ltd.,Savera Industries Ltd.,INE104E01014,X,Active,Equity
513005,CHROME,Chrome Silicon Limited,Chrome Silicon Limited,INE114E01013,X,Active,Equity
513012,ZJEETMAC,Jeet Machine Tools Ltd.,Jeet Machine Tools Ltd.,INE987E01012,XT,Active,Equity
513023,NAVA,NAVA LIMITED,NAVA LIMITED,INE725A01030,A,Active,Equity
513039,ZHINUDYP,Hindusthan Udyog Ltd,Hindusthan Udyog Ltd,INE582K01018,XT,Active,Equity
513043,REMIEDEL,Remi Edelstahl Tubulars Limited,Remi Edelstahl Tubulars Limited,INE158G01015,X,Active,Equity
513059,GSAUTO,G.S. Auto International Ltd.,G.S. Auto International Ltd.,INE736H01024,XT,Active,Equity
513063,TRANSFRE,Trans-Freight Containers Ltd.,Trans-Freight Containers Ltd.,INE360D01014,X,Active,Equity
513097,SBCL,Shivalik Bimetal Controls Ltd.,Shivalik Bimetal Controls Ltd.,INE386D01027,B,Active,Equity
513108,GANDHITUBE,Gandhi Special Tubes Ltd.,Gandhi Special Tubes Ltd.,INE524B01027,B,Active,Equity
513117,AMFORG,Amforge Industries Ltd.,Amforge Industries Ltd.,INE991A01020,X,Active,Equity
513119,ONIXSOLAR,ONIX SOLAR ENERGY LIMITED,ONIX SOLAR ENERGY LIMITED,INE173M01012,B,Active,Equity
513121,ORICONENT,Oricon Enterprises Ltd.,Oricon Enterprises Ltd.,INE730A01022,B,Active,Equity
513149,ACROW,Acrow (India) Ltd.,Acrow (India) Ltd.,INE950D01012,X,Active,Equity
513173,STLSTRINF,Steel Strips Infrastructures Limited,Steel Strips Infrastructures Limited,INE205F01016,B,Active,Equity
513228,PENIND,Pennar Industries Ltd.,Pennar Industries Ltd.,INE932A01024,A,Active,Equity
513250,JYOTISTRUC,Jyoti Structures Ltd.,Jyoti Structures Ltd.,INE197A01024,B,Active,Equity
513252,JAYUSH,Jay Ushin Ltd.,Jay Ushin Ltd.,INE289D01015,X,Active,Equity
513262,SSWL,Steel Strips & Wheels Ltd,Steel Strips & Wheels Ltd,INE802C01033,B,Active,Equity
513269,MANINDS,Man Industries (India) Ltd,Man Industries (India) Ltd,INE993A01026,B,Active,Equity
513295,IMEC,IMEC SERVICES LIMITED,IMEC SERVICES LIMITED,INE611C01020,X,Active,Equity
513303,MDRNSTL,Modern Steels Limited,Modern Steels Limited,INE001F01019,X,Active,Equity
513307,BELDING,BELDING INDIA LIMITED,BELDING INDIA LIMITED,INE363L01045,B,Active,Equity
513337,GUJTLRM,Gujarat Toolroom Ltd.,Gujarat Toolroom Ltd.,INE145J01032,B,Active,Equity
513343,GFSTEELS,Grand Foundry Ltd.,Grand Foundry Ltd.,INE534A01028,T,Active,Equity
513349,AJMERA,Ajmera Realty & Infra India Limited,Ajmera Realty & Infra India Limited,INE298G01035,B,Active,Equity
513353,COCHINM,Cochin Minerals & Rutile Ltd.,Cochin Minerals & Rutile Ltd.,INE105D01013,X,Active,Equity
513361,INDIAHOMES,India Homes Limited,India Homes Limited,INE072A01029,X,Active,Equity
513369,KVFORGE,KRISHANVEER FORGE LIMITED,KRISHANVEER FORGE LIMITED,INE013J01016,XT,Active,Equity
513375,CARBORUNIV,Carborundum Universal Ltd.,Carborundum Universal Ltd.,INE120A01034,A,Active,Equity
513377,MMTC,MMTC Ltd.,MMTC Ltd.,INE123F01029,B,Active,Equity
513397,VALLABHSQ,Vallabh Steels ltd,Vallabh Steels ltd,INE457E01016,XT,Active,Equity
513418,SMFIL,Smiths & Founders (India) Limited,Smiths & Founders (India) Limited,INE728B01032,XT,Active,Equity
513422,BLOIN,Bloom Industries Ltd,Bloom Industries Ltd,INE373E01015,X,Active,Equity
513430,MAITRI,Maitri Enterprises Limited,Maitri Enterprises Limited,INE501L01024,X,Active,Equity
513436,SHAHALLOYS,Shah Alloys Limited,Shah Alloys Limited,INE640C01011,T,Active,Equity
513452,ELANGO,Elango Industries Ltd,Elango Industries Ltd,INE594D01018,XT,Active,Equity
513456,KANSHST,Kanishk Steel Industries Ltd,Kanishk Steel Industries Ltd,INE791E01018,X,Active,Equity
513460,MAHALXSE,Mahalaxmi Seamless Ltd.,Mahalaxmi Seamless Ltd.,INE257F01017,Z,Active,Equity
513472,SIMPLEXCAS,Simplex Castings Ltd.,Simplex Castings Ltd.,INE658D01029,X,Active,Equity
513488,SSWRL,Shree Steel Wire Ropes Ltd.,Shree Steel Wire Ropes Ltd.,INE387D01025,XT,Active,Equity
513496,SIZEMASTER,SIZEMASTERS TECHNOLOGY LIMITED,SIZEMASTERS TECHNOLOGY LIMITED,INE235U01012,XT,Active,Equity
513498,SOUTHMG,Southern Magnesium And Chemicals Lt,Southern Magnesium And Chemicals Lt,INE308N01012,X,Active,Equity
513502,BAROEXT,Baroda Extrusion Ltd.,Baroda Extrusion Ltd.,INE927K01023,X,Active,Equity
513507,GUJCONT,Gujarat Containers Ltd.,Gujarat Containers Ltd.,INE276I01011,P,Active,Equity
513509,KALYANIFRG,Kalyani Forge Ltd.,Kalyani Forge Ltd.,INE314G01014,T,Active,Equity
513511,PANCHMAHQ,Panchmahal Steel Ltd.,Panchmahal Steel Ltd.,INE798F01010,B,Active,Equity
513513,ADITYA,Aditya Ispat Ltd.,Aditya Ispat Ltd.,INE570B01012,X,Active,Equity
513517,STEELCAS,Steelcast Ltd.,Steelcast Ltd.,INE124E01038,B,Active,Equity
513519,PITTIENG,PITTI ENGINEERING LIMITED,PITTI ENGINEERING LIMITED,INE450D01021,B,Active,Equity
513528,GLITTEKG,Glittek Granites Ltd.,Glittek Granites Ltd.,INE741B01027,XT,Active,Equity
513532,PRADPME,Pradeep Metals Ltd.,Pradeep Metals Ltd.,INE770A01010,T,Active,Equity
513536,GNRL,Gujarat Natural Resources Limited,Gujarat Natural Resources Limited,INE207H01018,B,Active,Equity
513540,TNSTLTU,Tamilnadu Steel Tubes Ltd.,Tamilnadu Steel Tubes Ltd.,INE176E01012,P,Active,Equity
513544,MSCTC,Mardia Samyoung Capillary Tubes Co.,Mardia Samyoung Capillary Tubes Co.,INE277E01026,XT,Active,Equity
513548,SHRDAIS,Sharda Ispat Ltd.,Sharda Ispat Ltd.,INE385M01012,X,Active,Equity
513554,MAHASTEEL,Mahamaya Steel Industries Limited,Mahamaya Steel Industries Limited,INE451L01014,T,Active,Equity
513566,NOVIS,Nova Iron & Steel Ltd.,Nova Iron & Steel Ltd.,INE608C01026,XT,Active,Equity
513575,STERPOW,Sterling Powergensys Limited,Sterling Powergensys Limited,INE067E01013,X,Active,Equity
513579,FFPL,Foundry Fuel Products Ltd.,Foundry Fuel Products Ltd.,INE617C01027,Z,Active,Equity
513599,HINDCOPPER,Hindustan Copper Ltd.,Hindustan Copper Ltd.,INE531E01026,A,Active,Equity
513629,TULSYAN,Tulsyan NEC Ltd,Tulsyan NEC Ltd,INE463D01016,X,Active,Equity
513642,AXELPOLY,Axel Polymers Ltd.,Axel Polymers Ltd.,INE197C01012,X,Active,Equity
513683,NLCINDIA,NLC India Limited,NLC India Limited,INE589A01014,A,Active,Equity
513687,SPECTRA,Spectra Industries Ltd.,Spectra Industries Ltd.,INE848B01012,Z,Active,Equity
513693,KAJARIR,KIC Metaliks Ltd.,KIC Metaliks Ltd.,INE434C01027,X,Active,Equity
513699,SOLIDSTON,Solid Stone Company Ltd.,Solid Stone Company Ltd.,INE584G01012,X,Active,Equity
513709,SHILGRAVQ,Shilp Gravures Ltd.,Shilp Gravures Ltd.,INE960A01017,B,Active,Equity
513713,WHITEORG,White Organic Agro Limited,White Organic Agro Limited,INE146C01019,X,Active,Equity
513721,MFSINTRCRP,MFS Intercorp Limited,MFS Intercorp Limited,INE614F01019,X,Active,Equity
513729,AROGRANITE,Aro Granite Industries Ltd.,Aro Granite Industries Ltd.,INE210C01013,B,Active,Equity
514010,RUDRAECO,RUDRA ECOVATION LIMITED,RUDRA ECOVATION LIMITED,INE723D01021,XT,Active,Equity
514028,RAJKSYN,Rajkamal Synthetics Ltd.,Rajkamal Synthetics Ltd.,INE376L01013,X,Active,Equity
514030,DEEPAKSP,Deepak Spinners Ltd.,Deepak Spinners Ltd.,INE272C01013,X,Active,Equity
514036,LOYALTEX,Loyal Textiles Mills Ltd,Loyal Textiles Mills Ltd,INE970D01010,B,Active,Equity
514043,HIMATSEIDE,Himatsingka Seide Ltd.,Himatsingka Seide Ltd.,INE049A01027,B,Active,Equity
514045,BSL,BSL Ltd.,BSL Ltd.,INE594B01012,B,Active,Equity
514060,NEWTRAC,NEWTRAC FOODS & BEVERAGES LIMITED,NEWTRAC FOODS & BEVERAGES LIMITED,INE229N01010,XT,Active,Equity
514087,PBMPOLY,P.B.M. Polytex Ltd.,P.B.M. Polytex Ltd.,INE501F01018,B,Active,Equity
514113,ADINATH,Adinath Textiles Ltd.,Adinath Textiles Ltd.,INE207C01019,X,Active,Equity
514138,SURYALA,Suryalata Spinning Mills Ltd.,Suryalata Spinning Mills Ltd.,INE132C01027,B,Active,Equity
514142,TTL,T T Ltd,T T Ltd,INE592B01024,B,Active,Equity
514162,WELSPUNLIV,WELSPUN LIVING LIMITED,WELSPUN LIVING LIMITED,INE192B01031,A,Active,Equity
514165,INDIANACRY,Indian Acrylics Ltd,Indian Acrylics Ltd,INE862B01013,X,Active,Equity
514167,GANECOS,Ganesha Ecosphere Limited,Ganesha Ecosphere Limited,INE845D01014,B,Active,Equity
514171,CEETAIN,Ceeta Industries Ltd.,Ceeta Industries Ltd.,INE760J01012,X,Active,Equity
514175,VARDMNPOLY,Vardhman Polytex Ltd.,Vardhman Polytex Ltd.,INE835A01029,B,Active,Equity
514177,IMPERA,IMPERA WORLDWIDE LIMITED,IMPERA WORLDWIDE LIMITED,INE351D01013,XT,Active,Equity
514183,BLACKROSE,Black Rose Industries Ltd,Black Rose Industries Ltd,INE761G01016,B,Active,Equity
514197,STCORP,S & T Corporation Limited,S & T Corporation Limited,INE110Q01023,X,Active,Equity
514211,SUMEETINDS,Sumeet Industries Ltd,Sumeet Industries Ltd,INE235C01036,B,Active,Equity
514223,RAMGOPOLY,Ramgopal Polytex Ltd,Ramgopal Polytex Ltd,INE410D01017,XT,Active,Equity
514234,SANGAMIND,Sangam (India) Ltd,Sangam (India) Ltd,INE495C01010,B,Active,Equity
514236,TTLEL,TTL ENTERPRISES LIMITED,TTL ENTERPRISES LIMITED,INE664X01025,XT,Active,Equity
514238,MKVENTURES,MKVENTURES CAPITAL LIMITED,MKVENTURES CAPITAL LIMITED,INE874A01010,X,Active,Equity
514240,KUSHIND,Kush Industries Limited,Kush Industries Limited,INE979D01011,X,Active,Equity
514248,SRECR,Sree chem Resins Ltd,Sree chem Resins Ltd,INE377C01010,P,Active,Equity
514260,SURBHIN,Surbhi Industries Limited,Surbhi Industries Limited,INE899E01019,XT,Active,Equity
514264,SEASONST,Seasons Textiles Ltd,Seasons Textiles Ltd,INE707B01010,X,Active,Equity
514266,ZENIFIB,Zenith Fibres Limited,Zenith Fibres Limited,INE106C01013,X,Active,Equity
514272,BHILSPIN,Bhilwara Spinners Ltd,Bhilwara Spinners Ltd,INE436C01014,X,Active,Equity
514274,VGL,VARVEE GLOBAL LIMITED,VARVEE GLOBAL LIMITED,INE273D01027,B,Active,Equity
514280,SANTETX,Sanrhea Technical Textiles Ltd.,Sanrhea Technical Textiles Ltd.,INE589J01015,X,Active,Equity
514286,ASHIMASYN,Ashima Ltd,Ashima Ltd,INE440A01010,B,Active,Equity
514300,PIONEEREMB,Pioneer Embroideries Ltd.,Pioneer Embroideries Ltd.,INE156C01018,B,Active,Equity
514302,VIPPYSP,Vippy Spinpro Ltd.,Vippy Spinpro Ltd.,INE660D01017,X,Active,Equity
514312,JAIHIND,JAIHIND INDUSTRIES LIMITED,JAIHIND INDUSTRIES LIMITED,INE156E01014,X,Active,Equity
514316,RAGHUSYN,Raghuvir Synthetics Ltd.,Raghuvir Synthetics Ltd.,INE969C01022,X,Active,Equity
514318,JATTAINDUS,Jattashankar Industries Limited,Jattashankar Industries Limited,INE722N01014,X,Active,Equity
514322,KAMADGIRI,Kamadgiri Fashion Limited,Kamadgiri Fashion Limited,INE535C01013,X,Active,Equity
514324,OMNITEX,Omnitex Industries (India) Ltd.,Omnitex Industries (India) Ltd.,INE814D01010,X,Active,Equity
514326,PATSPINLTD,Patspin India Ltd.,Patspin India Ltd.,INE790C01014,X,Active,Equity
514330,ONEGLOBAL,ONE GLOBAL SERVICE PROVIDER LIMITED,ONE GLOBAL SERVICE PROVIDER LIMITED,INE670O01013,B,Active,Equity
514332,NEOINFRA,Neo Infracon Ltd.,Neo Infracon Ltd.,INE216I01017,X,Active,Equity
514336,CCME,CCME GLOBAL LIMITED,CCME GLOBAL LIMITED,INE194N01016,X,Active,Equity
514354,PREMIERPOL,Premier Polyfilm Ltd.,Premier Polyfilm Ltd.,INE309M01020,B,Active,Equity
514358,EVERFIN,EVERLON FINANCIALS LIMITED,EVERLON FINANCIALS LIMITED,INE339D01034,X,Active,Equity
514360,KRRAIL,K&R RAIL ENGINEERING LIMITED,K&R RAIL ENGINEERING LIMITED,INE078T01026,X,Active,Equity
514378,YARNSYN,Yarn Syndicate Ltd.,Yarn Syndicate Ltd.,INE564C01013,X,Active,Equity
514386,GUJCOTEX,Gujarat Cotex Ltd,Gujarat Cotex Ltd,INE004C01028,X,Active,Equity
514400,GARWSYN,Garware Synthetics Ltd.,Garware Synthetics Ltd.,INE340D01016,X,Active,Equity
514402,ECOHOTELS,ECO HOTELS AND RESORTS LIMITED,ECO HOTELS AND RESORTS LIMITED,INE638N01012,X,Active,Equity
514414,OXFORDIN,Oxford Industries ltd.,Oxford Industries ltd.,INE114D01015,XT,Active,Equity
514418,MANORG,Mangalam Organics Limited,Mangalam Organics Limited,INE370D01013,B,Active,Equity
514428,HINDADH,Hindustan Adhesives Ltd.,Hindustan Adhesives Ltd.,INE074C01013,B,Active,Equity
514440,BPAGRI,Blue Pearl Agriventures Limited,Blue Pearl Agriventures Limited,INE439N01031,B,Active,Equity
514442,SRIKPRIND,Sri KPR Industries Ltd,Sri KPR Industries Ltd,INE009C01019,T,Active,Equity
514448,JYOTIRES,Jyoti Resins & Adhesives Ltd,Jyoti Resins & Adhesives Ltd,INE577D01013,B,Active,Equity
514450,MHLXMIRU,Mahalaxmi Rubtech Ltd.,Mahalaxmi Rubtech Ltd.,INE112D01035,T,Active,Equity
514454,SOUTLAT,Southern Latex Ltd.,Southern Latex Ltd.,INE410M01018,XT,Active,Equity
514470,WINSOMTX,Winsome Textile Industries Ltd,Winsome Textile Industries Ltd,INE837B01031,X,Active,Equity
515008,MODINSU,Modern Insulators Ltd.,Modern Insulators Ltd.,INE219W01012,T,Active,Equity
515018,REGENCERAM,Regency Ceramics Ltd,Regency Ceramics Ltd,INE277C01012,B,Active,Equity
515030,ASAHIINDIA,Asahi India Glass Ltd.,Asahi India Glass Ltd.,INE439A01020,A,Active,Equity
515037,MURUDCERA,Murudeshwar Ceramics Ltd.,Murudeshwar Ceramics Ltd.,INE692B01014,B,Active,Equity
515043,SEKURITIND,Saint-Gobain Sekurit India Ltd.,Saint-Gobain Sekurit India Ltd.,INE068B01017,B,Active,Equity
515055,ANANTRAJ,Anant Raj Limited,Anant Raj Limited,INE242C01024,A,Active,Equity
515059,MADHUDIN,Madhusudan Industries Ltd.,Madhusudan Industries Ltd.,INE469C01023,X,Active,Equity
515085,RESTILE,Restile Ceramics Ltd.,Restile Ceramics Ltd.,INE298E01022,X,Active,Equity
515093,MADHAV,Madhav Marbles & Granites Ltd.,Madhav Marbles & Granites Ltd.,INE925C01016,B,Active,Equity
515147,HALDYNGL,Haldyn Glass Limited,Haldyn Glass Limited,INE506D01020,B,Active,Equity
516003,DUROPLY,DUROPLY INDUSTRIES LIMITED,DUROPLY INDUSTRIES LIMITED,INE932D01010,X,Active,Equity
516016,SHREYANIND,Shreyans Industries Limited.,Shreyans Industries Limited.,INE231C01019,B,Active,Equity
516020,AGIOPAPER,Agio Paper & Industries Limited,Agio Paper & Industries Limited,INE112C01011,X,Active,Equity
516022,STARPAPER,Star Paper Mills Ltd.,Star Paper Mills Ltd.,INE733A01018,B,Active,Equity
516030,PAKKA,PAKKA LIMITED,PAKKA LIMITED,INE551D01018,B,Active,Equity
516032,TAHMARENT,TAHMAR ENTERPRISES LIMITED,TAHMAR ENTERPRISES LIMITED,INE385D01029,X,Active,Equity
516038,KSSMART,KS Smart Technologies Limited,KS Smart Technologies Limited,INE737E01011,B,Active,Equity
516062,NATPLY,National Plywood Industries Ltd.,National Plywood Industries Ltd.,INE497C01016,Z,Active,Equity
516064,ARROWGREEN,Arrow Greentech Limited,Arrow Greentech Limited,INE570D01018,B,Active,Equity
516072,VISHNU,Vishnu Chemicals Limited,Vishnu Chemicals Limited,INE270I01022,B,Active,Equity
516078,JUMBO,Jumbo Bag ltd.,Jumbo Bag ltd.,INE699D01015,XT,Active,Equity
516082,NRAIL,N.R.Agarwal Industries Ltd.,N.R.Agarwal Industries Ltd.,INE740D01017,B,Active,Equity
516092,3PLAND,3P LAND HOLDINGS LTD.,3P LAND HOLDINGS LTD.,INE105C01023,B,Active,Equity
516096,SANPA,Sangal Papers Ltd.,Sangal Papers Ltd.,INE384D01022,X,Active,Equity
516098,VENTURA,Ventura Textiles Ltd.,Ventura Textiles Ltd.,INE810C01044,X,Active,Equity
516106,SHKARTP,Shree Karthik Papers Ltd.,Shree Karthik Papers Ltd.,INE538D01015,X,Active,Equity
516108,STHINPA,South India Paper Mills Ltd.,South India Paper Mills Ltd.,INE088G01014,X,Active,Equity
516110,FAMILYCARE,FAMILY CARE HOSPITALS LIMITED,FAMILY CARE HOSPITALS LIMITED,INE146N01016,X,Active,Equity
517015,VINDHYATEL,Vindhya Telelinks Ltd.,Vindhya Telelinks Ltd.,INE707A01012,B,Active,Equity
517035,RIR,RIR POWER ELECTRONICS LIMITED,RIR POWER ELECTRONICS LIMITED,INE302D01024,B,Active,Equity
517041,ADOR,Ador Welding Ltd.,Ador Welding Ltd.,INE045A01017,B,Active,Equity
517059,SALZERELEC,Salzer Electronics Ltd.,Salzer Electronics Ltd.,INE457F01013,B,Active,Equity
517063,JETKINGQ,Jetking Infotrain Ltd.,Jetking Infotrain Ltd.,INE919C01019,X,Active,Equity
517077,INDAGIV,Ind-Agiv Commerce Ltd.,Ind-Agiv Commerce Ltd.,INE115E01010,X,Active,Equity
517096,APLAB,Aplab Ltd.,Aplab Ltd.,INE273A01015,X,Active,Equity
517119,PCS,PCS Technology Ltd.,PCS Technology Ltd.,INE834B01012,X,Active,Equity
517146,USHAMART,Usha Martin Ltd.,Usha Martin Ltd.,INE228A01035,A,Active,Equity
517168,SUBROS,Subros Ltd.,Subros Ltd.,INE287B01021,B,Active,Equity
517170,EDVENSWA,Edvenswa Enterprises Limited,Edvenswa Enterprises Limited,INE125G01014,X,Active,Equity
517172,PERVASIVE,Pervasive Commodities Limited,Pervasive Commodities Limited,INE443P01038,XT,Active,Equity
517174,HONAUT,Honeywell Automation India Ltd.,Honeywell Automation India Ltd.,INE671A01010,A,Active,Equity
517201,SWITCHTE,Switching Technologies Gunther Ltd.,Switching Technologies Gunther Ltd.,INE311D01017,XT,Active,Equity
517206,LUMAXIND,Lumax Industries Ltd.,Lumax Industries Ltd.,INE162B01018,B,Active,Equity
517214,DIGISPICE,DIGISPICE TECHNOLOGIES LIMITED,DIGISPICE TECHNOLOGIES LIMITED,INE927C01020,B,Active,Equity
517230,AURIQUE,AURIQUE LIMITED,AURIQUE LIMITED,INE766A01026,XT,Active,Equity
517236,CALCOM,Calcom Vision Ltd.,Calcom Vision Ltd.,INE216C01010,X,Active,Equity
517238,DYNAVSN,Dynavision Limited,Dynavision Limited,INE083E01010,X,Active,Equity
517246,BCCFUBA,BCC Fuba India Ltd.,BCC Fuba India Ltd.,INE788D01016,XT,Active,Equity
517258,PRECISIO,Precision Electronics Ltd.,Precision Electronics Ltd.,INE143C01024,XT,Active,Equity
517264,FINELINE,Fine-line Circuits Ltd.,Fine-line Circuits Ltd.,INE087E01011,X,Active,Equity
517271,HBLENGINE,HBL ENGINEERING LIMITED,HBL ENGINEERING LIMITED,INE292B01021,A,Active,Equity
517273,S&SPOWER,S & S Power Switchgears Ltd.,S & S Power Switchgears Ltd.,INE902B01017,B,Active,Equity
517286,RNITAI,RNIT AI SOLUTIONS LIMITED,RNIT AI SOLUTIONS LIMITED,INE335Q01026,XT,Active,Equity
517288,GUJARATPOLY,Gujarat Poly Electronics Limited,Gujarat Poly Electronics Limited,INE541F01022,X,Active,Equity
517300,GIPCL,Gujarat Industries Power Co. Ltd,Gujarat Industries Power Co. Ltd,INE162A01010,B,Active,Equity
517320,MAGNUS,MAGNUS STEEL AND INFRA LIMITED,MAGNUS STEEL AND INFRA LIMITED,INE898E01011,X,Active,Equity
517334,MOTHERSON,Samvardhana Motherson International Limited,Samvardhana Motherson International Limited,INE775A01035,A,Active,Equity
517336,MODMA,Modern Malleables Limited,Modern Malleables Limited,INE834C01028,P,Active,Equity
517344,MINDTECK,Mindteck (India) Ltd,Mindteck (India) Ltd,INE110B01017,B,Active,Equity
517354,HAVELLS,Havells India Limited,Havells India Limited,INE176B01034,A,Active,Equity
517356,ACIIN,ACI Infocom Ltd.,ACI Infocom Ltd.,INE167B01025,XT,Active,Equity
517360,SBECSYS,SBEC Systems (Ind) Ltd.,SBEC Systems (Ind) Ltd.,INE689V01018,X,Active,Equity
517370,INCAP,Incap Ltd,Incap Ltd,INE437C01012,X,Active,Equity
517372,GUJINTRX,Gujarat Intrux Limited,Gujarat Intrux Limited,INE877E01015,X,Active,Equity
517380,IGARASHI,Igarashi Motors India Ltd.,Igarashi Motors India Ltd.,INE188B01013,B,Active,Equity
517385,SYMPHONY,Symphony Limited,Symphony Limited,INE225D01027,B,Active,Equity
517393,REGANTO,REGANTO ENTERPRISES LIMITED,REGANTO ENTERPRISES LIMITED,INE043B01028,Z,Active,Equity
517397,PANELEC,Pan Electronics India Ltd.,Pan Electronics India Ltd.,INE648E01010,X,Active,Equity
517399,VXLINSTR,VXL Instruments Ltd.,VXL Instruments Ltd.,INE756A01019,XT,Active,Equity
517411,SHYAMTEL,Shyam Telecom Ltd.,Shyam Telecom Ltd.,INE635A01023,B,Active,Equity
517415,LEENEE,Lee & Nee Softwares (Exports) Ltd.,Lee & Nee Softwares (Exports) Ltd.,INE791B01014,T,Active,Equity
517417,PATELSAI,Patels Airtemp (I) Ltd.,Patels Airtemp (I) Ltd.,INE082C01024,X,Active,Equity
517421,BUTTERFLY,Butterfly Gandhimathi Appliances Limited,Butterfly Gandhimathi Appliances Limited,INE295F01017,B,Active,Equity
517429,ATHENAGLO,Athena Global Technologies Limited,Athena Global Technologies Limited,INE576B01019,X,Active,Equity
517431,NARMP,Narmada Macplast Drip Irrigation Sy,Narmada Macplast Drip Irrigation Sy,INE060D01028,X,Active,Equity
517437,DUTRON,Dutron  Polymers Ltd.,Dutron  Polymers Ltd.,INE940C01015,X,Active,Equity
517447,RSSOFTWARE,R S Software India Ltd.,R S Software India Ltd.,INE165B01029,B,Active,Equity
517449,MAGNAELQ,Magna Electro Castings Ltd.,Magna Electro Castings Ltd.,INE437D01010,X,Active,Equity
517467,MARSONS,MARSONS LIMITED,MARSONS LIMITED,INE415B01044,B,Active,Equity
517477,ELNET,Elnet Technologies Ltd.,Elnet Technologies Ltd.,INE033C01019,X,Active,Equity
517494,ACCEL,ACCEL LIMITED,ACCEL LIMITED,INE258C01038,X,Active,Equity
517498,WEBELSOLAR,Websol Energy System Limited,Websol Energy System Limited,INE855C01023,A,Active,Equity
517500,ROTO,Roto Pumps Ltd.,Roto Pumps Ltd.,INE535D01037,B,Active,Equity
517506,TTKPRESTIG,TTK Prestige Ltd.,TTK Prestige Ltd.,INE690A01028,B,Active,Equity
517514,DHINDIA,D & H India Limited,D & H India Limited,INE589D01018,X,Active,Equity
517522,RAJRATAN,Rajratan Global Wire Ltd,Rajratan Global Wire Ltd,INE451D01029,B,Active,Equity
517530,SURANAT&P,Surana Telecom And Power Limited,Surana Telecom And Power Limited,INE130B01031,B,Active,Equity
517536,ONWARDTEC,Onward Technologies Ltd.,Onward Technologies Ltd.,INE229A01017,B,Active,Equity
517544,CENTUM,Centum Electronics Ltd,Centum Electronics Ltd,INE320B01020,B,Active,Equity
517546,ALFATRAN,Alfa Transformers ltd.,Alfa Transformers ltd.,INE209C01015,X,Active,Equity
517554,NHCFOODS,NHC FOODS LIMITED,NHC FOODS LIMITED,INE141C01036,XT,Active,Equity
517556,PVP,PVP Ventures Ltd,PVP Ventures Ltd,INE362A01016,B,Active,Equity
517562,TRIGYN,Trigyn Technologies Ltd.,Trigyn Technologies Ltd.,INE948A01012,B,Active,Equity
517569,KEI,KEI Industries Ltd.,KEI Industries Ltd.,INE878B01027,A,Active,Equity
518011,KEERTHI,Keerthi Industries Ltd,Keerthi Industries Ltd,INE145L01012,X,Active,Equity
518053,SRICC,Sri Chakra Cement Limited,Sri Chakra Cement Limited,INE827D01020,X,Active,Equity
518075,SURAJ,Suraj Products Ltd.,Suraj Products Ltd.,INE069E01019,X,Active,Equity
518091,APCL,Anjani Portland Cement Ltd.,Anjani Portland Cement Ltd.,INE071F01012,B,Active,Equity
519003,MODINATUR,Modi Naturals Limited,Modi Naturals Limited,INE537F01012,B,Active,Equity
519014,PRSNTIN,Prashant India Ltd,Prashant India Ltd,INE100E01012,X,Active,Equity
519031,SHAHFOOD,Shah Foods Ltd,Shah Foods Ltd,INE455D01012,XT,Active,Equity
519091,TASTYBITE,Tasty Bite Eatables Ltd.,Tasty Bite Eatables Ltd.,INE488B01017,B,Active,Equity
519097,RITESHIN,Ritesh International Ltd,Ritesh International Ltd,INE534D01014,XT,Active,Equity
519105,AVTNPL,AVT Natural Products Ltd.,AVT Natural Products Ltd.,INE488D01021,B,Active,Equity
519126,HNDFDS,Hindustan Foods Ltd.,Hindustan Foods Ltd.,INE254N01026,B,Active,Equity
519136,NAHARINDUS,Nahar Industrial Enterprises Ltd,Nahar Industrial Enterprises Ltd,INE289A01011,B,Active,Equity
519152,VADILENT,Vadilal Enterprises Ltd.,Vadilal Enterprises Ltd.,INE693D01018,B,Active,Equity
519156,VADILALIND,Vadilal Industries Ltd.,Vadilal Industries Ltd.,INE694D01016,B,Active,Equity
519174,ASHAI,Ashiana Agro Industries Ltd,Ashiana Agro Industries Ltd,INE709D01012,XT,Active,Equity
519183,ADFFOODS,ADF Foods Limited.,ADF Foods Limited.,INE982B01027,B,Active,Equity
519191,RGRL,Retro Green Revolution Limited,Retro Green Revolution Limited,INE601N01010,Z,Active,Equity
519214,WILLIMFI,Williamson Financial Services ltd.,Williamson Financial Services ltd.,INE188E01017,X,Active,Equity
519216,AJANTSOY,Ajanta Soya Limited,Ajanta Soya Limited,INE601B01023,X,Active,Equity
519224,WILLAMAGOR,William Magor & Company Limited,William Magor & Company Limited,INE210A01017,B,Active,Equity
519230,KISAAN,KISAAN PARIVAR INDUSTRIES LIMITED,KISAAN PARIVAR INDUSTRIES LIMITED,INE102C01020,X,Active,Equity
519234,SIEL,Superior Industrial Enterprises Limited,Superior Industrial Enterprises Limited,INE843L01012,B,Active,Equity
519238,SPTRSHI,Saptarishi Agro Industries Ltd,Saptarishi Agro Industries Ltd,INE233P01017,XT,Active,Equity
519242,FRESITA,FRESITA PROTEINS LIMITED,FRESITA PROTEINS LIMITED,INE995U01011,XT,Active,Equity
519260,SANWARIA,SANWARIA CONSUMER LIMITED,SANWARIA CONSUMER LIMITED,INE890C01046,Z,Active,Equity
519262,PRIMAGR,Prima Agro Ltd.,Prima Agro Ltd.,INE297D01018,X,Active,Equity
519279,MADHURIND,Madhur Industries Limited,Madhur Industries Limited,INE110C01015,X,Active,Equity
519285,TARAI,Tarai Foods Ltd.,Tarai Foods Ltd.,INE906C01016,Z,Active,Equity
519287,MODAIRY,Modern Dairies Ltd.,Modern Dairies Ltd.,INE617B01011,XT,Active,Equity
519295,BAMBINO,Bambino Agro Industries Ltd,Bambino Agro Industries Ltd,INE921D01013,X,Active,Equity
519299,PRIMIND,Prime Industries Ltd.,Prime Industries Ltd.,INE543F01028,XT,Active,Equity
519307,VIKASWSP,Vikas WSP Ltd.,Vikas WSP Ltd.,INE706A01022,Z,Active,Equity
519331,VSFPROJ,VSF Projects Limited,VSF Projects Limited,INE923K01014,X,Active,Equity
519353,NOVYRA,NOVYRA PHARMACHEM LIMITED,NOVYRA PHARMACHEM LIMITED,INE856E01019,ZP,Active,Equity
519359,POONADAL,Poona Dal And Oil Industries Ltd.,Poona Dal And Oil Industries Ltd.,INE809E01018,X,Active,Equity
519367,TRANSFD,Transglobe Foods Ltd.,Transglobe Foods Ltd.,INE213P01027,X,Active,Equity
519383,ANIKINDS,Anik Industries Limited,Anik Industries Limited,INE087B01017,B,Active,Equity
519397,SHINDL,Sharat Industries Ltd.,Sharat Industries Ltd.,INE220Z01013,B,Active,Equity
519413,DATIWARE,DATIWARE MARITIME INFRA LIMITED,DATIWARE MARITIME INFRA LIMITED,INE673U01014,P,Active,Equity
519415,KMGMILK,KMG Milk Food Limited,KMG Milk Food Limited,INE873N01015,P,Active,Equity
519421,KSE,KSE Ltd.,KSE Ltd.,INE953E01022,B,Active,Equity
519439,PIONAGR,Pioneer Agro Extracts ltd.,Pioneer Agro Extracts ltd.,INE062E01014,XT,Active,Equity
519457,VIRATCRA,Virat Crane Industries Ltd,Virat Crane Industries Ltd,INE295C01014,X,Active,Equity
519463,IBINFO,IB Infotech Enterprises Ltd,IB Infotech Enterprises Ltd,INE678B01039,X,Active,Equity
519471,AMBARPIL,Ambar Protein Industries Limited,Ambar Protein Industries Limited,INE072V01017,XT,Active,Equity
519475,CHORDIA,Chordia Food Products Ltd,Chordia Food Products Ltd,INE975C01011,XT,Active,Equity
519477,CIANAGRO,CIAN Agro Industries & Infrastructure Limited,CIAN Agro Industries & Infrastructure Limited,INE052V01019,B,Active,Equity
519479,OMEAG,Omega Ag-Seeds (Punjab) ltd.,Omega Ag-Seeds (Punjab) ltd.,INE112B01013,X,Active,Equity
519483,TAIIND,Tai Industries Ltd.,Tai Industries Ltd.,INE358D01018,X,Active,Equity
519494,NKIND,N.K.Industries Ltd.,N.K.Industries Ltd.,INE542C01019,B,Active,Equity
519500,BKV,BKV Industries Ltd.,BKV Industries Ltd.,INE356C01022,X,Active,Equity
519506,NCCBLUE,NCC Bluewater Products Ltd.,NCC Bluewater Products Ltd.,INE630N01019,P,Active,Equity
519528,NORBTEAEXP,Norben Tea & Exports Ltd,Norben Tea & Exports Ltd,INE369C01017,B,Active,Equity
519532,ASIANTNE,Asian Tea & Exports Ltd.,Asian Tea & Exports Ltd.,INE822B01017,B,Active,Equity
519552,HERITGFOOD,Heritage Foods Limited,Heritage Foods Limited,INE978A01027,B,Active,Equity
519566,SIMRAN,Simran Farms Ltd.,Simran Farms Ltd.,INE354D01017,X,Active,Equity
519574,HINDUST,Hindustan Agrigenetics Ltd.,Hindustan Agrigenetics Ltd.,INE092301014,X,Active,Equity
519600,CCL,CCL Products (India) Ltd.,CCL Products (India) Ltd.,INE421D01022,A,Active,Equity
519602,KELLTONTEC,Kellton Tech Solutions Ltd.,Kellton Tech Solutions Ltd.,INE164B01030,B,Active,Equity
519604,SURFI,Suryo Foods & Industries Ltd.,Suryo Foods & Industries Ltd.,INE565E01016,X,Active,Equity
519606,INTEGFD,Integrated Proteins Ltd.,Integrated Proteins Ltd.,INE177M01021,XT,Active,Equity
519612,LAKESHORE,LAKE SHORE REALTY LIMITED,LAKE SHORE REALTY LIMITED,INE734D01010,X,Active,Equity
520008,RICOAUTO,RICO Auto Industries Ltd.,RICO Auto Industries Ltd.,INE209B01025,B,Active,Equity
520021,OMAXAUTO,Omax Autos Ltd.,Omax Autos Ltd.,INE090B01011,B,Active,Equity
520043,MUNJALSHOW,Munjal Showa Ltd.,Munjal Showa Ltd.,INE577A01027,B,Active,Equity
520051,JAMNAAUTO,Jamna Auto Industries Ltd.,Jamna Auto Industries Ltd.,INE039C01032,A,Active,Equity
520056,TVSHLTD,TVS Holdings Limited,TVS Holdings Limited,INE105A01035,A,Active,Equity
520057,JTEKTINDIA,JTEKT India Limited,JTEKT India Limited,INE643A01035,B,Active,Equity
520059,MUNJALAU,Munjal Auto Industries Ltd.,Munjal Auto Industries Ltd.,INE672B01032,B,Active,Equity
520066,JAYBARMARU,Jay Bharat Maruti Ltd.,Jay Bharat Maruti Ltd.,INE571B01036,B,Active,Equity
520073,RACLGEAR,RACL Geartech Limited,RACL Geartech Limited,INE704B01017,B,Active,Equity
520075,SAMKRG,Samkrg Pistons and Rings Ltd.,Samkrg Pistons and Rings Ltd.,INE706B01012,X,Active,Equity
520081,ECSTSTL,East Coast Steel Ltd,East Coast Steel Ltd,INE315F01013,P,Active,Equity
520086,SICALLOG,Sical Logistics Limited,Sical Logistics Limited,INE075B01020,T,Active,Equity
520111,RATNAMANI,Ratnamani Metals & Tubes Ltd,Ratnamani Metals & Tubes Ltd,INE703B01027,A,Active,Equity
520113,VESUVIUS,Vesuvius India Ltd.,Vesuvius India Ltd.,INE386A01023,A,Active,Equity
520119,ASAL,Automotive Stampings and Assemblies Ltd.,Automotive Stampings and Assemblies Ltd.,INE900C01027,B,Active,Equity
520121,ARCEEIN,Arcee Indusrtries ltd.,Arcee Indusrtries ltd.,INE276D01012,X,Active,Equity
520123,ABCINDQ,ABC India Ltd.,ABC India Ltd.,INE125D01011,X,Active,Equity
520127,BALTE,Balurghat Technologies Ltd.,Balurghat Technologies Ltd.,INE654B01014,X,Active,Equity
520131,COARO,Coastal Roadways Ltd.,Coastal Roadways Ltd.,INE229E01019,P,Active,Equity
520141,SIBARAUT,Sibar Auto Parts Ltd.,Sibar Auto Parts Ltd.,INE441C01014,X,Active,Equity
520151,TRANSWORLD,TRANSWORLD SHIPPING LINES LIMITED,TRANSWORLD SHIPPING LINES LIMITED,INE757B01015,T,Active,Equity
520155,STARLOG,Starlog Enterprises Limited,Starlog Enterprises Limited,INE580C01019,X,Active,Equity
521003,SHVSUIT,Shiva Suitings Ltd.,Shiva Suitings Ltd.,INE02Z901011,P,Active,Equity
521005,TITANIN,TITAN INTECH LIMITED,TITAN INTECH LIMITED,INE807M01031,X,Active,Equity
521014,EUROTEXIND,Eurotex Industries & Exports Ltd.,Eurotex Industries & Exports Ltd.,INE022C01012,B,Active,Equity
521016,ICIL,Indo Count Industries Ltd,Indo Count Industries Ltd,INE483B01026,A,Active,Equity
521018,MARALOVER,Maral Overseas Ltd.,Maral Overseas Ltd.,INE882A01013,B,Active,Equity
521034,SOMATEX,Soma Textile & Industries Ltd,Soma Textile & Industries Ltd,INE314C01013,B,Active,Equity
521036,SOURCEIND,Source Industries (India) Ltd,Source Industries (India) Ltd,INE695C01015,XT,Active,Equity
521048,ADVLIFE,Advance Lifestyles Ltd.,Advance Lifestyles Ltd.,INE900E01015,X,Active,Equity
521054,KAKTEX,Kakatiya Textiles Ltd.,Kakatiya Textiles Ltd.,INE092E01011,X,Active,Equity
521062,OCTAVE,Perfect-Octave Media Projects Ltd,Perfect-Octave Media Projects Ltd,INE814L01013,X,Active,Equity
521064,TRIDENT,Trident Ltd,Trident Ltd,INE064C01022,A,Active,Equity
521068,HISARSP,Hisar Spinning Mills Ltd,Hisar Spinning Mills Ltd,INE689E01014,P,Active,Equity
521070,ALOKINDS,Alok Industries Ltd.,Alok Industries Ltd.,INE270A01029,A,Active,Equity
521080,PASARI,Pasari Spinning Mills Ltd.,Pasari Spinning Mills Ltd.,INE604F01010,X,Active,Equity
521097,AMARJOTHI,Amarjothi Spinning Mills Ltd,Amarjothi Spinning Mills Ltd,INE484D01012,B,Active,Equity
521105,OLYMPTX,Olympia Industries Ltd.,Olympia Industries Ltd.,INE482O01021,X,Active,Equity
521109,NAGREEKEXP,Nagreeka Exports Ltd.,Nagreeka Exports Ltd.,INE123B01028,B,Active,Equity
521113,SUDTIND-B,Suditi Industries Ltd.,Suditi Industries Ltd.,INE691D01012,X,Active,Equity
521131,SBFL,Shree Bhavya Fabrics Limited,Shree Bhavya Fabrics Limited,INE363D01018,X,Active,Equity
521133,GEMSPIN,Gem Spinners India Ltd,Gem Spinners India Ltd,INE165F01020,P,Active,Equity
521137,EUREKAI,Eureka Industries Ltd.,Eureka Industries Ltd.,INE958A01011,XT,Active,Equity
521141,ADITYASP,Aditya Spinners Ltd.,Aditya Spinners Ltd.,INE122D01026,X,Active,Equity
521149,PRIMEURB,Prime Urban Development India Ltd,Prime Urban Development India Ltd,INE419E01024,X,Active,Equity
521151,DHANFAB,Dhanlaxmi Fabrics Ltd.,Dhanlaxmi Fabrics Ltd.,INE953D01016,X,Active,Equity
521161,SLSTLQ,Sri Lakshmi Saraswathi Textiles (Ar,Sri Lakshmi Saraswathi Textiles (Ar,INE456D01010,X,Active,Equity
521163,ZODIACLOTH,Zodiac Clothing Co. Ltd.,Zodiac Clothing Co. Ltd.,INE206B01013,B,Active,Equity
521167,MAXGROW,MAXGROW INDIA LIMITED,MAXGROW INDIA LIMITED,INE485D01043,XT,Active,Equity
521178,SRMCL,Sri Ramakrishna Mills (Coimbatore) Ltd.,Sri Ramakrishna Mills (Coimbatore) Ltd.,INE306D01017,X,Active,Equity
521180,SUPERSPIN,Super Spinning Mills Ltd.,Super Spinning Mills Ltd.,INE662A01027,T,Active,Equity
521194,SILINV,SIL Investments Ltd,SIL Investments Ltd,INE923A01015,B,Active,Equity
521200,SURYALAXMI,Suryalakshmi Cotton Mills Ltd.,Suryalakshmi Cotton Mills Ltd.,INE713B01026,B,Active,Equity
521206,SAMTEX,Samtex Fashions Ltd.,Samtex Fashions Ltd.,INE931D01020,X,Active,Equity
521210,CITYMAN,Cityman Limited,Cityman Limited,INE117C01010,X,Active,Equity
521216,DHANROTO,Dhanalaxmi Roto Spinners Ltd.,Dhanalaxmi Roto Spinners Ltd.,INE220C01012,X,Active,Equity
521220,DAMODARIND,Damodar Industries Limited,Damodar Industries Limited,INE497D01022,T,Active,Equity
521222,SANBLUE,Sanblue Corporation Limited,Sanblue Corporation Limited,INE602D01027,X,Active,Equity
521226,UNIROYAL,Uniroyal Industries Ltd,Uniroyal Industries Ltd,INE980D01019,X,Active,Equity
521228,TATIAGLOB,Tatia Global Vennture Limited,Tatia Global Vennture Limited,INE083G01031,X,Active,Equity
521232,SUNILTX,Sunil Industries Ltd.,Sunil Industries Ltd.,INE124M01015,P,Active,Equity
521234,SRINACHA,Sri Nachammai Cotton Mills Ltd.,Sri Nachammai Cotton Mills Ltd.,INE443E01016,X,Active,Equity
521238,BGDL,BHARAT GLOBAL DEVELOPERS LIMITED,BHARAT GLOBAL DEVELOPERS LIMITED,INE893C01032,B,Active,Equity
521240,SAMBANDAM,Sambandam Spinning Mills Ltd.,Sambandam Spinning Mills Ltd.,INE304D01012,B,Active,Equity
521244,MKPMOB,MKP Mobility Limited,MKP Mobility Limited,INE676G01024,XT,Active,Equity
521246,PARASPETRO,Paras Petrofils Ltd.,Paras Petrofils Ltd.,INE162C01024,B,Active,Equity
521248,KITEX,Kitex Garmenets Ltd.,Kitex Garmenets Ltd.,INE602G01020,A,Active,Equity
522001,CRANEX,Cranex Ltd.,Cranex Ltd.,INE608B01010,XT,Active,Equity
522004,BATLIBOI,Batliboi Ltd,Batliboi Ltd,INE177C01022,B,Active,Equity
522005,AUSTENG,Austin Engineering Co. Ltd.,Austin Engineering Co. Ltd.,INE759F01012,B,Active,Equity
522014,UNIDT,United Drilling Tools Ltd.,United Drilling Tools Ltd.,INE961D01019,B,Active,Equity
522017,FLUIDOM,Fluidomat Ltd.,Fluidomat Ltd.,INE459C01016,X,Active,Equity
522027,EMAINDIA,Ema India Ltd.,Ema India Ltd.,INE279D01016,X,Active,Equity
522029,WINDMACHIN,Windsor Machines Limited,Windsor Machines Limited,INE052A01021,B,Active,Equity
522034,SHANTIGEAR,Shanthi Gears Ltd.,Shanthi Gears Ltd.,INE631A01022,B,Active,Equity
522036,MIVENMACH,Miven Machine Tools Ltd.,Miven Machine Tools Ltd.,INE338P01014,X,Active,Equity
522064,HONDAPOWER,HONDA INDIA POWER PRODUCTS LIMITED,HONDA INDIA POWER PRODUCTS LIMITED,INE634A01018,B,Active,Equity
522073,HITECHGEAR,The Hi-Tech Gears Limited,The Hi-Tech Gears Limited,INE127B01011,T,Active,Equity
522074,ELGIEQUIP,Elgi Equipments Ltd.,Elgi Equipments Ltd.,INE285A01027,A,Active,Equity
522091,UVDRHOR,United Van Der Horst Ltd.,United Van Der Horst Ltd.,INE890G01047,X,Active,Equity
522101,KLBRENG-B,Kilburn Engineering Ltd,Kilburn Engineering Ltd,INE338F01015,B,Active,Equity
522105,BIRLAPREC,Birla Precision Technologies Ltd,Birla Precision Technologies Ltd,INE372E01025,T,Active,Equity
522108,YUKEN,Yuken India Ltd.,Yuken India Ltd.,INE384C01016,B,Active,Equity
522113,TIMKEN,Timken India Ltd,Timken India Ltd,INE325A01013,A,Active,Equity
522122,VOITHPAPR,Voith Paper Fabrics India Ltd,Voith Paper Fabrics India Ltd,INE285C01015,B,Active,Equity
522134,ARTSON,ARTSON LIMITED,ARTSON LIMITED,INE133D01023,X,Active,Equity
522152,SOLIMAC,Solitaire Machine Tools Ltd,Solitaire Machine Tools Ltd,INE410A01013,X,Active,Equity
522163,DIACABS,Diamond Power Infrastructure Limited,Diamond Power Infrastructure Limited,INE989C01038,T,Active,Equity
522165,INDSILHYD,Indsil Hydro Power and Manganese Limited,Indsil Hydro Power and Manganese Limited,INE867D01018,X,Active,Equity
522183,ITL,ITL Industries Ltd.,ITL Industries Ltd.,INE478D01014,B,Active,Equity
522195,FRONTSP,Frontier Springs Ltd.,Frontier Springs Ltd.,INE572D01014,B,Active,Equity
522205,PRAJIND,Praj Industries Ltd.,Praj Industries Ltd.,INE074A01025,A,Active,Equity
522207,RASANDIK,Rasandik Engg. Industries India Ltd,Rasandik Engg. Industries India Ltd,INE682D01011,X,Active,Equity
522209,YOGISUNG,Yogi Sung-won (India) Ltd.,Yogi Sung-won (India) Ltd.,INE429B01011,X,Active,Equity
522215,HLEGLAS,HLE GLASCOAT LIMITED,HLE GLASCOAT LIMITED,INE461D01028,B,Active,Equity
522217,GUJAPOLLO,Gujarat Apollo Industries Ltd.,Gujarat Apollo Industries Ltd.,INE826C01016,B,Active,Equity
522229,TANAA,Taneja Aerospace & Aviation Ltd.,Taneja Aerospace & Aviation Ltd.,INE692C01020,B,Active,Equity
522231,CONART,Conart Engineers Ltd.,Conart Engineers Ltd.,INE714D01020,X,Active,Equity
522235,MINALIND,Minal Industries Limited,Minal Industries Limited,INE097E01028,T,Active,Equity
522237,SHIVAGR,Shivagrico Implements Ltd.,Shivagrico Implements Ltd.,INE092H01014,X,Active,Equity
522241,MMFL,M.M.Forgings Ltd.,M.M.Forgings Ltd.,INE227C01017,B,Active,Equity
522249,MAYURUNIQ,Mayur Uniquoters ltd.,Mayur Uniquoters ltd.,INE040D01038,B,Active,Equity
522251,CENLUB,Cenlub Industries Ltd.,Cenlub Industries Ltd.,INE627F01011,X,Active,Equity
522257,RAJOOENG,Rajoo Engineers Ltd.,Rajoo Engineers Ltd.,INE535F01024,T,Active,Equity
522261,DOLPHIN,Dolphin Offshore Enterprises (India) ltd.,Dolphin Offshore Enterprises (India) ltd.,INE920A01037,B,Active,Equity
522267,VJLAXMIE,Veejay Lakshmi Engineering Works Lt,Veejay Lakshmi Engineering Works Lt,INE466D01019,X,Active,Equity
522273,AHMDSTE,Ahmedabad Steelcraft Ltd.,Ahmedabad Steelcraft Ltd.,INE868C01018,X,Active,Equity
522275,GVT&D,GE Vernova T&D India Limited,GE Vernova T&D India Limited,INE200A01026,A,Active,Equity
522281,RAMRAT,Ram Ratna Wires Ltd.,Ram Ratna Wires Ltd.,INE207E01023,B,Active,Equity
522285,JAYNECOIND,Jayaswal Neco Industries Ltd,Jayaswal Neco Industries Ltd,INE854B01010,A,Active,Equity
522287,KPIL,KALPATARU PROJECTS INTERNATIONAL LIMITED,KALPATARU PROJECTS INTERNATIONAL LIMITED,INE220B01022,A,Active,Equity
522289,NMSGLOBAL,NMS GLOBAL LIMITED,NMS GLOBAL LIMITED,INE169F01014,X,Active,Equity
522292,CANDOUR,CANDOUR TECHTEX LIMITED,CANDOUR TECHTEX LIMITED,INE713D01055,XT,Active,Equity
522294,TIGLOB,T & I Global Ltd.,T & I Global Ltd.,INE811B01010,X,Active,Equity
522295,CONTROLPR,CONTROL PRINT LIMITED,CONTROL PRINT LIMITED,INE663B01015,B,Active,Equity
522650,BEMHY,Bemco Hydraulics Ltd.,Bemco Hydraulics Ltd.,INE142E01022,X,Active,Equity
523007,ANSALBU,Ansal Buildwell Ltd.,Ansal Buildwell Ltd.,INE030C01015,B,Active,Equity
523011,WEIZMANIND,Weizmann Limited.,Weizmann Limited.,INE080A01014,B,Active,Equity
523019,BNRSEC,B.N.Rathi Securities Ltd.,B.N.Rathi Securities Ltd.,INE710D01028,X,Active,Equity
523021,RISHITECH,Rishi Techtex Limited,Rishi Techtex Limited,INE989D01010,X,Active,Equity
523023,SINCLAIR,SINCLAIRS HOTELS LIMITED,SINCLAIRS HOTELS LIMITED,INE985A01022,B,Active,Equity
523025,SAFARI,Safari Industries (India) Ltd.,Safari Industries (India) Ltd.,INE429E01023,A,Active,Equity
523031,ADSDIAG,A.D.S. Diagnostics Ltd.,A.D.S. Diagnostics Ltd.,-,Y,Active,Equity
523054,ZBINTXPP,Binayak Tex Processors  Ltd.,Binayak Tex Processors  Ltd.,INE626H01019,XT,Active,Equity
523062,JJFINCOR,J.J. Finance Corporation Ltd.,J.J. Finance Corporation Ltd.,INE584C01011,XT,Active,Equity
523100,COSMOFE,Cosmo Ferrites Ltd.,Cosmo Ferrites Ltd.,INE124B01018,X,Active,Equity
523105,CROPSTER,CROPSTER AGRO LIMITED,CROPSTER AGRO LIMITED,INE293E01031,XT,Active,Equity
523113,FUTURSEC,Futuristic Securities Ltd,Futuristic Securities Ltd,INE425D01015,XT,Active,Equity
523116,SANCTRN,Sanco Trans Ltd.,Sanco Trans Ltd.,INE391G01012,X,Active,Equity
523120,THRIVE,THRIVE FUTURE HABITATS LIMITED,THRIVE FUTURE HABITATS LIMITED,INE628D01014,XT,Active,Equity
523127,EIHAHOTELS,EIH Associated Hotels Ltd.,EIH Associated Hotels Ltd.,INE276C01014,B,Active,Equity
523144,MEDICAPQ,Medi-Caps Ltd.,Medi-Caps Ltd.,INE442D01010,T,Active,Equity
523160,FOSECOC,FOSECO CRUCIBLE INDIA LIMITED,FOSECO CRUCIBLE INDIA LIMITED,INE599F01020,X,Active,Equity
523186,BAPACK,B&A Packaging India Limited,B&A Packaging India Limited,INE00FM01013,X,Active,Equity
523204,ABAN,Aban  Offshore Ltd.,Aban  Offshore Ltd.,INE421A01028,T,Active,Equity
523207,KOKUYOCMLN,Kokuyo Camlin Ltd,Kokuyo Camlin Ltd,INE760A01029,B,Active,Equity
523222,SRMENERGY,SRM Energy Limited,SRM Energy Limited,INE173J01018,XT,Active,Equity
523229,BHARATSE,Bharat Seats Ltd,Bharat Seats Ltd,INE415D01024,B,Active,Equity
523232,CONTPTR,Continental Petroleums Ltd.,Continental Petroleums Ltd.,INE369D01023,X,Active,Equity
523242,NBFOOT,N.B. Footwear Ltd.,N.B. Footwear Ltd.,INE006F01018,P,Active,Equity
523248,MACPLASQ,Machino Plastics Ltd,Machino Plastics Ltd,INE082B01018,X,Active,Equity
523260,PEARLPOLY,Pearl Polymers Ltd.,Pearl Polymers Ltd.,INE844A01013,B,Active,Equity
523261,VENKEYS,Venky's (India) ltd.,Venky's (India) ltd.,INE398A01010,B,Active,Equity
523269,ADVANIHOTR,Advani Hotels & Resorts (India) Ltd.,Advani Hotels & Resorts (India) Ltd.,INE199C01026,B,Active,Equity
523277,GVFILM,G.V. Films  Ltd.,G.V. Films  Ltd.,INE395B01048,X,Active,Equity
523283,SUPERHOUSE,Superhouse limited,Superhouse limited,INE712B01010,B,Active,Equity
523289,RAMAVISION,Rama Vision Ltd,Rama Vision Ltd,INE763B01013,X,Active,Equity
523301,TCPLPACK,TCPL Packaging Limited,TCPL Packaging Limited,INE822C01015,B,Active,Equity
523309,SHRIGANG,Shri Gang Industries & Allied Products Limited,Shri Gang Industries & Allied Products Limited,INE241V01018,X,Active,Equity
523315,PURITY,Purity Flex Pack Ltd,Purity Flex Pack Ltd,INE898O01010,X,Active,Equity
523319,BALMLAWRIE,BALMER LAWRIE AND COMPANY LIMITED,BALMER LAWRIE AND COMPANY LIMITED,INE164A01016,B,Active,Equity
523323,KOVAI,Kovai Medical Center & Hospital Ltd,Kovai Medical Center & Hospital Ltd,INE177F01017,B,Active,Equity
523329,ELDEHSG,Eldeco Housing & Ind. Ltd.,Eldeco Housing & Ind. Ltd.,INE668G01021,B,Active,Equity
523343,MICROSE,Microse India Limited,Microse India Limited,INE809F01015,XT,Active,Equity
523351,STDSHOE,Standard Shoe Sole and Mould (India) Ltd,Standard Shoe Sole and Mould (India) Ltd,INE888N01013,P,Active,Equity
523367,DCMSHRIRAM,DCM Shriram Limited,DCM Shriram Limited,INE499A01024,A,Active,Equity
523369,DCMSRIND,DCM Shriram Industries Ltd.,DCM Shriram Industries Ltd.,INE843D01027,B,Active,Equity
523371,MAWANASUG,Mawana Sugars Ltd,Mawana Sugars Ltd,INE636A01039,B,Active,Equity
523373,MINID,Mini Diamonds (India) Ltd.,Mini Diamonds (India) Ltd.,INE281E01028,X,Active,Equity
523384,MAHAPEXLTD,Maha Rashtra Apex Corporation Ltd,Maha Rashtra Apex Corporation Ltd,INE843B01013,B,Active,Equity
523385,NILKAMAL,Nilkamal Limited,Nilkamal Limited,INE310A01015,B,Active,Equity
523387,HOM,HOMRE LIMITED,HOMRE LIMITED,INE982C01033,X,Active,Equity
523391,NAHARPOLY,Nahar Polyfilms Ltd.,Nahar Polyfilms Ltd.,INE308A01027,B,Active,Equity
523395,3MINDIA,3M India Ltd.,3M India Ltd.,INE470A01017,A,Active,Equity
523398,BOSCH-HCIL,BOSCH HOME COMFORT INDIA LIMITED,BOSCH HOME COMFORT INDIA LIMITED,INE782A01015,B,Active,Equity
523405,JMFINANCIL,JM Financial Limited,JM Financial Limited,INE780C01023,A,Active,Equity
523411,ADCINDIA,ADC India Communications Limited,ADC India Communications Limited,INE833A01016,XT,Active,Equity
523419,TNTELE,Tamilnadu Telecommunications Ltd.,Tamilnadu Telecommunications Ltd.,INE141D01018,B,Active,Equity
523425,SUNRAJDI,Sunraj Diamond Exports Ltd.,Sunraj Diamond Exports Ltd.,INE459D01014,X,Active,Equity
523445,RIIL,Reliance Industrial Infrastructure,Reliance Industrial Infrastructure,INE046A01015,B,Active,Equity
523457,LINDEINDIA,Linde India Limited,Linde India Limited,INE473A01011,A,Active,Equity
523465,INDBNK,Ind Bank Housing Ltd,Ind Bank Housing Ltd,INE969D01012,B,Active,Equity
523467,JAIMATAG,Jai Mata Glass Ltd.,Jai Mata Glass Ltd.,INE250C01027,XT,Active,Equity
523475,LOTUSCHO,Lotus Chocolate Co. Ltd.,Lotus Chocolate Co. Ltd.,INE026D01011,B,Active,Equity
523483,PACIFICI,Pacific Industries ltd.,Pacific Industries ltd.,INE883C01025,B,Active,Equity
523489,CMMHOSP,Chennai Meenakshi Multispeciality Hospital Ltd.,Chennai Meenakshi Multispeciality Hospital Ltd.,INE889F01017,X,Active,Equity
523519,UNIOFFICE,Universal Office Automation Limited,Universal Office Automation Limited,INE951C01012,X,Active,Equity
523537,APMIN,APM Industries Ltd.,APM Industries Ltd.,INE170D01025,X,Active,Equity
523539,PRECWIRE,Precision Wires India ltd.,Precision Wires India ltd.,INE372C01037,B,Active,Equity
523550,KRYPTONQ,Krypton Industries Ltd,Krypton Industries Ltd,INE951B01014,X,Active,Equity
523558,SWISSMLTRY,SWISS MILITARY CONSUMER GOODS LIMITED,SWISS MILITARY CONSUMER GOODS LIMITED,INE010C01025,T,Active,Equity
523566,MARBU,Martin Burn Ltd,Martin Burn Ltd,INE199D01016,X,Active,Equity
523574,FEL,Future Enterprises Limited,Future Enterprises Limited,INE623B01027,Z,Active,Equity
523586,INDTONER,Indian Toners & Developers Ltd.,Indian Toners & Developers Ltd.,INE826B01026,X,Active,Equity
523594,KUNSTOFF,Kunststoffe Industries Ltd.,Kunststoffe Industries Ltd.,INE638D01021,X,Active,Equity
523598,SCI,Shipping Corporation Of India Ltd,Shipping Corporation Of India Ltd,INE109A01011,A,Active,Equity
523606,SIKA,Sika Interplant Systems Ltd.,Sika Interplant Systems Ltd.,INE438E01032,B,Active,Equity
523610,ITI,ITI Limited (Indian Teleph.Ind.Ltd),ITI Limited (Indian Teleph.Ind.Ltd),INE248A01017,B,Active,Equity
523618,DREDGECORP,Dredging Corporation of India Ltd.,Dredging Corporation of India Ltd.,INE506A01018,B,Active,Equity
523620,PHRMASI,Phaarmasia Limited.,Phaarmasia Limited.,INE486I01016,X,Active,Equity
523630,NFL,National Fertilizers Ltd.,National Fertilizers Ltd.,INE870D01012,B,Active,Equity
523638,IPRINGLTD,IP Rings Ltd.,IP Rings Ltd.,INE558A01019,B,Active,Equity
523642,PIIND,PI Industries Limited,PI Industries Limited,INE603J01030,A,Active,Equity
523648,PLASTIBLEN,Plastiblends India Ltd.,Plastiblends India Ltd.,INE083C01022,B,Active,Equity
523650,YASHINNO,YASH INNOVENTURES LIMITED,YASH INNOVENTURES LIMITED,INE823D01011,X,Active,Equity
523660,WATERBASE,Waterbase Limited,Waterbase Limited,INE054C01015,B,Active,Equity
523672,FLEXFO,Flex Foods Ltd.,Flex Foods Ltd.,INE954B01018,X,Active,Equity
523676,GOLKUNDIA,Golkunda Diamonds & Jewellery Ltd.,Golkunda Diamonds & Jewellery Ltd.,INE798D01015,X,Active,Equity
523694,APCOTEXIND,Apcotex Industries Limited,Apcotex Industries Limited,INE116A01032,B,Active,Equity
523696,FORTISMLR,Fortis Malar Hospitals Limited,Fortis Malar Hospitals Limited,INE842B01015,X,Active,Equity
523704,MASTEK,Mastek Limited,Mastek Limited,INE759A01021,A,Active,Equity
523708,EIMCOELECO,EIMCO Elecon India Ltd.,EIMCO Elecon India Ltd.,INE158B01016,B,Active,Equity
523710,SAYAJIHOTL,SAYAJI HOTELS LIMITED,SAYAJI HOTELS LIMITED,INE318C01014,B,Active,Equity
523716,ASHIANA,Ashiana Housing Limited,Ashiana Housing Limited,INE365D01021,B,Active,Equity
523722,SVAMSOF,Svam Software Ltd,Svam Software Ltd,INE119B01018,X,Active,Equity
523732,ECOBOAR,Ecoboard Industries Ltd,Ecoboard Industries Ltd,INE866A01016,X,Active,Equity
523736,DVL,Dhunseri Ventures Limited,Dhunseri Ventures Limited,INE477B01010,B,Active,Equity
523752,TIHIL,TRANS INDIA HOUSE IMPEX LIMITED,TRANS INDIA HOUSE IMPEX LIMITED,INE502D01011,X,Active,Equity
523754,MAHEPC,MAHINDRA EPC IRRIGATION LIMITED,MAHINDRA EPC IRRIGATION LIMITED,INE215D01010,B,Active,Equity
523782,MITSHI,Mitshi India Limited,Mitshi India Limited,INE844D01017,X,Active,Equity
523790,SHUKJEW,Shukra Jewellers Limited,Shukra Jewellers Limited,INE344E01016,P,Active,Equity
523792,MAZDA,Mazda Ltd.,Mazda Ltd.,INE885E01042,T,Active,Equity
523796,VHLTD,Viceroy Hotels Ltd.,Viceroy Hotels Ltd.,INE048C01025,T,Active,Equity
523826,SOVERDIA,Sovereign Diamonds Ltd,Sovereign Diamonds Ltd,INE959D01013,X,Active,Equity
523828,MENONBE,Menon Bearings Ltd,Menon Bearings Ltd,INE071D01033,B,Active,Equity
523832,MUKATPIP,Mukat Pipes Limited,Mukat Pipes Limited,INE862C01029,X,Active,Equity
523836,GUJRAFFIA,Gujarat Raffia Ind. Ltd.,Gujarat Raffia Ind. Ltd.,INE610B01024,B,Active,Equity
523838,SIMPLEXINF,Simplex Infrastructures Limited,Simplex Infrastructures Limited,INE059B01024,B,Active,Equity
523840,INNOVTEC,Innovative Tech Pack Ltd,Innovative Tech Pack Ltd,INE965C01038,X,Active,Equity
523842,SUPTANERY,Super Tannery Limited,Super Tannery Limited,INE460D01038,T,Active,Equity
523844,CONSTRONIC,CONSTRONICS INFRA LIMITED,CONSTRONICS INFRA LIMITED,INE537B01011,X,Active,Equity
523850,AXTEL,Axtel Industries Ltd.,Axtel Industries Ltd.,INE767C01012,B,Active,Equity
523862,GRANDOAK,GRAND OAK CANYONS DISTILLERY LIMITED,GRAND OAK CANYONS DISTILLERY LIMITED,INE926B01016,B,Active,Equity
523874,EASTINDIA,East India Drums and Barrels Manufacturing Limited,East India Drums and Barrels Manufacturing Limited,INE191C01023,XT,Active,Equity
523888,MEGAMONT,MEGAMONT LIMITED,MEGAMONT LIMITED,INE317D01014,X,Active,Equity
523890,DSKULKARNI,D.S.Kulkarni Developers Ltd,D.S.Kulkarni Developers Ltd,INE891A01022,T,Active,Equity
524000,POONAWALLA,POONAWALLA FINCORP LIMITED,POONAWALLA FINCORP LIMITED,INE511C01022,A,Active,Equity
524019,KINGFA,Kingfa Science & Technology (India) Ltd,Kingfa Science & Technology (India) Ltd,INE473D01015,B,Active,Equity
524031,PATIDAR,Patidar Buildcon Limited,Patidar Buildcon Limited,INE637N01014,X,Active,Equity
524037,RAMAPHO,Rama Phosphates Ltd.,Rama Phosphates Ltd.,INE809A01032,B,Active,Equity
524038,VENLONENT,Venlon Enterprises Ltd.,Venlon Enterprises Ltd.,INE204D01022,X,Active,Equity
524046,PETPLST,Pet Plastics Ltd.,Pet Plastics Ltd.,INE704F01018,XT,Active,Equity
524051,POLYPLEX,Polyplex Corporation Ltd.,Polyplex Corporation Ltd.,INE633B01018,B,Active,Equity
524055,PANIDPR,Panther Industrial Products Ltd.,Panther Industrial Products Ltd.,INE181D01014,X,Active,Equity
524075,ALBERTDAVD,Albert David Ltd.,Albert David Ltd.,INE155C01010,B,Active,Equity
524080,HARLETH,Haryana Leather Chemicals Ltd.,Haryana Leather Chemicals Ltd.,INE681F01018,X,Active,Equity
524091,CARYSIL,CARYSIL LIMITED,CARYSIL LIMITED,INE482D01024,B,Active,Equity
524109,KABRAEXTRU,Kabra Extrusion Technik Ltd,Kabra Extrusion Technik Ltd,INE900B01029,B,Active,Equity
524129,VINYLINDIA,Vinyl Chemicals (India) Ltd.,Vinyl Chemicals (India) Ltd.,INE250B01029,B,Active,Equity
524136,PCCOSMA,Pee Cee Cosma Sope Ltd.,Pee Cee Cosma Sope Ltd.,INE417E01010,XT,Active,Equity
524156,TCMLMTD,TCM Ltd.,TCM Ltd.,INE034F01010,X,Active,Equity
524164,IOLCP,IOL Chemicals & Pharmaceuticals Ltd,IOL Chemicals & Pharmaceuticals Ltd,INE485C01029,B,Active,Equity
524174,KESARPE,Kesar Petroproducts Ltd,Kesar Petroproducts Ltd,INE133C01033,X,Active,Equity
524200,VINATIORGA,Vinati Organics Ltd.,Vinati Organics Ltd.,INE410B01037,A,Active,Equity
524202,LACTOSE,Lactose (India) Ltd.,Lactose (India) Ltd.,INE058I01013,X,Active,Equity
524204,TEEAI,Teesta Agro Industries Ltd,Teesta Agro Industries Ltd,INE757D01011,X,Active,Equity
524208,AARTIIND,Aarti Industries Ltd,Aarti Industries Ltd,INE769A01020,A,Active,Equity
524210,PNTKYOR,Pentokey Organy (India) Ltd.,Pentokey Organy (India) Ltd.,INE702E01015,X,Active,Equity
524212,WANBURY,Wanbury Limited,Wanbury Limited,INE107F01022,B,Active,Equity
524218,RESONANCE,Resonance Specialties Limited,Resonance Specialties Limited,INE486D01017,XT,Active,Equity
524226,GAEL,Gujarat Ambuja Exports Ltd.,Gujarat Ambuja Exports Ltd.,INE036B01030,B,Active,Equity
524230,RCF,Rashtriya Chemicals & Fertilizers Limited,Rashtriya Chemicals & Fertilizers Limited,INE027A01015,A,Active,Equity
524238,GUJINJEC,Gujarat Inject (Kerala) Ltd.,Gujarat Inject (Kerala) Ltd.,INE659F01022,XT,Active,Equity
524280,KOPRAN,Kopran Ltd.,Kopran Ltd.,INE082A01010,B,Active,Equity
524288,AIMCOPEST,Aimco Pesticides Ltd.,Aimco Pesticides Ltd.,INE008B01013,X,Active,Equity
524314,GUJTERC,Gujarat Terce Laboratories Ltd,Gujarat Terce Laboratories Ltd,INE499G01013,X,Active,Equity
524322,KABRADG,Kabra Drugs Ltd,Kabra Drugs Ltd,INE323K01017,X,Active,Equity
524324,SEYAIND,Seya Industries Ltd,Seya Industries Ltd,INE573R01012,T,Active,Equity
524330,JAYAGROGN,Jayant Agro-Organics Limited.,Jayant Agro-Organics Limited.,INE785A01026,B,Active,Equity
524332,BCLIND,BCL INDUSTRIES LIMITED,BCL INDUSTRIES LIMITED,INE412G01024,B,Active,Equity
524336,SHHARICH,Shree Hari Chemicals Export Ltd.,Shree Hari Chemicals Export Ltd.,INE065E01017,XT,Active,Equity
524342,INDOBORAX,Indo Borax & Chemicals Ltd.,Indo Borax & Chemicals Ltd.,INE803D01021,B,Active,Equity
524348,AARTIDRUGS,Aarti Drugs Limited,Aarti Drugs Limited,INE767A01016,B,Active,Equity
524370,BODALCHEM,Bodal Chemicals Ltd,Bodal Chemicals Ltd,INE338D01028,T,Active,Equity
524372,ORCHPHARMA,Orchid Pharma Limited,Orchid Pharma Limited,INE191A01027,B,Active,Equity
524394,VIMTALABS,Vimta Labs Ltd.,Vimta Labs Ltd.,INE579C01029,B,Active,Equity
524396,BIOFILCHEM,Biofil Chemicals & Pharmaceuticals,Biofil Chemicals & Pharmaceuticals,INE829A01014,B,Active,Equity
524400,ISHITADR,Ishita Drugs & Industries Ltd.,Ishita Drugs & Industries Ltd.,INE806D01016,X,Active,Equity
524404,MARKSANS,Marksans Pharma Ltd.,Marksans Pharma Ltd.,INE750C01026,A,Active,Equity
524408,UNIVSTAR,Universal Starch-Chem Allied Ltd.,Universal Starch-Chem Allied Ltd.,INE113E01015,X,Active,Equity
524412,AAREYDRUGS,Aarey Drugs & Pharmaceuticals Ltd,Aarey Drugs & Pharmaceuticals Ltd,INE198H01019,B,Active,Equity
524414,NORRIS,Norris Medicines Ltd.,Norris Medicines Ltd.,INE744C01029,X,Active,Equity
524434,ASINPET,Asian Petroproducts & Exports Ltd.,Asian Petroproducts & Exports Ltd.,INE810M01019,X,Active,Equity
524440,CAMEXLTD,Camex  Ltd.,Camex  Ltd.,INE198C01010,X,Active,Equity
524444,EVEXIA,EVEXIA LIFECARE LIMITED,EVEXIA LIFECARE LIMITED,INE313M01030,X,Active,Equity
524458,INDOEURO,Indo Euro Indchem Limited,Indo Euro Indchem Limited,INE319N01019,X,Active,Equity
524470,SYNCOMF,Syncom Formulations (India) Ltd.,Syncom Formulations (India) Ltd.,INE312C01025,B,Active,Equity
524480,RIDDHI,Riddhi Siddhi Gluco Biols Ltd,Riddhi Siddhi Gluco Biols Ltd,INE249D01019,X,Active,Equity
524488,SVCIND,SVC INDUSTRIES LIMITED,SVC INDUSTRIES LIMITED,INE038B01010,X,Active,Equity
524494,IPCALAB,Ipca Laboratories Ltd.,Ipca Laboratories Ltd.,INE571A01038,A,Active,Equity
524500,KILITCH,Kilitch Drugs (I) Ltd.,Kilitch Drugs (I) Ltd.,INE729D01010,T,Active,Equity
524502,RAAJMEDI,Raaj Medisafe India Limited,Raaj Medisafe India Limited,INE548H01015,XT,Active,Equity
524506,CORALAB,Coral Laboratories Ltd.,Coral Laboratories Ltd.,INE683E01017,XT,Active,Equity
524514,TULASEEBIOE,Tulasee Bio-Ethanol Ltd.,Tulasee Bio-Ethanol Ltd.,INE276N01011,ZP,Active,Equity
524516,BACPHAR,Bacil Pharma Ltd.,Bacil Pharma Ltd.,INE711D01018,XT,Active,Equity
524518,KREBSBIO,Krebs Biochemicals & Industries Ltd.,Krebs Biochemicals & Industries Ltd.,INE268B01013,B,Active,Equity
524520,KMCSHIL,KMC Speciality Hospitals India Limited,KMC Speciality Hospitals India Limited,INE879K01018,B,Active,Equity
524522,LAFFANSQ,Laffans Petrochemicals Ltd.,Laffans Petrochemicals Ltd.,INE919B01011,X,Active,Equity
524534,BHASKAGR,Bhaskar Agrochemicals Ltd.,Bhaskar Agrochemicals Ltd.,INE972C01018,X,Active,Equity
524542,SUKHJITS,Sukhjit Starch & Chemicals Ltd.,Sukhjit Starch & Chemicals Ltd.,INE450E01029,B,Active,Equity
524548,SHARMEH,Sharma East India Hospitals And Res,Sharma East India Hospitals And Res,INE465H01012,X,Active,Equity
524558,NEULANDLAB,Neuland Laboratories Limited.,Neuland Laboratories Limited.,INE794A01010,A,Active,Equity
524564,GAYATRIBI,Gayatri BioOrganics Ltd,Gayatri BioOrganics Ltd,INE052E01015,XT,Active,Equity
524570,PODDARMENT,Poddar Pigments Ltd.,Poddar Pigments Ltd.,INE371C01013,B,Active,Equity
524572,PHARMAID,Pharmaids Pharmaceuticals Ltd.,Pharmaids Pharmaceuticals Ltd.,INE117D01018,X,Active,Equity
524576,VIVIDIND,Vivid Global Industries Limited,Vivid Global Industries Limited,INE737C01023,X,Active,Equity
524580,PRIYALT,Priya Limited.,Priya Limited.,INE686C01014,X,Active,Equity
524582,TIRUSTA,Tirupati Starch & Chemicals Ltd.,Tirupati Starch & Chemicals Ltd.,INE314D01011,X,Active,Equity
524592,JAYSYNTH,JAYSYNTH ORGOCHEM LIMITED,JAYSYNTH ORGOCHEM LIMITED,INE263B01022,XT,Active,Equity
524594,AEONXDIGI,Aeonx Digital Technology Limited,Aeonx Digital Technology Limited,INE994D01010,X,Active,Equity
524598,AKSHARCHEM,AksharChem (India) Ltd.,AksharChem (India) Ltd.,INE542B01011,T,Active,Equity
524602,BANDARAM,BANDARAM PHARMA PACKTECH LIMITED,BANDARAM PHARMA PACKTECH LIMITED,INE875N01036,X,Active,Equity
524606,BERLDRG,Beryl Drugs Ltd.,Beryl Drugs Ltd.,INE415H01017,X,Active,Equity
524614,INDXTRA,IEL LIMITED,IEL LIMITED,INE056E01024,X,Active,Equity
524622,ISTRNETWK,iStreet Network Limited,iStreet Network Limited,INE532B01020,X,Active,Equity
524624,GAGAN,Gagan Gases Ltd.,Gagan Gases Ltd.,INE076D01016,X,Active,Equity
524628,PARKERAC,Parker Agro Chem Export Ltd.,Parker Agro Chem Export Ltd.,INE750B01010,X,Active,Equity
524632,SHUKRAPHAR,Shukra Pharmaceuticals Limited,Shukra Pharmaceuticals Limited,INE551C01044,B,Active,Equity
524634,ALUFLUOR,Alufluoride  Ltd.,Alufluoride  Ltd.,INE058F01019,B,Active,Equity
524636,OXYGENTAPH,OXYGENTA PHARMACEUTICAL LIMITED,OXYGENTA PHARMACEUTICAL LIMITED,INE102E01018,XT,Active,Equity
524640,ARCHITORG,Archit Organosys Limited,Archit Organosys Limited,INE078I01011,XT,Active,Equity
524648,INDOAMIN,Indo Amines Ltd.,Indo Amines Ltd.,INE760F01028,B,Active,Equity
524654,NATCAPSUQ,Natural Capsules Ltd.,Natural Capsules Ltd.,INE936B01015,T,Active,Equity
524661,WELCURE,Welcure Drugs & Pharmaceuticals ltd,Welcure Drugs & Pharmaceuticals ltd,INE331C01025,X,Active,Equity
524663,BIBCL,Bharat Immunologicals & Biologicals,Bharat Immunologicals & Biologicals,INE994B01014,B,Active,Equity
524667,SOTL,Savita Oil Technologies Limited,Savita Oil Technologies Limited,INE035D01020,B,Active,Equity
524669,HESTERBIO,Hester Biosciences Ltd,Hester Biosciences Ltd,INE782E01017,B,Active,Equity
524675,KABSON,Kabsons Industries Ltd.,Kabsons Industries Ltd.,INE645C01010,X,Active,Equity
524687,BASANTGL,Basant Agro-Tech (India) Ltd.,Basant Agro-Tech (India) Ltd.,INE473E01021,X,Active,Equity
524703,SANDUPHQ,Sandu Pharmaceuticals Ltd.,Sandu Pharmaceuticals Ltd.,INE751D01014,X,Active,Equity
524709,NACLIND,NACL Industries Limited,NACL Industries Limited,INE295D01020,B,Active,Equity
524711,VISTAPH,Vista Pharmaceuticals Ltd.,Vista Pharmaceuticals Ltd.,INE427C01021,X,Active,Equity
524715,SUNPHARMA,Sun Pharmaceutical Industries Ltd.,Sun Pharmaceutical Industries Ltd.,INE044A01036,A,Active,Equity
524717,TITANBIO,Titan Bio-Tech Ltd.,Titan Bio-Tech Ltd.,INE150C01029,B,Active,Equity
524723,ARVAYA,Arvaya Healthcare Limited,Arvaya Healthcare Limited,INE491D01017,XT,Active,Equity
524727,SDL,Span Divergent Limited,Span Divergent Limited,INE004E01016,X,Active,Equity
524731,JENBURPH,Jenburkt Pharmaceuticals Ltd.,Jenburkt Pharmaceuticals Ltd.,INE354A01013,B,Active,Equity
524735,HIKAL,Hikal Ltd.,Hikal Ltd.,INE475B01022,B,Active,Equity
524742,CAPLIPOINT,Caplin Point Laboratories Ltd.,Caplin Point Laboratories Ltd.,INE475E01026,A,Active,Equity
524743,FISCHER,FISCHER MEDICAL VENTURES LIMITED,FISCHER MEDICAL VENTURES LIMITED,INE771F01041,B,Active,Equity
524748,LINKPH,Link Pharma Chem Ltd.,Link Pharma Chem Ltd.,INE302F01011,X,Active,Equity
524752,DECIPHER,DECIPHER LABS LIMITED,DECIPHER LABS LIMITED,INE643N01012,X,Active,Equity
524768,EMMESSA,Emmessar Biotech & Nutrition Ltd.,Emmessar Biotech & Nutrition Ltd.,INE634B01016,X,Active,Equity
524774,NGLFINE,NGL Fine Chem Ltd.,NGL Fine Chem Ltd.,INE887E01022,B,Active,Equity
524790,EVERESTO,Everest Organics Ltd.,Everest Organics Ltd.,INE334C01029,X,Active,Equity
524804,AUROPHARMA,Aurobindo Pharma Ltd.,Aurobindo Pharma Ltd.,INE406A01037,A,Active,Equity
524808,PHYTO,Phyto Chem (India) Ltd.,Phyto Chem (India) Ltd.,INE037C01010,X,Active,Equity
524816,NATCOPHARM,Natco Pharma Ltd.,Natco Pharma Ltd.,INE987B01026,A,Active,Equity
524818,DYNAMIND,Dynamic Industries Ltd.,Dynamic Industries Ltd.,INE457C01010,X,Active,Equity
524820,PANAMAPET,Panama Petrochem Ltd.,Panama Petrochem Ltd.,INE305C01029,B,Active,Equity
524824,BALPHARMA,Bal Pharma Ltd.,Bal Pharma Ltd.,INE083D01012,B,Active,Equity
524828,BDH,BDH Industries Ltd.,BDH Industries Ltd.,INE278D01018,X,Active,Equity
526001,JAUSPOL,Jauss Polymers Ltd,Jauss Polymers Ltd,INE593O01017,X,Active,Equity
526025,GLOBUSCON,Globus Constructors & Developers Limited,Globus Constructors & Developers Limited,INE064L01015,X,Active,Equity
526027,CUBEXTUB,Cubex Tubings Ltd,Cubex Tubings Ltd,INE144D01012,T,Active,Equity
526043,POLYCHMP,Polymechplast Machines Ltd.,Polymechplast Machines Ltd.,INE809B01014,X,Active,Equity
526071,STELLANT,STELLANT SECURITIES (INDIA) LIMITED,STELLANT SECURITIES (INDIA) LIMITED,INE395F01023,XT,Active,Equity
526073,GALXBRG,Galaxy Bearings Ltd.,Galaxy Bearings Ltd.,INE020S01012,XT,Active,Equity
526075,VINRKLB,Rekvina Laboratories Ltd,Rekvina Laboratories Ltd,INE092O01028,XT,Active,Equity
526081,SCAGRO,SC Agrotech Limited,SC Agrotech Limited,INE895E01017,XT,Active,Equity
526095,RALEGRA,Ravileela Granites Limited,Ravileela Granites Limited,INE427E01027,X,Active,Equity
526113,UNRYLMA,Uniroyal Marine Exports Ltd.,Uniroyal Marine Exports Ltd.,INE602H01010,XT,Active,Equity
526115,KARANWO,Karan Woo-sin ltd.,Karan Woo-sin ltd.,INE327D01013,X,Active,Equity
526117,SHERVANI,Shervani Industrial syndicate Ltd,Shervani Industrial syndicate Ltd,INE011D01013,B,Active,Equity
526125,BNAGROCHEM,BN AGROCHEM LIMITED,BN AGROCHEM LIMITED,INE00HZ01011,B,Active,Equity
526133,SUPERTEX,Supertex Industries Ltd,Supertex Industries Ltd,INE881B01054,X,Active,Equity
526137,SHETR,Shetron Ltd.,Shetron Ltd.,INE278C01010,X,Active,Equity
526139,TRABI,Transgene Biotek Ltd.,Transgene Biotek Ltd.,INE773D01018,X,Active,Equity
526143,MPL,MPL Plastics Limited,MPL Plastics Limited,INE343A01016,X,Active,Equity
526159,NIKHILAD,Nikhil Adhesives Ltd.,Nikhil Adhesives Ltd.,INE926C01022,X,Active,Equity
526161,SPENTA,Spenta International Ltd.,Spenta International Ltd.,INE175C01018,XT,Active,Equity
526169,MULTIBASE,Multibase India Ltd,Multibase India Ltd,INE678F01014,X,Active,Equity
526173,ANDREWYU,Andrew Yule & Company Ltd,Andrew Yule & Company Ltd,INE449C01025,B,Active,Equity
526179,LUDLOWJUT,Ludlow Jute & Specialities Ltd,Ludlow Jute & Specialities Ltd,INE983C01015,X,Active,Equity
526187,ASHRAM,Ashram Online.com Ltd,Ashram Online.com Ltd,INE293C01019,X,Active,Equity
526193,ROYALCU,Royal Cushion Vinyl Products Ltd.,Royal Cushion Vinyl Products Ltd.,INE618A01011,X,Active,Equity
526211,SURJIND,Suraj Industries Limited.,Suraj Industries Limited.,INE170U01011,X,Active,Equity
526217,HITECHCORP,Hitech Corporation Limited,Hitech Corporation Limited,INE120D01012,T,Active,Equity
526227,FILATEX,Filatex India Ltd.,Filatex India Ltd.,INE816B01035,B,Active,Equity
526231,STDSFAC,Standard Surfactants Ltd.,Standard Surfactants Ltd.,INE307D01015,XT,Active,Equity
526237,MORGAN,Morgan Ventures Ltd.,Morgan Ventures Ltd.,INE902C01015,X,Active,Equity
526241,AMRAPLIN,Amrapali Industries Ltd,Amrapali Industries Ltd,INE762C01021,XT,Active,Equity
526247,PREMEXPLN,Premier Explosives Ltd.,Premier Explosives Ltd.,INE863B01029,A,Active,Equity
526251,MIDEASTP,Mid East Portfolio Management Ltd.,Mid East Portfolio Management Ltd.,INE033E01015,X,Active,Equity
526263,MOLDTECH,Mold-Tek Technologies Ltd,Mold-Tek Technologies Ltd,INE835B01035,T,Active,Equity
526269,CRSTCHM,Crestchem Ltd.,Crestchem Ltd.,INE293N01016,X,Active,Equity
526299,MPHASIS,Mphasis Limited,Mphasis Limited,INE356A01018,A,Active,Equity
526315,DIVSHKT,DIVYASHAKTI LIMITED,DIVYASHAKTI LIMITED,INE410G01010,XT,Active,Equity
526325,ORIENTLTD,Orient Press ltd.,Orient Press ltd.,INE609C01024,T,Active,Equity
526331,ADVMULT,Advance Multitech Ltd.,Advance Multitech Ltd.,INE875S01019,XT,Active,Equity
526335,SHREYASI,Shreyas Intermediates Ltd.,Shreyas Intermediates Ltd.,INE115F01017,X,Active,Equity
526345,PANJON,Panjon Ltd.,Panjon Ltd.,INE744D01019,X,Active,Equity
526349,CRAFTROOT,CRAFTROOT RETAIL LIMITED,CRAFTROOT RETAIL LIMITED,INE218T01010,Z,Active,Equity
526355,DUROPACK,Duropack Ltd,Duropack Ltd,INE138B01018,X,Active,Equity
526365,SWARNSAR,SWARNSARITA JEWELS INDIA LIMITED,SWARNSARITA JEWELS INDIA LIMITED,INE967A01012,B,Active,Equity
526367,GANESHHOU,GANESH HOUSING LIMITED,GANESH HOUSING LIMITED,INE460C01014,B,Active,Equity
526371,NMDC,NMDC Ltd,NMDC Ltd,INE584A01023,A,Active,Equity
526373,CINDHO,Cindrella Hotels Ltd.,Cindrella Hotels Ltd.,INE908C01012,X,Active,Equity
526381,PATINTLOG,Patel Integrated Logistics Ltd,Patel Integrated Logistics Ltd,INE529D01014,B,Active,Equity
526397,ALPHAGEO,Alphageo (India)Ltd.,Alphageo (India)Ltd.,INE137C01018,T,Active,Equity
526407,HAMPTON,HAMPTON SKY REALTY LIMITED,HAMPTON SKY REALTY LIMITED,INE299D01022,B,Active,Equity
526409,KKALPANAIND,Kkalpana Industries (India) Ltd,Kkalpana Industries (India) Ltd,INE301C01028,X,Active,Equity
526415,OKPLA,OK Play India Ltd.,OK Play India Ltd.,INE870B01024,X,Active,Equity
526423,KRITI,Kriti Industries (India) Ltd.,Kriti Industries (India) Ltd.,INE479D01038,B,Active,Equity
526431,WELTI,Welterman International Ltd.,Welterman International Ltd.,INE662D01013,XT,Active,Equity
526433,ASMTEC,ASM Technologies Ltd.,ASM Technologies Ltd.,INE867C01010,B,Active,Equity
526435,PERFEPA,Perfectpac Limited,Perfectpac Limited,INE759I01024,X,Active,Equity
526439,AMBIT,Ambitious Plastomac Ltd.,Ambitious Plastomac Ltd.,INE267C01013,X,Active,Equity
526441,VISIONCINE,Vision Cinemas Limited,Vision Cinemas Limited,INE515B01025,X,Active,Equity
526443,AEIM,Artificial Electronics Intelligent Material Limited,Artificial Electronics Intelligent Material Limited,INE072B01027,X,Active,Equity
526445,INDRANIB,Indrayani Biotech Ltd.,Indrayani Biotech Ltd.,INE007C01021,XT,Active,Equity
526468,EUROLED,Euro Leder Fashion Ltd.,Euro Leder Fashion Ltd.,INE940E01011,XT,Active,Equity
526471,WINSOMBR,Winsome Breweries Ltd.,Winsome Breweries Ltd.,INE391C01011,X,Active,Equity
526473,ELEFLOR,Elegant Floriculture & Agrotech (In,Elegant Floriculture & Agrotech (In,INE152E01013,X,Active,Equity
526479,SKYIND,Sky Industries Ltd,Sky Industries Ltd,INE765B01018,X,Active,Equity
526481,PHOENXINTL,Phoenix International Ltd.,Phoenix International Ltd.,INE245B01011,B,Active,Equity
526488,BHUDEVI,BHUDEVI INFRA PROJECTS LIMITED,BHUDEVI INFRA PROJECTS LIMITED,INE432N01010,X,Active,Equity
526490,PRATIK,Pratik Panels Ltd.,Pratik Panels Ltd.,INE206C01029,X,Active,Equity
526492,RISHIROOP,Rishiroop Limited,Rishiroop Limited,INE582D01013,X,Active,Equity
526494,PROMACT,Promact Plastics Limited,Promact Plastics Limited,INE818D01011,XT,Active,Equity
526500,STRGRENWO,Sterling Green  Woods  Limited,Sterling Green  Woods  Limited,INE398F01019,X,Active,Equity
526506,SYSTMTXC,Systematix Corporate Services Ltd.,Systematix Corporate Services Ltd.,INE356B01024,T,Active,Equity
526508,SHAHISHIP,Shahi Shipping Limited,Shahi Shipping Limited,INE825D01016,X,Active,Equity
526519,ALPINEHOU,Alpine Housing Development Corporat,Alpine Housing Development Corporat,INE840D01015,XT,Active,Equity
526525,WWALUM,WORLDWIDE ALUMINIUM LIMITED,WORLDWIDE ALUMINIUM LIMITED,INE550D01010,X,Active,Equity
526530,IIRM,IIRM HOLDINGS INDIA LIMITED,IIRM HOLDINGS INDIA LIMITED,INE670C01026,XT,Active,Equity
526532,SFPIL,Square Four Projects India Limited,Square Four Projects India Limited,INE716K01020,X,Active,Equity
526544,SGLRES,SGL RESOURCES LIMITED,SGL RESOURCES LIMITED,INE967B01028,B,Active,Equity
526546,CHOKSILA,Choksi Laboratories Ltd.,Choksi Laboratories Ltd.,INE493D01013,XT,Active,Equity
526550,CCHHL,Country Club Hospitality & Holidays Ltd,Country Club Hospitality & Holidays Ltd,INE652F01027,B,Active,Equity
526554,SALGUTI,Salguti Industries Ltd.,Salguti Industries Ltd.,INE159C01012,X,Active,Equity
526570,REMAGNET,MIDWEST ENERGY LIMITED,MIDWEST ENERGY LIMITED,INE519N01022,B,Active,Equity
526574,ENTRINT,Enterprise International Limited,Enterprise International Limited,INE439G01019,X,Active,Equity
526582,TPLPLASTEH,TPL Plastech Limited,TPL Plastech Limited,INE413G01022,B,Active,Equity
526588,PHOTOQUP,Photoquip India Ltd.,Photoquip India Ltd.,INE813B01016,XT,Active,Equity
526596,LIBERTSHOE,Liberty Shoes Ltd.,Liberty Shoes Ltd.,INE557B01019,B,Active,Equity
526604,LIPPISYS,Lippi Systems Ltd.,Lippi Systems Ltd.,INE845B01018,XT,Active,Equity
526608,ELECTHERM,Electrotherm (India) Ltd,Electrotherm (India) Ltd,INE822G01016,B,Active,Equity
526612,BLUEDART,Blue Dart Express Ltd.,Blue Dart Express Ltd.,INE233B01017,A,Active,Equity
526614,EXPOEAPL,EXPO ENGINEERING AND PROJECTS LIMITED,EXPO ENGINEERING AND PROJECTS LIMITED,INE561D01025,XT,Active,Equity
526616,NATPLAS,National Plastic Industries Ltd.,National Plastic Industries Ltd.,INE233D01013,X,Active,Equity
526622,MFLINDIA,MFL India Ltd,MFL India Ltd,INE244C01020,X,Active,Equity
526628,AJWAFUN,Ajwa Fun World & Resorts Ltd,Ajwa Fun World & Resorts Ltd,INE863E01015,P,Active,Equity
526638,TEXELIN,Texel Industries Ltd.,Texel Industries Ltd.,INE594V01028,X,Active,Equity
526640,RAYALEMA,Royale Manor Hotels & Industries Lt,Royale Manor Hotels & Industries Lt,INE008C01011,X,Active,Equity
526642,MIRZAINT,Mirza International  Limited,Mirza International  Limited,INE771A01026,B,Active,Equity
526650,TFCILTD,Tourism Finance Corpn. Of India Ltd,Tourism Finance Corpn. Of India Ltd,INE305A01023,A,Active,Equity
526654,THAKDEV,Thakker's Developers Ltd.,Thakker's Developers Ltd.,INE403F01017,B,Active,Equity
526662,ARENTERP,Rajdarshan Industries Ltd.,Rajdarshan Industries Ltd.,INE610C01014,B,Active,Equity
526666,BIL,Bhartiya International Ltd.,Bhartiya International Ltd.,INE828A01016,B,Active,Equity
526668,KAMATHOTEL,Kamat Hotels (India) ltd.,Kamat Hotels (India) ltd.,INE967C01018,B,Active,Equity
526675,TIRTPLS,Tirth Plastic Ltd.,Tirth Plastic Ltd.,INE008N01018,X,Active,Equity
526677,KEEPLEARN,DSJ KEEP LEARNING LIMITED,DSJ KEEP LEARNING LIMITED,INE055C01020,B,Active,Equity
526703,ECOPLAST,Ecoplast Ltd.,Ecoplast Ltd.,INE423D01010,X,Active,Equity
526705,ELEMARB,Elegant Marbles & Grani Industries,Elegant Marbles & Grani Industries,INE095B01010,X,Active,Equity
526709,BITS,BITS Ltd,BITS Ltd,INE839A01021,X,Active,Equity
526711,ADARSHPL,Adarsh Plant Project Ltd.,Adarsh Plant Project Ltd.,INE627D01016,X,Active,Equity
526717,HPBL,HCP PLASTENE BULKPACK LIMITED,HCP PLASTENE BULKPACK LIMITED,INE136C01044,XT,Active,Equity
526721,NICCOPAR,Nicco Parks And Resorts Ltd.,Nicco Parks And Resorts Ltd.,INE653C01022,B,Active,Equity
526723,NTCIND,NTC INDUSTRIES LIMITED,NTC INDUSTRIES LIMITED,INE920C01017,B,Active,Equity
526725,SANDESH,Sandesh Ltd.,Sandesh Ltd.,INE583B01015,B,Active,Equity
526727,GARNET,Garnet Construction Ltd.,Garnet Construction Ltd.,INE797D01017,X,Active,Equity
526729,GOLDIAM,Goldiam International Ltd.,Goldiam International Ltd.,INE025B01025,A,Active,Equity
526731,BRIGHTBR,Bright Brothers Ltd.,Bright Brothers Ltd.,INE630D01010,B,Active,Equity
526739,SHAWGELTIN,Narmada Gelatines Ltd.,Narmada Gelatines Ltd.,INE869A01010,X,Active,Equity
526747,PGFOILQ,P.G.Foils Ltd.,P.G.Foils Ltd.,INE078D01012,X,Active,Equity
526751,GRATEXI,Gratex Industries Ltd.,Gratex Industries Ltd.,INE915E01013,X,Active,Equity
526755,VELHO,Velan Hotels Ltd.,Velan Hotels Ltd.,INE548D01014,X,Active,Equity
526761,HOWARHO,Howard Hotels Limited,Howard Hotels Limited,INE931B01016,X,Active,Equity
526775,VALIANT,Valiant Communications Ltd.,Valiant Communications Ltd.,INE760B01019,B,Active,Equity
526783,DRAGARWQ,Dr.Agarwals Eye Hospital Ltd.,Dr.Agarwals Eye Hospital Ltd.,INE934C01018,B,Active,Equity
526795,MHSGRMS,Mahasagar Travels Ltd.,Mahasagar Travels Ltd.,INE007G01014,ZP,Active,Equity
526797,GREENPLY,Greenply Industries Ltd,Greenply Industries Ltd,INE461C01038,B,Active,Equity
526807,SEAMECLTD,Seamec Ltd,Seamec Ltd,INE497B01018,B,Active,Equity
526813,RAGHUNAT,Raghunath International Ltd.,Raghunath International Ltd.,INE753B01014,X,Active,Equity
526817,CHEVIOT,Cheviot Co.Ltd.,Cheviot Co.Ltd.,INE974B01016,B,Active,Equity
526821,DAICHI,Dai-Ichi Karkaria Ltd.,Dai-Ichi Karkaria Ltd.,INE928C01010,T,Active,Equity
526823,RAJINFRA,Rajeswari Infrastructure Limited,Rajeswari Infrastructure Limited,INE016C01014,Z,Active,Equity
526827,SPICEISLIN,SPICE ISLANDS INDUSTRIES LIMITED,SPICE ISLANDS INDUSTRIES LIMITED,INE882D01025,X,Active,Equity
526829,CONFIPET,Confidence Petroleum India Limited,Confidence Petroleum India Limited,INE552D01024,B,Active,Equity
526839,SIPL,Shelter Infra Projects Limited,Shelter Infra Projects Limited,INE413C01013,X,Active,Equity
526841,SHAKTIPR,Shakti Press Ltd.,Shakti Press Ltd.,INE794C01016,X,Active,Equity
526847,ASHSI,Ashirwad Steels & Industries  Ltd.,Ashirwad Steels & Industries  Ltd.,INE338C01012,X,Active,Equity
526849,BANARBEADS,Banaras Beads Ltd.,Banaras Beads Ltd.,INE655B01011,B,Active,Equity
526851,AREXMIS,Arex Industries Ltd.,Arex Industries Ltd.,INE480H01011,X,Active,Equity
526853,BI,Bilcare Ltd.,Bilcare Ltd.,INE986A01012,T,Active,Equity
526859,ISFL,ISF LIMITED,ISF LIMITED,INE973B01026,X,Active,Equity
526861,RISHILASE,Rishi Laser  Ltd.,Rishi Laser  Ltd.,INE988D01012,X,Active,Equity
526865,JAINCO,Jainco Projects (India) Ltd.,Jainco Projects (India) Ltd.,INE966C01010,X,Active,Equity
526869,KUMPFIN,Kumbhat Financial Services Ltd.,Kumbhat Financial Services Ltd.,INE795E01019,X,Active,Equity
526871,INTECCAP,Intec Capital Limited,Intec Capital Limited,INE017E01018,X,Active,Equity
526873,RAJSEC,RAJASTHAN SECURITIES LIMITED,RAJASTHAN SECURITIES LIMITED,INE184D01026,X,Active,Equity
526877,SIDDHEGA,Siddheswari Garments Ltd.,Siddheswari Garments Ltd.,INE797C01019,XT,Active,Equity
526881,63MOONS,63 Moons Technologies Limited,63 Moons Technologies Limited,INE111B01023,A,Active,Equity
526885,SARLAPOLY,Sarla Performance Fibers Ltd,Sarla Performance Fibers Ltd,INE453D01025,B,Active,Equity
526887,INDOCRED,Indo Credit Capital Ltd.,Indo Credit Capital Ltd.,INE147D01015,XT,Active,Equity
526891,MKTCREAT,Market Creators Ltd.,Market Creators Ltd.,INE944C01017,X,Active,Equity
526899,HFIL,HIMALAYA FOOD INTERNATIONAL LIMITED,HIMALAYA FOOD INTERNATIONAL LIMITED,INE552B01010,X,Active,Equity
526901,SONALAD,Sonal Adhesives Ltd.,Sonal Adhesives Ltd.,INE344I01017,X,Active,Equity
526905,PADMAIND,Padmanabh Industries Limited,Padmanabh Industries Limited,INE743D01011,X,Active,Equity
526921,21STCENMGM,Twentyfirst Century Management Serv,Twentyfirst Century Management Serv,INE253B01015,B,Active,Equity
526931,HRYNSHP,Hariyana Ship Breakers Ltd.,Hariyana Ship Breakers Ltd.,INE400G01011,B,Active,Equity
526935,KALIND,Kalind Limited,Kalind Limited,INE377D01026,B,Active,Equity
526941,VAICC,Vaishno Cement Co. Ltd.,Vaishno Cement Co. Ltd.,INE116E01018,P,Active,Equity
526945,TYROON,Tyroon Tea Co. Ltd.,Tyroon Tea Co. Ltd.,INE945B01016,X,Active,Equity
526947,LAOPALA,La Opala RG Ltd.,La Opala RG Ltd.,INE059D01020,B,Active,Equity
526951,STYLAMIND,Stylam Industries Limited,Stylam Industries Limited,INE239C01020,B,Active,Equity
526953,VENUSREM,Venus Remedies Ltd.,Venus Remedies Ltd.,INE411B01019,B,Active,Equity
526959,WOODSVILA,Woodsvilla Limited,Woodsvilla Limited,INE374J01020,XT,Active,Equity
526961,LASTMILE,LAST MILE ENTERPRISES LIMITED,LAST MILE ENTERPRISES LIMITED,INE404B01022,X,Active,Equity
526965,GUJCRAFT,Gujarat Craft Industries Ltd.,Gujarat Craft Industries Ltd.,INE372D01019,X,Active,Equity
526967,HEERAISP,Heera Ispat Ltd.,Heera Ispat Ltd.,INE025D01013,X,Active,Equity
526971,DHOOTIN,Dhoot Industrial Finance Ltd.,Dhoot Industrial Finance Ltd.,INE313G01016,XT,Active,Equity
526977,CRIMSON,Crimson Metal Engineering Company Ltd,Crimson Metal Engineering Company Ltd,INE318P01016,P,Active,Equity
526981,SHBAJRG,SHRI BAJRANG ALLIANCE LIMITED,SHRI BAJRANG ALLIANCE LIMITED,INE402H01015,B,Active,Equity
526987,URJA,Urja Global Limited,Urja Global Limited,INE550C01020,B,Active,Equity
527001,ASHAPURMIN,Ashapura Minechem Ltd,Ashapura Minechem Ltd,INE348A01023,A,Active,Equity
527005,SHREEPAC,Shree Pacetronix Ltd,Shree Pacetronix Ltd,INE847D01010,X,Active,Equity
530001,GUJALKALI,Gujarat Alkalis & Chemicals Ltd.,Gujarat Alkalis & Chemicals Ltd.,INE186A01019,B,Active,Equity
530005,INDIACEM,India Cements Ltd.,India Cements Ltd.,INE383A01012,A,Active,Equity
530007,JKTYRE,JK Tyre & Industries Ltd.,JK Tyre & Industries Ltd.,INE573A01042,A,Active,Equity
530017,SIL,Standard Industries Ltd.,Standard Industries Ltd.,INE173A01025,B,Active,Equity
530019,JUBLPHARMA,JUBILANT PHARMOVA LIMITED,JUBILANT PHARMOVA LIMITED,INE700A01033,A,Active,Equity
530023,THEINVEST,THE INVESTMENT TRUST OF INDIA LIMITED,THE INVESTMENT TRUST OF INDIA LIMITED,INE924D01017,B,Active,Equity
530025,SAMYAKINT,Samyak International Limited,Samyak International Limited,INE607G01011,X,Active,Equity
530027,AADIIND,Aadi Industries Ltd,Aadi Industries Ltd,INE563D01013,X,Active,Equity
530037,SPARKLEGR,SPARKLE GOLD ROCK LIMITED,SPARKLE GOLD ROCK LIMITED,INE618F01010,X,Active,Equity
530043,ACKNIT,Acknit Industries Ltd,Acknit Industries Ltd,INE326C01017,X,Active,Equity
530045,TITANSEC,Titan Securities Ltd.,Titan Securities Ltd.,INE090D01017,X,Active,Equity
530053,REALECO,REAL ECO-ENERGY LIMITED,REAL ECO-ENERGY LIMITED,INE055E01034,X,Active,Equity
530057,VIVANZA,Vivanza Biosciences Limited,Vivanza Biosciences Limited,INE984E01035,X,Active,Equity
530063,YASHRAJC,Yashraj Containeurs Ltd.,Yashraj Containeurs Ltd.,INE095C01018,XT,Active,Equity
530065,LORDSHOTL,Lords Ishwar Hotels Limited,Lords Ishwar Hotels Limited,INE689J01013,X,Active,Equity
530067,CSLFINANCE,CSL Finance Limited,CSL Finance Limited,INE718F01018,B,Active,Equity
530073,SANGHVIMOV,Sanghvi Movers Ltd.,Sanghvi Movers Ltd.,INE989A01032,B,Active,Equity
530075,ANTELOPUS,Antelopus Selan Energy Limited,Antelopus Selan Energy Limited,INE818A01017,B,Active,Equity
530077,PURETROP,PURETROP FRUITS LIMITED,PURETROP FRUITS LIMITED,INE795D01011,X,Active,Equity
530079,FAZE3Q,Faze Three Ltd.,Faze Three Ltd.,INE963C01033,B,Active,Equity
530109,ANUPAM,ANUPAM FINSERV LIMITED,ANUPAM FINSERV LIMITED,INE069B01023,X,Active,Equity
530111,RAJPACK,Raj Packaging Industries Ltd.,Raj Packaging Industries Ltd.,INE639C01013,X,Active,Equity
530117,PRIVISCL,PRIVI SPECIALITY CHEMICALS LIMITED,PRIVI SPECIALITY CHEMICALS LIMITED,INE959A01019,A,Active,Equity
530119,NATRAJPR,Natraj Proteins Ltd.,Natraj Proteins Ltd.,INE444D01016,X,Active,Equity
530125,SAMRATPH,Samrat Pharmachem Ltd.,Samrat Pharmachem Ltd.,INE103E01016,X,Active,Equity
530127,NPRFIN,NPR Finance Ltd.,NPR Finance Ltd.,INE446D01011,XT,Active,Equity
530129,NILE,Nile Ltd.,Nile Ltd.,INE445D01013,B,Active,Equity
530133,AMCOIND,Amco India Ltd.,Amco India Ltd.,INE924B01011,X,Active,Equity
530135,OPTIEMUS,Optiemus Infracom Limited,Optiemus Infracom Limited,INE350C01017,B,Active,Equity
530139,KREONFIN,Kreon Finnancial Services Limited,Kreon Finnancial Services Limited,INE302C01018,XT,Active,Equity
530141,GYANDEV,Gyan Developers & Builders Ltd.,Gyan Developers & Builders Ltd.,INE487G01018,X,Active,Equity
530145,KISAN,Kisan Mouldings Ltd.,Kisan Mouldings Ltd.,INE017C01012,XT,Active,Equity
530163,KERALAYUR,Kerala Ayurveda Limited,Kerala Ayurveda Limited,INE817B01025,X,Active,Equity
530167,MONGIPA,Moongipa Capital Finance Ltd.,Moongipa Capital Finance Ltd.,INE153K01018,XT,Active,Equity
530169,MOHITPPR,Mohit Paper Mills Ltd.,Mohit Paper Mills Ltd.,INE388C01017,X,Active,Equity
530171,DAULAT,Daulat Securities Ltd.,Daulat Securities Ltd.,INE108C01019,X,Active,Equity
530175,ODYSSEY,Odyssey Technologies Ltd.,Odyssey Technologies Ltd.,INE213B01019,X,Active,Equity
530177,VKGLOBAL,VK Global Industries Limited,VK Global Industries Limited,INE758B01013,X,Active,Equity
530179,RSCINT,RSC International Limited,RSC International Limited,INE015F01019,XT,Active,Equity
530185,SURATRAML,Surat Trade and Mercantile Limited,Surat Trade and Mercantile Limited,INE936A01025,X,Active,Equity
530187,ATHARVENT,Atharv Enterprises Limited,Atharv Enterprises Limited,INE354E01031,XT,Active,Equity
530197,FUNDVISER,FUNDVISER CAPITAL (INDIA) LIMITED,FUNDVISER CAPITAL (INDIA) LIMITED,INE365H01014,X,Active,Equity
530199,THEMISMED,Themis Medicare Ltd.,Themis Medicare Ltd.,INE083B01024,B,Active,Equity
530201,KALLAM,KALLAM TEXTILES LTD,KALLAM TEXTILES LTD,INE629F01025,XT,Active,Equity
530207,BRAWN,Brawn Biotech Limited,Brawn Biotech Limited,INE899B01015,X,Active,Equity
530213,FORINTL,Fortune International Ltd.,Fortune International Ltd.,INE501D01013,X,Active,Equity
530215,KINGSINFR,Kings Infra Ventures Limited,Kings Infra Ventures Limited,INE050N01010,X,Active,Equity
530217,SWOJAS,SWOJAS FOODS LIMITED,SWOJAS FOODS LIMITED,INE295B01016,X,Active,Equity
530219,NUTRICIRCLE,Nutricircle Limited,Nutricircle Limited,INE536C01029,XT,Active,Equity
530231,SUBSM,Subhash Silk Mills Ltd.,Subhash Silk Mills Ltd.,INE690D01014,X,Active,Equity
530233,AUROLAB,Auro Laboratories Ltd.,Auro Laboratories Ltd.,INE292C01011,X,Active,Equity
530235,KJMCFIN,KJMC Financial Services Ltd.,KJMC Financial Services Ltd.,INE533C01018,B,Active,Equity
530239,SUVEN,Suven Life Sciences Ltd.,Suven Life Sciences Ltd.,INE495B01038,B,Active,Equity
530245,ARYAMAN,Aryaman Financial Services Ltd.,Aryaman Financial Services Ltd.,INE032E01017,B,Active,Equity
530249,BRIDGESE,Bridge Securities Ltd.,Bridge Securities Ltd.,INE958C01025,X,Active,Equity
530251,RISAINTL,Risa International Limited,Risa International Limited,INE001O01029,X,Active,Equity
530253,RAJTUBE,Rajasthan Tube Mfg. Co,Rajasthan Tube Mfg. Co,INE497E01020,X,Active,Equity
530255,KAYPOWR,Kay Power And Paper Ltd,Kay Power And Paper Ltd,INE961B01013,X,Active,Equity
530259,INTSTOIL,Inter State Oil Carrier Ltd,Inter State Oil Carrier Ltd,INE003B01014,XT,Active,Equity
530263,GLOBALCA,Global Capital Markets Ltd.,Global Capital Markets Ltd.,INE062C01042,X,Active,Equity
530265,SAINIK,Sainik Finance and Industries Ltd,Sainik Finance and Industries Ltd,INE584B01013,X,Active,Equity
530267,ARIGATO,ARIGATO UNIVERSE LIMITED,ARIGATO UNIVERSE LIMITED,INE021N01011,X,Active,Equity
530271,RICHUNV,Rich Universe Network Ltd,Rich Universe Network Ltd,INE652D01014,X,Active,Equity
530281,QUANTDIA,Quantum Digital Vision (India) Ltd.,Quantum Digital Vision (India) Ltd.,INE373C01019,XT,Active,Equity
530289,SPCAPIT,S.P.Capital Financing Ltd.,S.P.Capital Financing Ltd.,INE102F01015,X,Active,Equity
530291,PAOS,PAOS INDUSTRIES LIMITED,PAOS INDUSTRIES LIMITED,INE791C01012,XT,Active,Equity
530295,SHRAJOI,Shri Rajivlochan Oil Extraction Ltd,Shri Rajivlochan Oil Extraction Ltd,INE418K01015,X,Active,Equity
530299,KOTHARIPRO,Kothari Products Ltd.,Kothari Products Ltd.,INE823A01017,B,Active,Equity
530305,PICCADIL,Piccadily Agro Industries ltd.,Piccadily Agro Industries ltd.,INE546C01010,B,Active,Equity
530307,CLSEL,CHAMAN LAL SETIA EXPORTS LIMITED,CHAMAN LAL SETIA EXPORTS LIMITED,INE419D01026,B,Active,Equity
530309,CHANDRAP,Chandra Prabhu International Ltd.,Chandra Prabhu International Ltd.,INE368D01025,X,Active,Equity
530313,KIMIABL,KIMIA BIOSCIENCES LIMITED,KIMIA BIOSCIENCES LIMITED,INE285U01025,X,Active,Equity
530315,HINDTIN,Hindustan Tin Works Ltd.,Hindustan Tin Works Ltd.,INE428D01019,X,Active,Equity
530317,GODAVARI,Godavari Drugs Ltd.,Godavari Drugs Ltd.,INE362C01012,X,Active,Equity
530331,PREMCO,Premco Global Ltd.,Premco Global Ltd.,INE001E01012,B,Active,Equity
530341,MUKESHB,Mukesh Babu Financial Services Ltd.,Mukesh Babu Financial Services Ltd.,INE596B01017,B,Active,Equity
530343,GENUSPOWER,Genus Power Infrastructures Ltd,Genus Power Infrastructures Ltd,INE955D01029,A,Active,Equity
530355,ASIANENE,ASIAN ENERGY SERVICES LTD,ASIAN ENERGY SERVICES LTD,INE276G01015,B,Active,Equity
530357,KBSINDIA,KBS INDIA LIMITED,KBS INDIA LIMITED,INE883D01023,X,Active,Equity
530361,PRABHHANS,PRABHHANS INDUSTRIES LIMITED,PRABHHANS INDUSTRIES LIMITED,INE428P01013,XT,Active,Equity
530363,UGARSUGAR,Ugar Sugar Works Ltd.,Ugar Sugar Works Ltd.,INE071E01023,T,Active,Equity
530365,ORIENTBELL,Orient Bell Limited,Orient Bell Limited,INE607D01018,B,Active,Equity
530367,NRBBEARING,NRB Bearings Ltd.,NRB Bearings Ltd.,INE349A01021,B,Active,Equity
530369,VAMSHIRU,Vamshi Rubber Ltd.,Vamshi Rubber Ltd.,INE380C01014,X,Active,Equity
530377,NILAINFRA,Nila Infrastructures Ltd,Nila Infrastructures Ltd,INE937C01029,B,Active,Equity
530393,DBSTOCKBRO,DB(INTERNATIONAL)Stock Brokers Ltd,DB(INTERNATIONAL)Stock Brokers Ltd,INE921B01025,T,Active,Equity
530401,VINYOFL,Vinyoflex Ltd.,Vinyoflex Ltd.,INE526H01011,X,Active,Equity
530405,JINDCAP,Jindal Capital Ltd.,Jindal Capital Ltd.,INE356F01017,X,Active,Equity
530407,EPIC,EPIC Energy Ltd.,EPIC Energy Ltd.,INE932F01015,X,Active,Equity
530419,SUMEDHA,Sumedha Fiscal Services Ltd.,Sumedha Fiscal Services Ltd.,INE886B01012,B,Active,Equity
530421,KUWERIN,Kuwer Industries Ltd.,Kuwer Industries Ltd.,INE430F01010,X,Active,Equity
530427,CHOKSI,CHOKSI ASIA LIMITED,CHOKSI ASIA LIMITED,INE865B01016,X,Active,Equity
530429,ASHISHPO,Ashish Polyplast Ltd.,Ashish Polyplast Ltd.,INE831C01016,X,Active,Equity
530433,SHIVAAGRO,Shiva Global Agro Industries Limited,Shiva Global Agro Industries Limited,INE960E01019,B,Active,Equity
530439,SIDDHA,Siddha Ventures Limited,Siddha Ventures Limited,INE140C01012,X,Active,Equity
530443,KIRANSY-B,Kiran Syntex Ltd.,Kiran Syntex Ltd.,INE293D01017,X,Active,Equity
530445,SUMERUIND,Sumeru Industries Ltd.,Sumeru Industries Ltd.,INE764B01029,X,Active,Equity
530449,RUNGTAIR,Rungta Irrigation Ltd.,Rungta Irrigation Ltd.,INE347C01013,X,Active,Equity
530457,GTTDATA,GTT DATA SOLUTIONS LIMITED,GTT DATA SOLUTIONS LIMITED,INE959B01017,X,Active,Equity
530459,VALSONQ,Valson Industries Ltd.,Valson Industries Ltd.,INE808A01018,XT,Active,Equity
530461,SABOOSOD,Saboo Sodium Chloro Ltd.,Saboo Sodium Chloro Ltd.,INE440C01016,X,Active,Equity
530469,GSLSEC,GSL Securities Ltd.,GSL Securities Ltd.,INE721D01017,XT,Active,Equity
530475,TINNARUBR,Tinna Rubber and Infrastructure Limited,Tinna Rubber and Infrastructure Limited,INE015C01016,B,Active,Equity
530477,VIKRAMTH,Vikram Thermo (India) Ltd.,Vikram Thermo (India) Ltd.,INE337E01010,X,Active,Equity
530495,STRATMONT,STRATMONT INDUSTRIES LIMITED,STRATMONT INDUSTRIES LIMITED,INE473C01025,X,Active,Equity
530499,AKCAPIT,A.K.Capital Services Ltd.,A.K.Capital Services Ltd.,INE701G01012,B,Active,Equity
530517,RELAXO,Relaxo Footwears Ltd.,Relaxo Footwears Ltd.,INE131B01039,A,Active,Equity
530521,VIRAT,Virat Industries Ltd.,Virat Industries Ltd.,INE467D01017,B,Active,Equity
530525,RRETAIL,RAJNISH RETAIL LIMITED,RAJNISH RETAIL LIMITED,INE786J01033,XT,Active,Equity
530533,TERAI,Terai Tea Co. Ltd.,Terai Tea Co. Ltd.,INE390D01011,B,Active,Equity
530537,MANRAJH,Manraj Housing Finance Ltd.,Manraj Housing Finance Ltd.,INE948I01015,X,Active,Equity
530545,COSCO,Cosco (India) ltd.,Cosco (India) ltd.,INE949B01018,X,Active,Equity
530547,KENFIN,Ken Financial Services Ltd.,Ken Financial Services Ltd.,INE395E01018,X,Active,Equity
530549,SHILPAMED,Shilpa Medicare Ltd.,Shilpa Medicare Ltd.,INE790G01031,A,Active,Equity
530555,PARACABLES,Paramount Communications Ltd.,Paramount Communications Ltd.,INE074B01023,B,Active,Equity
530557,NCLRESE,NCL Research And Financial Services,NCL Research And Financial Services,INE132F01038,XT,Active,Equity
530565,KOIYAIN,KOIYA INTERNATIONAL LIMITED,KOIYA INTERNATIONAL LIMITED,INE149B01015,XT,Active,Equity
530571,EXPLICITFIN,Explicit Finance Limited,Explicit Finance Limited,INE335G01019,X,Active,Equity
530577,LADDERUP,Ladderup Finance Ltd.,Ladderup Finance Ltd.,INE519D01015,T,Active,Equity
530579,UYFINCORP,U. Y. FINCORP LIMITED,U. Y. FINCORP LIMITED,INE152C01025,T,Active,Equity
530581,EKAMLEA,Ekam Leasing & Finance Co. Ltd.,Ekam Leasing & Finance Co. Ltd.,INE906L01025,XT,Active,Equity
530585,SWASTIKA,SWASTIKA INVESTMART LIMITED,SWASTIKA INVESTMART LIMITED,INE691C01022,XT,Active,Equity
530589,PRIMAPLA,Prima Plastics Ltd.,Prima Plastics Ltd.,INE573B01016,X,Active,Equity
530595,TELECANOR,TeleCanor Global Limited,TeleCanor Global Limited,INE381G01013,XT,Active,Equity
530601,JAGSONSER,JAGSONPAL SERVICES LIMITED,JAGSONPAL SERVICES LIMITED,INE582C01015,X,Active,Equity
530615,GARGFUR,Garg Furnace Ltd.,Garg Furnace Ltd.,INE194E01015,XT,Active,Equity
530617,SAMPRE,Sampre Nutritions Ltd.,Sampre Nutritions Ltd.,INE375C01022,X,Active,Equity
530621,AAIL,Akar Auto Industries Limited,Akar Auto Industries Limited,INE864E01021,XT,Active,Equity
530627,VIPULORG,Vipul Organics Limited,Vipul Organics Limited,INE834D01018,X,Active,Equity
530643,ECORECO,Eco Recycling Limited,Eco Recycling Limited,INE316A01038,B,Active,Equity
530655,GOODLUCK,Goodluck India Limited,Goodluck India Limited,INE127I01024,B,Active,Equity
530663,GOYALASS,Goyal Associates Ltd.,Goyal Associates Ltd.,INE912B01032,X,Active,Equity
530665,ZENITHHE,Zenith Health Care Ltd.,Zenith Health Care Ltd.,INE812B01026,X,Active,Equity
530669,ACEENGITEC,ACE ENGITECH LIMITED,ACE ENGITECH LIMITED,INE035401020,XT,Active,Equity
530675,YORKEXP,York Exports Ltd.,York Exports Ltd.,INE057Q01018,X,Active,Equity
530677,SUPREME,Supreme Holdings & Hospitality (India) Ltd,Supreme Holdings & Hospitality (India) Ltd,INE822E01011,B,Active,Equity
530689,KROWNIQ,KROWNIQ LIMITED,KROWNIQ LIMITED,INE624M01014,X,Active,Equity
530695,PRIMEPRO,Prime Property Development Corporation Ltd.,Prime Property Development Corporation Ltd.,INE233C01023,X,Active,Equity
530697,ZENLABS,Zenlabs Ethica Limited,Zenlabs Ethica Limited,INE546F01013,X,Active,Equity
530699,RAJRILTD,Raj Rayon Industries Limited,Raj Rayon Industries Limited,INE533D01032,T,Active,Equity
530705,ANIRIT,ANIRIT VENTURES LIMITED,ANIRIT VENTURES LIMITED,INE161F01011,X,Active,Equity
530709,GOWRALE,Gowra Leasing & Finance Ltd.,Gowra Leasing & Finance Ltd.,INE225G01012,X,Active,Equity
530711,JAGANLAM,Jagan Lamps Ltd.,Jagan Lamps Ltd.,INE144C01014,X,Active,Equity
530723,ASITCFIN,Asit C Mehta Financial Services Limited,Asit C Mehta Financial Services Limited,INE041B01014,X,Active,Equity
530735,SUPERBAK,Super Bakers (India) Ltd.,Super Bakers (India) Ltd.,INE897A01011,X,Active,Equity
530741,OVOBELE,Ovobel Foods Ltd.,Ovobel Foods Ltd.,INE812S01012,XT,Active,Equity
530745,ACSTECH,ACS TECHNOLOGIES LIMITED,ACS TECHNOLOGIES LIMITED,INE366C01021,T,Active,Equity
530747,CHALLANI,CHALLANI CAPITAL LIMITED,CHALLANI CAPITAL LIMITED,INE807A01010,X,Active,Equity
530755,CORNE,Coral Newsprints Ltd.,Coral Newsprints Ltd.,INE715D01019,X,Active,Equity
530757,MIDAAS,MIDAAS FASHIONS LIMITED,MIDAAS FASHIONS LIMITED,INE0OUS01011,XT,Active,Equity
530759,STERTOOLS,Sterling Tools Ltd.,Sterling Tools Ltd.,INE334A01023,B,Active,Equity
530765,AGARWAL,AGARWAL FORTUNE INDIA LIMITED,AGARWAL FORTUNE INDIA LIMITED,INE510B01018,X,Active,Equity
530779,DYNAMICP,Dynamic Protfolio Management & Serv,Dynamic Protfolio Management & Serv,INE118C01018,X,Active,Equity
530787,INLANPR,Inland Printers Ltd.,Inland Printers Ltd.,INE055O01033,XT,Active,Equity
530789,CEEJAY,Ceejay Finance Limited,Ceejay Finance Limited,INE358C01010,X,Active,Equity
530795,SUNCITYSY,Suncity Synthetics Ltd.,Suncity Synthetics Ltd.,INE584D01019,XT,Active,Equity
530797,SHGANEL,Shree Ganesh Elastoplast Ltd,Shree Ganesh Elastoplast Ltd,INE400N01017,X,Active,Equity
530799,ANNAINFRA,Anna Infrastructures Ltd,Anna Infrastructures Ltd,INE336D01014,X,Active,Equity
530803,BHAGERIA,Bhageria Industries Limited,Bhageria Industries Limited,INE354C01027,B,Active,Equity
530805,OIVL,ONESOURCE INDUSTRIES AND VENTURES LIMITED,ONESOURCE INDUSTRIES AND VENTURES LIMITED,INE125F01032,X,Active,Equity
530809,BNRUDY,BNR Udyog Ltd.,BNR Udyog Ltd.,INE355C01016,X,Active,Equity
530813,KRBL,KRBL Ltd.,KRBL Ltd.,INE001B01026,A,Active,Equity
530821,SSPDL,SSPDL Limited,SSPDL Limited,INE838C01011,X,Active,Equity
530825,DAIKAFFI,Daikaffil Chemicals India Ltd.,Daikaffil Chemicals India Ltd.,INE789B01018,XT,Active,Equity
530829,CILSEC,CIL SECURITIES LIMITED,CIL SECURITIES LIMITED,INE830A01012,X,Active,Equity
530839,CLIOINFO,Clio Infotech Ltd.,Clio Infotech Ltd.,INE011B01017,XT,Active,Equity
530843,CUPID,Cupid Limited,Cupid Limited,INE509F01029,A,Active,Equity
530845,SUNSHIEL,Sunshield Chemicals Ltd.,Sunshield Chemicals Ltd.,INE199E01014,B,Active,Equity
530853,HIPOLIN,Hipolin Ltd.,Hipolin Ltd.,INE963A01011,XT,Active,Equity
530855,GDLLEAS,GDL Leasing & Finance ltd.,GDL Leasing & Finance ltd.,INE545E01018,X,Active,Equity
530871,CHEMBOND,Chembond Material Technologies Limited,Chembond Material Technologies Limited,INE995D01025,B,Active,Equity
530879,CIFL,CAPITAL INDIA FINANCE LIMITED,CAPITAL INDIA FINANCE LIMITED,INE345H01024,B,Active,Equity
530881,ABVL,Arunjyoti Bio Ventures Limited,Arunjyoti Bio Ventures Limited,INE485K01022,X,Active,Equity
530883,SUCROSA,Super Crop Safe Ltd.,Super Crop Safe Ltd.,INE366G01022,XT,Active,Equity
530889,AUDROC,AUDROC Limited,AUDROC Limited,INE061B01038,XT,Active,Equity
530897,NGIND,N.G.Industries Ltd.,N.G.Industries Ltd.,INE825C01018,X,Active,Equity
530899,ASIAPAK,Asia Pack Ltd.,Asia Pack Ltd.,INE784M01016,X,Active,Equity
530907,SICAPIT,S.I.Capital And Financial Services,S.I.Capital And Financial Services,INE417F01017,XT,Active,Equity
530909,ERPSOFT,ERP Soft Systems Ltd.,ERP Soft Systems Ltd.,INE308B01017,X,Active,Equity
530917,RRSECUR,R.R.Securities Ltd.,R.R.Securities Ltd.,INE474H01014,P,Active,Equity
530919,REMSONSIND,Remsons Industries Ltd.,Remsons Industries Ltd.,INE474C01023,B,Active,Equity
530921,INTETHR,Integrated Thermoplastics Ltd.,Integrated Thermoplastics Ltd.,INE038N01015,P,Active,Equity
530925,RAMSONS,Ramsons Projects Ltd.,Ramsons Projects Ltd.,INE609D01014,X,Active,Equity
530927,HARAFIN,Haryana Financial Corporation ltd.,Haryana Financial Corporation ltd.,INE737G01016,ZP,Active,Equity
530931,STANPACK,Stanpacks (India) Ltd.,Stanpacks (India) Ltd.,INE457D01018,X,Active,Equity
530943,AQYLON,Aqylon Nexus Limited,Aqylon Nexus Limited,INE416A01051,B,Active,Equity
530951,RAMINFO,RAMINFO LIMITED,RAMINFO LIMITED,INE357B01022,X,Active,Equity
530953,SUNILAGR,Sunil Agro Foods ltd.,Sunil Agro Foods ltd.,INE224D01012,X,Active,Equity
530959,DIANATEA,Diana Tea Co.Ltd.,Diana Tea Co.Ltd.,INE012E01035,X,Active,Equity
530961,VIKASECO,Vikas EcoTech Limited,Vikas EcoTech Limited,INE806A01020,B,Active,Equity
530965,IOC,Indian Oil Corporation Ltd.,Indian Oil Corporation Ltd.,INE242A01010,A,Active,Equity
530973,ALFAICA,Alfa Ica (India) Ltd,Alfa Ica (India) Ltd,INE042C01010,X,Active,Equity
530977,SKCIL,Shri Keshav Cements and Infra Limited,Shri Keshav Cements and Infra Limited,INE260E01014,X,Active,Equity
530979,INDIAHOME,India Home Loan Limited,India Home Loan Limited,INE274E01015,X,Active,Equity
530991,ROOPAIND,Roopa Industries Ltd.,Roopa Industries Ltd.,INE443C01010,X,Active,Equity
530993,SARTHAKGL,Sarthak Global Ltd.,Sarthak Global Ltd.,INE075H01019,X,Active,Equity
530997,UNIQUEO,Unique Organics Ltd.,Unique Organics Ltd.,INE333E01019,X,Active,Equity
530999,BALAMINES,Balaji Amines Ltd.,Balaji Amines Ltd.,INE050E01027,B,Active,Equity
531003,SWRNASE,Swarna Securities Ltd.,Swarna Securities Ltd.,INE595G01018,X,Active,Equity
531015,VENMAX,Venmax Drugs And Pharmaceuticals Ltd,Venmax Drugs And Pharmaceuticals Ltd,INE154G01022,X,Active,Equity
531017,ARISE,Arihants Securities ltd.,Arihants Securities ltd.,INE190D01015,X,Active,Equity
531025,VISAGAR,Visagar Financial Services Ltd,Visagar Financial Services Ltd,INE309H01038,X,Active,Equity
531027,LIBORD,Libord Securities Ltd.,Libord Securities Ltd.,INE267E01019,X,Active,Equity
531033,REGAL,Regal Entertainment & Consultants Ltd.,Regal Entertainment & Consultants Ltd.,INE101E01010,X,Active,Equity
531035,EBIX,EBIX LIMITED,EBIX LIMITED,INE432F01032,T,Active,Equity
531039,SWADHATURE,Swadha Nature Limited,Swadha Nature Limited,INE0P4R01017,X,Active,Equity
531041,COMPEAU,Competent Automobiles Co. Ltd.,Competent Automobiles Co. Ltd.,INE823B01015,B,Active,Equity
531043,ZDHJERK,Dhanvantri Jeevan Rekha Ltd.,Dhanvantri Jeevan Rekha Ltd.,INE239F01015,X,Active,Equity
531049,NEELKAN,Neelkanth Rockminerals ltd.,Neelkanth Rockminerals ltd.,INE741D01015,Z,Active,Equity
531051,VINTAGES,Vintage Securities Ltd.,Vintage Securities Ltd.,INE153C01015,X,Active,Equity
531067,CONTILI,Contil India Limited,Contil India Limited,INE080G01029,X,Active,Equity
531069,VIJSOLX,Vijay Solvex Ltd.,Vijay Solvex Ltd.,INE362D01010,B,Active,Equity
531080,SHRIKRISH,Shri Krishna Devcon Limited,Shri Krishna Devcon Limited,INE997I01012,B,Active,Equity
531082,ALANKIT,Alankit Limited,Alankit Limited,INE914E01040,B,Active,Equity
531083,NIHARINF,Nihar Info Global Ltd.,Nihar Info Global Ltd.,INE876E01033,X,Active,Equity
531091,UNITDCR,United Credit ltd.,United Credit ltd.,INE858C01027,X,Active,Equity
531092,OMINFRAL,OM INFRA LIMITED,OM INFRA LIMITED,INE239D01028,B,Active,Equity
531099,CENTUPLE,CENTUPLE GLOBAL LIMITED,CENTUPLE GLOBAL LIMITED,INE396H01019,XT,Active,Equity
531109,ISHANCH,Ishan Dyes and Chemicals Limited,Ishan Dyes and Chemicals Limited,INE561M01018,B,Active,Equity
531111,GOTHIPL,Gothi Plascon (India) Ltd.,Gothi Plascon (India) Ltd.,INE538G01018,P,Active,Equity
531112,BALUFORGE,BALU FORGE INDUSTRIES LIMITED,BALU FORGE INDUSTRIES LIMITED,INE011E01029,A,Active,Equity
531119,CEENIK,Ceenik Exports (india) Ltd.,Ceenik Exports (india) Ltd.,INE418D01010,XT,Active,Equity
531120,PATELENG,Patel Engineering Ltd,Patel Engineering Ltd,INE244B01030,A,Active,Equity
531126,KATIPATANG,KATI PATANG LIFESTYLE LIMITED,KATI PATANG LIFESTYLE LIMITED,INE237C01016,X,Active,Equity
531127,MENAMANI,MENA MANI INDUSTRIES LIMITED,MENA MANI INDUSTRIES LIMITED,INE148B01033,XT,Active,Equity
531129,INANI,Inani Marbles & Industries Ltd.,Inani Marbles & Industries Ltd.,INE635D01027,X,Active,Equity
531137,GEMSI,Gemstone Investments Ltd.,Gemstone Investments Ltd.,INE503D01027,X,Active,Equity
531144,ELFORGE,El Forge Ltd.,El Forge Ltd.,INE158F01017,X,Active,Equity
531146,MEDICAMEQ,Medicamen Biotech Ltd.,Medicamen Biotech Ltd.,INE646B01010,T,Active,Equity
531147,ALICON,Alicon Castalloy Limited,Alicon Castalloy Limited,INE062D01024,B,Active,Equity
531153,DILIGENT,Diligent Industries Limited,Diligent Industries Limited,INE650C01036,X,Active,Equity
531155,EPSOMPRO,Epsom Properties Limited,Epsom Properties Limited,INE601F01016,X,Active,Equity
531156,ALFAVIO,Alfavision Overseas (India) Ltd.,Alfavision Overseas (India) Ltd.,INE883B01027,XT,Active,Equity
531157,ORGCOAT,Organic Coatings Ltd.,Organic Coatings Ltd.,INE412E01011,X,Active,Equity
531158,CATVISION,Catvision Limited,Catvision Limited,INE660B01011,X,Active,Equity
531161,ABMKNO,ABM Knowledgeware Ltd.,ABM Knowledgeware Ltd.,INE850B01026,B,Active,Equity
531162,EMAMILTD,Emami Ltd,Emami Ltd,INE548C01032,A,Active,Equity
531163,KEMISTAR,Kemistar Corporation Limited,Kemistar Corporation Limited,INE971L01029,X,Active,Equity
531168,ASSOCER,Associated Ceramics Ltd.,Associated Ceramics Ltd.,INE771E01010,X,Active,Equity
531169,SKPSEC,SKP Securities Ltd.,SKP Securities Ltd.,INE709B01016,X,Active,Equity
531173,SYSCHEM,Syschem (India) Ltd.,Syschem (India) Ltd.,INE121D01036,X,Active,Equity
531176,MEFCOMCAP,Mefcom Capital Markets Ltd.,Mefcom Capital Markets Ltd.,INE186C01023,X,Active,Equity
531178,HEMANG,Hemang Resources Limited,Hemang Resources Limited,INE930A01010,X,Active,Equity
531179,ARMANFIN,Arman Financial Services Limited,Arman Financial Services Limited,INE109C01017,B,Active,Equity
531190,EFORU,EFORU ENTERTAINMENT LIMITED,EFORU ENTERTAINMENT LIMITED,INE355H01015,XT,Active,Equity
531191,FILTRON,Filtron Engineers Ltd.,Filtron Engineers Ltd.,INE589N01017,X,Active,Equity
531199,GLANCE,Glance Finance Ltd.,Glance Finance Ltd.,INE580D01017,X,Active,Equity
531201,SHILCTECH,Shilchar Technologies Ltd.,Shilchar Technologies Ltd.,INE024F01011,B,Active,Equity
531203,TRADEWELL,TRADEWELL HOLDINGS LIMITED,TRADEWELL HOLDINGS LIMITED,INE819G01012,X,Active,Equity
531205,SPRIGHT,SPRIGHT AGRO LIMITED,SPRIGHT AGRO LIMITED,INE179O01031,X,Active,Equity
531209,NUCLEUS,Nucleus Software Exports Ltd,Nucleus Software Exports Ltd,INE096B01018,B,Active,Equity
531210,COLINZ,Colinz Laboratories ltd.,Colinz Laboratories ltd.,INE923C01011,XT,Active,Equity
531212,NLFL,Nalin Lease Finance Ltd.,Nalin Lease Finance Ltd.,INE606C01012,X,Active,Equity
531213,MANAPPURAM,Manappuram Finance Limited,Manappuram Finance Limited,INE522D01027,A,Active,Equity
531215,RTSPOWR,RTS Power Corporation Ltd.,RTS Power Corporation Ltd.,INE005C01017,B,Active,Equity
531216,COMFINTE,Comfort Intech Ltd,Comfort Intech Ltd,INE819A01049,B,Active,Equity
531219,SHYAMACOMP,Shyama Computronics and Services Limited,Shyama Computronics and Services Limited,INE861E01019,P,Active,Equity
531221,MAYURFL,Mayur Floorings Ltd.,Mayur Floorings Ltd.,INE262W01012,X,Active,Equity
531223,ANJANI,Anjani Synthetics Limited,Anjani Synthetics Limited,INE364D01032,X,Active,Equity
531225,XTGLOBAL,XTGLOBAL INFOTECH LIMITED,XTGLOBAL INFOTECH LIMITED,INE547B01028,B,Active,Equity
531227,DECOMIC,Deco-Mica Ltd.,Deco-Mica Ltd.,INE907E01010,X,Active,Equity
531228,RANDER,Rander Corporation Ltd.,Rander Corporation Ltd.,INE821D01031,XT,Active,Equity
531233,RASIELEC,Rasi Electrodes Ltd.,Rasi Electrodes Ltd.,INE822D01021,X,Active,Equity
531234,SCOOBEEDAY,SCOOBEE DAY GARMENTS (INDIA) LIMITED,SCOOBEE DAY GARMENTS (INDIA) LIMITED,INE962E01015,X,Active,Equity
531235,CITIPOR,Citiport Financial Services Ltd.,Citiport Financial Services Ltd.,INE494D01011,X,Active,Equity
531237,DHRUVCA,Dhruva Capital Services Ltd.,Dhruva Capital Services Ltd.,INE972E01014,X,Active,Equity
531241,LINC,LINC LIMITED,LINC LIMITED,INE802B01027,B,Active,Equity
531246,PRIMAIN,Prima Industries Ltd.,Prima Industries Ltd.,INE723N01012,X,Active,Equity
531253,INDGELA,India Gelatine & Chemicals Ltd.,India Gelatine & Chemicals Ltd.,INE342D01012,X,Active,Equity
531254,OPTIFIN,Optimus Finance Limited,Optimus Finance Limited,INE031G01022,B,Active,Equity
531255,PARAGONF,Paragon Finance Ltd.,Paragon Finance Ltd.,INE015E01012,X,Active,Equity
531257,VELLORA,VELLORA IMPACT LIMITED,VELLORA IMPACT LIMITED,INE530D01012,X,Active,Equity
531259,ESHAMEDIA,Esha Media Research Limited,Esha Media Research Limited,INE328F01016,XT,Active,Equity
531262,EQUILATERA,EQUILATERAL ENTERPRISES LIMITED,EQUILATERAL ENTERPRISES LIMITED,INE060N01019,X,Active,Equity
531266,VSTTILLERS,V.S.T.Tillers Tractors Ltd.,V.S.T.Tillers Tractors Ltd.,INE764D01017,B,Active,Equity
531268,B2BSOFT,B2B Software Technologies Ltd.,B2B Software Technologies Ltd.,INE151B01011,X,Active,Equity
531272,NIKKIGL,Nikki Global Finance Ltd.,Nikki Global Finance Ltd.,INE526C01012,X,Active,Equity
531273,RADHEDE,Radhe Developers (India) ltd.,Radhe Developers (India) ltd.,INE986B01044,X,Active,Equity
531274,KINETRU,Kinetic Trust Ltd.,Kinetic Trust Ltd.,INE674M01019,XT,Active,Equity
531278,ELIXIR,Elixir Capital Limited,Elixir Capital Limited,INE785D01012,X,Active,Equity
531279,TRISHAKT,Trishakti Industries Limited,Trishakti Industries Limited,INE238C01022,XT,Active,Equity
531280,PANKAJPO,Pankaj Polymers Ltd.,Pankaj Polymers Ltd.,INE698B01011,XT,Active,Equity
531281,MARBLE,MARBLE CITY INDIA LIMITED,MARBLE CITY INDIA LIMITED,INE807H01023,XT,Active,Equity
531283,CINDRELL,Cindrella Financial Services Ltd.,Cindrella Financial Services Ltd.,INE897D01015,X,Active,Equity
531286,ADHHATA,ADHATA GLOBAL LIMITED,ADHATA GLOBAL LIMITED,INE586D01014,X,Active,Equity
531287,NATPLASTI,National Plastic Technologies Ltd,National Plastic Technologies Ltd,INE896D01017,X,Active,Equity
531288,LEADFIN,Lead Financial Services  Ltd,Lead Financial Services  Ltd,INE531D01010,X,Active,Equity
531289,NATFIT,National Fittings Limited,National Fittings Limited,INE643C01015,XT,Active,Equity
531297,ARTEFACT,Artefact Projects Ltd,Artefact Projects Ltd,INE885B01014,X,Active,Equity
531301,TUSALDAH,TUSALDAH LIMITED,TUSALDAH LIMITED,INE319M01011,X,Active,Equity
531304,NUTECGLOB,Nutech Global Ltd.,Nutech Global Ltd.,INE960H01012,X,Active,Equity
531306,DHPIND,DHP India Ltd.,DHP India Ltd.,INE590D01016,X,Active,Equity
531307,RRIL,RRIL LIMITED,RRIL LIMITED,INE951M01037,B,Active,Equity
531310,AVAILFC,Available Finance Ltd.,Available Finance Ltd.,INE325G01010,X,Active,Equity
531314,INTCAPL,INTEGRA CAPITAL LIMITED,INTEGRA CAPITAL LIMITED,INE366H01012,X,Active,Equity
531319,MGIL,MARUTI GLOBAL INDUSTRIES LIMITED,MARUTI GLOBAL INDUSTRIES LIMITED,INE368C01019,X,Active,Equity
531322,HAVISHA,SRI HAVISHA HOSPITALITY AND INFRASTRUCTURE LIMITED,SRI HAVISHA HOSPITALITY AND INFRASTRUCTURE LIMITED,INE293B01029,B,Active,Equity
531323,JAYIND,JAYATMA INDUSTRIES LIMITED,JAYATMA INDUSTRIES LIMITED,INE250D01017,X,Active,Equity
531324,ROSELABS,Roselabs Finance Ltd.,Roselabs Finance Ltd.,INE475C01012,X,Active,Equity
531328,KRETTOSYS,KRETTO SYSCON LIMITED,KRETTO SYSCON LIMITED,INE128R01023,X,Active,Equity
531334,VIKALPS,Vikalp Securities Ltd.,Vikalp Securities Ltd.,INE186E01011,X,Active,Equity
531335,ZYDUSWELL,Zydus Wellness Limited,Zydus Wellness Limited,INE768C01028,A,Active,Equity
531338,MILESTONE,Milestone Global Limited,Milestone Global Limited,INE151H01018,X,Active,Equity
531340,BERVINL,Bervin Investments And Leasing Ltd.,Bervin Investments And Leasing Ltd.,INE348I01018,X,Active,Equity
531341,GUJINV,Gujarat Investa Ltd.,Gujarat Investa Ltd.,INE373D01017,X,Active,Equity
531344,CONCOR,Container Corporation Of India Ltd.,Container Corporation Of India Ltd.,INE111A01025,A,Active,Equity
531346,EASTRED,Eastern Treads Ltd.,Eastern Treads Ltd.,INE500D01015,X,Active,Equity
531349,PANACEABIO,Panacea Biotec Ltd.,Panacea Biotec Ltd.,INE922B01023,B,Active,Equity
531352,PEETISEC,Peeti Securities Ltd.,Peeti Securities Ltd.,INE328D01011,X,Active,Equity
531357,MERCURYEV,MERCURY EV-TECH LIMITED,MERCURY EV-TECH LIMITED,INE763M01028,B,Active,Equity
531358,CHOICEIN,Choice International Ltd,Choice International Ltd,INE102B01014,A,Active,Equity
531359,SRAMSET,Shriram Asset Management Co.Ltd.,Shriram Asset Management Co.Ltd.,INE777G01012,X,Active,Equity
531360,GOLECHA,Golechha Global Finance Ltd.,Golechha Global Finance Ltd.,INE427D01011,X,Active,Equity
531364,EKANSH,Ekansh Concepts Limited,Ekansh Concepts Limited,INE005E01013,X,Active,Equity
531370,SPAR,SPARC ELECTREX LIMITED,SPARC ELECTREX LIMITED,INE960B01015,X,Active,Equity
531373,BYKE,The Byke Hospitality    Ltd,The Byke Hospitality    Ltd,INE319B01014,B,Active,Equity
531380,CSURGSU,Centenial Surgical Suture Ltd.,Centenial Surgical Suture Ltd.,INE405H01018,X,Active,Equity
531381,ARIHANT,Arihant Foundations & Housing Ltd.,Arihant Foundations & Housing Ltd.,INE413D01011,B,Active,Equity
531387,HASTIFIN,Hasti Finance Ltd.,Hasti Finance Ltd.,INE671D01014,XT,Active,Equity
531390,UPSURGE,Upsurge Investment And Finance Ltd.,Upsurge Investment And Finance Ltd.,INE890B01014,X,Active,Equity
531395,PADAMCO,Padam Cotton Yarns Ltd.,Padam Cotton Yarns Ltd.,INE448D01025,XT,Active,Equity
531396,WOMENNET,Women Networks Ltd.,Women Networks Ltd.,INE905B01010,X,Active,Equity
531397,POLYCON,Polycon International Ltd.,Polycon International Ltd.,INE262C01014,XT,Active,Equity
531398,SOURCENTRL,Source Natural Foods & Herbal Suppl Ltd,Source Natural Foods & Herbal Suppl Ltd,INE679C01027,X,Active,Equity
531399,GGAUTO,G.G.Automotive Gears Ltd.,G.G.Automotive Gears Ltd.,INE493B01017,X,Active,Equity
531400,ALMONDZ,Almondz Global Securities Limited,Almondz Global Securities Limited,INE326B01035,T,Active,Equity
531402,LWSKNIT,LWS Knitwear Ltd,LWS Knitwear Ltd,INE281M01013,X,Active,Equity
531406,ANSINDUS,ANS Limited,ANS Limited,INE234J01018,XT,Active,Equity
531411,TUNITEX,Tuni Textile Mills Ltd.,Tuni Textile Mills Ltd.,INE560D01027,XT,Active,Equity
531412,RADIXIND,Radix Industries (India) Limited,Radix Industries (India) Limited,INE576N01014,X,Active,Equity
531413,KIRANPR,Kiran Print-Pack Ltd.,Kiran Print-Pack Ltd.,INE516D01011,XT,Active,Equity
531416,NARPROP,Narendra Properties Ltd.,Narendra Properties Ltd.,INE603F01012,X,Active,Equity
531417,MEGACOR,Mega Corporation Ltd,Mega Corporation Ltd,INE804B01023,X,Active,Equity
531420,BMBMUMG,BMB Music & Magnetics Ltd.,BMB Music & Magnetics Ltd.,INE644K01016,XT,Active,Equity
531426,TNPL,Tamil Nadu Newsprint And Papers Ltd,Tamil Nadu Newsprint And Papers Ltd,INE107A01015,B,Active,Equity
531431,SHAKTIPUMP,Shakti Pumps (India) Ltd.,Shakti Pumps (India) Ltd.,INE908D01010,A,Active,Equity
531432,SYTIXSE,Systematix Securities Ltd.,Systematix Securities Ltd.,INE07P301011,X,Active,Equity
531433,SUNGOLD,Sungold Capital Ltd.,Sungold Capital Ltd.,INE271D01013,X,Active,Equity
531436,SAFFRON,Saffron Industries Limited,Saffron Industries Limited,INE474D01013,X,Active,Equity
531437,PWASML,Prakash Woollen & Synthetic Mills Ltd,Prakash Woollen & Synthetic Mills Ltd,INE523I01016,X,Active,Equity
531439,GOLDTECH,AION TECH SOLUTIONS LIMITED,AION TECH SOLUTIONS LIMITED,INE805A01014,T,Active,Equity
531441,LYONSCO,Lyons Corporate Market Ltd.,Lyons Corporate Market Ltd.,INE100F01019,X,Active,Equity
531449,GRMOVER,GRM Overseas Ltd.,GRM Overseas Ltd.,INE192H01020,B,Active,Equity
531453,MOHITIND,Mohit Industries Limited,Mohit Industries Limited,INE954E01012,B,Active,Equity
531454,POLYLINK,Polylink Polymers (india) Ltd.,Polylink Polymers (india) Ltd.,INE323D01020,X,Active,Equity
531456,MINAXI,Minaxi Textiles Ltd.,Minaxi Textiles Ltd.,INE952C01028,X,Active,Equity
531458,BOSTON,BOSTON COMMERCE LIMITED,BOSTON COMMERCE LIMITED,INE109B01019,XT,Active,Equity
531460,CONTICON,Continental Controls Ltd.,Continental Controls Ltd.,INE545B01022,XT,Active,Equity
531465,NOUVEAU,Nouveau Global Ventures Limited,Nouveau Global Ventures Limited,INE317B01042,XT,Active,Equity
531471,DUKEOFS,Duke Offshore Ltd.,Duke Offshore Ltd.,INE397G01019,XT,Active,Equity
531472,CYBELEIND,Cybele  Industries Limited,Cybele  Industries Limited,INE183D01010,X,Active,Equity
531486,FILME,Filmcity Media Ltd.,Filmcity Media Ltd.,INE600B01033,X,Active,Equity
531489,CGVAK,Cg-Vak Software & Exports Ltd.,Cg-Vak Software & Exports Ltd.,INE084D01010,B,Active,Equity
531494,NAVKARURB,NAVKAR URBANSTRUCTURE LIMITED,NAVKAR URBANSTRUCTURE LIMITED,INE268H01044,B,Active,Equity
531495,BLUECOAST,Blue Coast Hotels Ltd,Blue Coast Hotels Ltd,INE472B01011,B,Active,Equity
531497,MADHUCON,Madhucon Projects Ltd.,Madhucon Projects Ltd.,INE378D01032,B,Active,Equity
531500,RAJESHEXPO,Rajesh Exports Ltd.,Rajesh Exports Ltd.,INE343B01030,Z,Active,Equity
531502,ESARIND,Esaar (India) Ltd.,Esaar (India) Ltd.,INE404L01039,X,Active,Equity
531503,MARIS,Maris Spinners Ltd.,Maris Spinners Ltd.,INE866D01010,X,Active,Equity
531505,INDERGR,Indergiri Finance ltd.,Indergiri Finance ltd.,INE628F01019,XT,Active,Equity
531506,SKRABUL,Shukra Bullions Limited,Shukra Bullions Limited,INE561E01015,X,Active,Equity
531508,EVEREADY,Eveready Industries India Ltd.,Eveready Industries India Ltd.,INE128A01029,B,Active,Equity
531509,STEP2COR,Step Two Corporation Ltd.,Step Two Corporation Ltd.,INE623D01015,XT,Active,Equity
531512,ORIENTTR,Orient Tradelink Ltd.,Orient Tradelink Ltd.,INE681D01039,X,Active,Equity
531515,MAHANIN,Mahan Industries Ltd.,Mahan Industries Ltd.,INE735D01041,XT,Active,Equity
531518,VIKASPROP,VIKAS PROPPANT & GRANITE LTD.,VIKAS PROPPANT & GRANITE LTD.,INE767B01022,Z,Active,Equity
531521,DESHRAK,Desh Rakshak Aushdhalaya Ltd.,Desh Rakshak Aushdhalaya Ltd.,INE971E01016,P,Active,Equity
531525,ACESOFT,Ace Software Exports ltd.,Ace Software Exports ltd.,INE849B01010,XT,Active,Equity
531529,SOFTRAKV,Softrak Venture Investments Ltd.,Softrak Venture Investments Ltd.,INE562E01021,XT,Active,Equity
531530,BETALA,Betala Global Securities Ltd.,Betala Global Securities Ltd.,INE658E01027,X,Active,Equity
531531,HATSUN,Hatsun Agro Products Ltd.,Hatsun Agro Products Ltd.,INE473B01035,A,Active,Equity
531533,ACCEDERE,ACCEDERE LIMITED,ACCEDERE LIMITED,INE578B01015,X,Active,Equity
531537,MIZVEN,MIZZEN VENTURES LIMITED,MIZZEN VENTURES LIMITED,INE681K01026,XT,Active,Equity
531539,RISHDIGA,Rishabh Digha Steel And Allied Prod,Rishabh Digha Steel And Allied Prod,INE864D01015,X,Active,Equity
531540,MAINFRA,Maruti Infrastructure Ltd.,Maruti Infrastructure Ltd.,INE392G01028,X,Active,Equity
531541,KOBO,KOBO BIOTECH LIMITED,KOBO BIOTECH LIMITED,INE881A01015,Z,Active,Equity
531543,JINDWORLD,Jindal Worldwide Ltd.,Jindal Worldwide Ltd.,INE247D01039,B,Active,Equity
531548,SOMANYCERA,Somany Ceramics Limited,Somany Ceramics Limited,INE355A01028,B,Active,Equity
531550,JHACC,Jhaveri Credits & Capital Ltd.,Jhaveri Credits & Capital Ltd.,INE865D01012,X,Active,Equity
531552,RAGHUTOB,Raghunath Tobacco Co. Ltd.,Raghunath Tobacco Co. Ltd.,INE754B01012,X,Active,Equity
531553,DRL,DISHA RESOURCES LIMITED,DISHA RESOURCES LIMITED,INE193D01019,XT,Active,Equity
531556,CORALFINAC,Coral India Finance And Housing Ltd,Coral India Finance And Housing Ltd,INE558D01021,B,Active,Equity
531557,AMITSEC,Amit Securities Ltd.,Amit Securities Ltd.,INE137E01014,X,Active,Equity
531562,PUSHPIN,Pushpsons Industries Ltd.,Pushpsons Industries Ltd.,NA,Y,Active,Equity
531569,SANJIVIN,Sanjivani Paranteral Ltd.,Sanjivani Paranteral Ltd.,INE860D01013,X,Active,Equity
531572,RANJITSE,Ranjit Securities Ltd.,Ranjit Securities Ltd.,INE863D01017,XT,Active,Equity
531574,VASINFRA,Vas Infrastructure  Ltd.,Vas Infrastructure  Ltd.,INE192C01013,XT,Active,Equity
531578,KMFBLDR,KMF Builders & Developers Ltd.,KMF Builders & Developers Ltd.,INE580H01026,X,Active,Equity
531582,BERYLSE,Beryl Securities Ltd,Beryl Securities Ltd,INE508J01015,X,Active,Equity
531583,RAP,RAP CORP LIMITED,RAP CORP LIMITED,INE483D01014,X,Active,Equity
531585,DEVINE,Devine Impex Limited,Devine Impex Limited,INE455C01014,X,Active,Equity
531591,BAMPSL,Bampsl Securities Ltd.,Bampsl Securities Ltd.,INE802A01037,X,Active,Equity
531592,GENPHARMA,GENPHARMASEC LIMITED,GENPHARMASEC LIMITED,INE861N01036,X,Active,Equity
531594,INCON,Incon Engineers Ltd.,Incon Engineers Ltd.,INE507D01010,XT,Active,Equity
531595,CGCL,Capri Global Capital Limited,Capri Global Capital Limited,INE180C01042,A,Active,Equity
531597,MIDPOLY,Midland Polymers Ltd.,Midland Polymers Ltd.,INE046M01036,XT,Active,Equity
531599,FDC,FDC Ltd.,FDC Ltd.,INE258B01022,B,Active,Equity
531600,GOGIACAPGL,GOGIA CAPITAL GROWTH LIMITED,GOGIA CAPITAL GROWTH LIMITED,INE832C01014,X,Active,Equity
531608,GORANIN,Gorani Industries Ltd.,Gorani Industries Ltd.,INE792J01015,X,Active,Equity
531609,KGPETRO,KG Petrochem Ltd.,KG Petrochem Ltd.,INE902G01016,X,Active,Equity
531610,UFMINDL,UFM Industries Ltd,UFM Industries Ltd,INE832E01010,XT,Active,Equity
531613,MAL,Meyer Apparel Limited,Meyer Apparel Limited,INE100C01024,XT,Active,Equity
531624,COUNCODOS,Country Condo's Ltd,Country Condo's Ltd,INE695B01025,T,Active,Equity
531626,OROSMITHS,Orosil Smiths India Limited,Orosil Smiths India Limited,INE628B01034,X,Active,Equity
531628,TEJASSVI,TEJASSVI AAHARAM LIMITED,TEJASSVI AAHARAM LIMITED,INE173E01019,XT,Active,Equity
531633,LINCOLN,Lincoln Pharmaceuticals ltd.,Lincoln Pharmaceuticals ltd.,INE405C01035,B,Active,Equity
531635,SILVOAK,Silver Oak (India) Ltd.,Silver Oak (India) Ltd.,INE870J01019,X,Active,Equity
531637,PRAVEG,PRAVEG LIMITED,PRAVEG LIMITED,INE722B01019,B,Active,Equity
531638,SURAJLTD,Suraj Ltd.,Suraj Ltd.,INE713C01016,B,Active,Equity
531640,SICL,Suvidha Infraestate Corporation Limited,Suvidha Infraestate Corporation Limited,INE936N01010,P,Active,Equity
531642,MARICO,Marico Limited,Marico Limited,INE196A01026,A,Active,Equity
531644,TOKYOFIN,Tokyo Finance Ltd.,Tokyo Finance Ltd.,INE546D01018,X,Active,Equity
531651,NATGENI,National General Industries Ltd.,National General Industries Ltd.,INE654H01011,X,Active,Equity
531652,UVS,UVS HOSPITALITY AND SERVICES LIMITED,UVS HOSPITALITY AND SERVICES LIMITED,INE528C01018,X,Active,Equity
531658,ABATEAS,ABATE AS INDUSTRIES LIMITED,ABATE AS INDUSTRIES LIMITED,INE454E01013,X,Active,Equity
531661,HITTCO,Hittco Tools Ltd.,Hittco Tools Ltd.,INE863C01019,XT,Active,Equity
531663,YUVRAAJHPL,YUVRAAJ HYGIENE PRODUCTS LTD,YUVRAAJ HYGIENE PRODUCTS LTD,INE139D01020,X,Active,Equity
531667,RRMETAL,RR METALMAKERS INDIA LIMITED,RR METALMAKERS INDIA LIMITED,INE117K01013,XT,Active,Equity
531668,VISIONCO,Vision Corporation Ltd.,Vision Corporation Ltd.,INE661D01015,XT,Active,Equity
531671,KARNAWATI,Karnawati Innovation Limited,Karnawati Innovation Limited,INE214D01021,X,Active,Equity
531673,ANKIN,Anka India Ltd.,Anka India Ltd.,INE067C01025,X,Active,Equity
531676,EMROCK,EMROCK CORPORATION LIMITED,EMROCK CORPORATION LIMITED,INE554H01021,XT,Active,Equity
531680,MAYUR,Mayur Leather Products Ltd.,Mayur Leather Products Ltd.,INE799E01011,XT,Active,Equity
531681,AMERISE,AMERISE BIOSCIENCES LIMITED,AMERISE BIOSCIENCES LIMITED,INE673C01020,XT,Active,Equity
531685,FRONTFN,Frontline Financial Services Ltd.,Frontline Financial Services Ltd.,INE776R01011,XT,Active,Equity
531688,PRITHVIEXCH,Prithvi Exchange (India) Limited,Prithvi Exchange (India) Limited,INE621B01021,X,Active,Equity
531692,KHYATI,Khyati Multimedia-Entertainment Ltd,Khyati Multimedia-Entertainment Ltd,INE593B01030,X,Active,Equity
531694,RAINBOWF,Rainbow Foundations Ltd,Rainbow Foundations Ltd,INE230F01014,X,Active,Equity
531696,VSDCONF,VSD Confin ltd.,VSD Confin ltd.,INE489F01016,XT,Active,Equity
531716,TRICOMFRU,Tricom Fruit Products Limited,Tricom Fruit Products Limited,INE843F01014,XT,Active,Equity
531717,VIDHIING,Vidhi Specialty Food Ingredients Limited,Vidhi Specialty Food Ingredients Limited,INE632C01026,B,Active,Equity
531719,BHAGCHEM,Bhagiradha Chemicals and Industries,Bhagiradha Chemicals and Industries,INE414D01027,B,Active,Equity
531723,GATECH,GACM Technologies Limited,GACM Technologies Limited,INE224E01028,T,Active,Equity
531726,PANCHSHEEL,Panchsheel Organic Ltd.,Panchsheel Organic Ltd.,INE316G01019,X,Active,Equity
531727,MENNPIS,Menon Pistons Ltd.,Menon Pistons Ltd.,INE650G01029,T,Active,Equity
531735,PRISMFN,Prism Finance Ltd.,Prism Finance Ltd.,INE429Q01019,P,Active,Equity
531737,GREENCREST,Greencrest Financial Services Limited,Greencrest Financial Services Limited,INE414C01045,X,Active,Equity
531739,GENNEX,Gennex Laboratories Ltd,Gennex Laboratories Ltd,INE509C01026,X,Active,Equity
531743,HIRAUTO,Hira Automobiles Ltd.,Hira Automobiles Ltd.,INE258Z01013,P,Active,Equity
531744,GINISILK,Gini Silk Mills Ltd.,Gini Silk Mills Ltd.,INE548B01018,X,Active,Equity
531746,PRAENG,Prajay Engineers Syndicate Ltd.,Prajay Engineers Syndicate Ltd.,INE505C01016,B,Active,Equity
531752,BIOGEN,BIOGEN PHARMACHEM INDUSTRIES LIMITED,BIOGEN PHARMACHEM INDUSTRIES LIMITED,INE703D01023,X,Active,Equity
531758,GKCONS,G.k.Consultants Ltd.,G.k.Consultants Ltd.,INE131D01019,X,Active,Equity
531761,APOLLOPIPE,APOLLO PIPES LIMITED,APOLLO PIPES LIMITED,INE126J01016,B,Active,Equity
531762,UNJHAFOR,Unjha Formulations Ltd.,Unjha Formulations Ltd.,INE576D01015,XT,Active,Equity
531768,POLYMED,Poly Medicure Ltd,Poly Medicure Ltd,INE205C01021,A,Active,Equity
531769,PFLINFOTC,PFL Infotech Ltd.,PFL Infotech Ltd.,INE600F01018,X,Active,Equity
531771,SHRADDHA,SHRADDHA PRIME PROJECTS LTD,SHRADDHA PRIME PROJECTS LTD,INE311M01018,B,Active,Equity
531778,KACHCHH,Kachchh Minerals Ltd.,Kachchh Minerals Ltd.,INE059E01010,X,Active,Equity
531779,PADALPO,Padmanabh Alloys & Polymers Ltd.,Padmanabh Alloys & Polymers Ltd.,INE630U01014,X,Active,Equity
531780,KACL,Kaiser Corporation Limited,Kaiser Corporation Limited,INE229G01022,X,Active,Equity
531784,KCLINFRA,KCL Infra Projects Limited,KCL Infra Projects Limited,INE469F01026,X,Active,Equity
531795,ATULAUTO,Atul Auto Limited,Atul Auto Limited,INE951D01028,B,Active,Equity
531797,SCANPRO,Scan Projects Ltd,Scan Projects Ltd,INE393D01015,X,Active,Equity
531802,PRERINFRA,Prerna Infrabuild Limited,Prerna Infrabuild Limited,INE426H01014,X,Active,Equity
531810,METALCO,Metal Coatings (India) Ltd.,Metal Coatings (India) Ltd.,INE161E01014,X,Active,Equity
531812,SGNTE,SGN Telecoms Ltd.,SGN Telecoms Ltd.,INE266C01023,X,Active,Equity
531813,GANGAPA,Ganga Papers India Ltd,Ganga Papers India Ltd,INE278O01015,XT,Active,Equity
531814,TIRSARJ,Tirupati Sarjan Ltd.,Tirupati Sarjan Ltd.,INE297J01023,X,Active,Equity
531821,MUNOTHFI,Munoth Financial Services Ltd.,Munoth Financial Services Ltd.,INE348D01019,XT,Active,Equity
531822,RODIUM,Rodium Realty Limited,Rodium Realty Limited,INE513E01024,X,Active,Equity
531832,NAGTECH,Nagarjuna Agritech Ltd.,Nagarjuna Agritech Ltd.,INE793H01017,X,Active,Equity
531834,NATHUEC,Natura Hue Chem Ltd.,Natura Hue Chem Ltd.,INE487B01019,XT,Active,Equity
531840,IECEDU,IEC Education Limited,IEC Education Limited,INE172B01017,X,Active,Equity
531841,INDUSFINL,Indus Finance Limited,Indus Finance Limited,INE935D01013,XT,Active,Equity
531842,LAHOTIOV,Lahoti Overseas Ltd.,Lahoti Overseas Ltd.,INE515C01023,B,Active,Equity
531845,ZENITHSTL,ZENITH STEEL PIPES AND  INDUSTRIES LIMITED,ZENITH STEEL PIPES AND  INDUSTRIES LIMITED,INE318D01020,B,Active,Equity
531846,TRINITYLEA,Trinity League India Limited,Trinity League India Limited,INE884X01011,X,Active,Equity
531847,ASTAR,Asian Star Co. Ltd.,Asian Star Co. Ltd.,INE194D01017,B,Active,Equity
531859,ORIRAIL,ORIENTAL RAIL INFRASTRUCTURE LIMITED,ORIENTAL RAIL INFRASTRUCTURE LIMITED,INE457G01029,B,Active,Equity
531861,JOINDRE,Joindre Capital Services Ltd.,Joindre Capital Services Ltd.,INE024B01010,X,Active,Equity
531862,BHARATAGRI,Bharat Agri Fert and Realty Ltd,Bharat Agri Fert and Realty Ltd,INE842D01029,X,Active,Equity
531867,UNITINT,Unitech International Ltd,Unitech International Ltd,INE929K01011,Z,Active,Equity
531869,SACHEMT,Sacheta Metals Ltd.,Sacheta Metals Ltd.,INE433G01020,X,Active,Equity
531870,POPULARES,Popular Estate Management Ltd,Popular Estate Management Ltd,INE370C01015,X,Active,Equity
531878,ANJANIFIN,Anjani Finance Ltd,Anjani Finance Ltd,INE283D01018,X,Active,Equity
531885,SVAINDIA,SVA India Ltd,SVA India Ltd,INE763K01014,P,Active,Equity
531888,REXNORD,Rexnord Electronics & Controls Ltd.,Rexnord Electronics & Controls Ltd.,INE687C01012,X,Active,Equity
531889,NWIL,NURTURE WELL INDUSTRIES LIMITED,NURTURE WELL INDUSTRIES LIMITED,INE882B01037,X,Active,Equity
531892,KHANDSE,Khandwala Securities Ltd.,Khandwala Securities Ltd.,INE060B01014,B,Active,Equity
531893,SAWACA,SAWACA ENTERPRISES LIMITED,SAWACA ENTERPRISES LIMITED,INE248B01023,X,Active,Equity
531900,CCLINTER,CCL International Ltd,CCL International Ltd,INE778E01031,X,Active,Equity
531902,GALLOPENT,Gallops Enterprise  Limited,Gallops Enterprise  Limited,INE755J01012,XT,Active,Equity
531909,CROISSANCE,CROISSANCE LIMITED,CROISSANCE LIMITED,INE587J01027,XT,Active,Equity
531910,JOJO,JOJO LIMITED,JOJO LIMITED,INE312M01024,XT,Active,Equity
531911,GALAGEX,Galaxy Agrico Exports Ltd.,Galaxy Agrico Exports Ltd.,INE803L01016,XT,Active,Equity
531913,CASTORA,CASTORA AGRI COMMODITIES LIMITED,CASTORA AGRI COMMODITIES LIMITED,INE641H01018,X,Active,Equity
531918,HINDAPL,Hindustan Appliances Ltd,Hindustan Appliances Ltd,INE02XD01011,X,Active,Equity
531921,AGARIND,Agarwal Industrial Corporation Limited,Agarwal Industrial Corporation Limited,INE204E01012,B,Active,Equity
531923,DHAMPURE,Dhampure Speciality Sugars Ltd.,Dhampure Speciality Sugars Ltd.,INE956B01013,X,Active,Equity
531925,SHAQUAK,Shantanu Sheorey Aquakult ltd.,Shantanu Sheorey Aquakult ltd.,INE545N01019,X,Active,Equity
531928,GOLCA,Golden Carpets Limited.,Golden Carpets Limited.,INE595D01015,X,Active,Equity
531929,INNOCORP,Innocorp Limited,Innocorp Limited,INE214B01017,X,Active,Equity
531930,SARTHAKIND,Sarthak Industries Ltd.,Sarthak Industries Ltd.,INE074H01012,X,Active,Equity
531931,SAICAPI,Sai Capital Ltd.,Sai Capital Ltd.,INE531X01018,B,Active,Equity
531944,LEXORAA,LEXORAA INDUSTRIES LIMITED,LEXORAA INDUSTRIES LIMITED,INE185D01015,X,Active,Equity
531946,CHADPAP,Chadha Papers Ltd.,Chadha Papers Ltd.,INE669W01018,X,Active,Equity
531950,VERTEX,Vertex Securities Ltd.,Vertex Securities Ltd.,INE316D01024,X,Active,Equity
531952,RIBATEX,Riba Textiles Ltd.,Riba Textiles Ltd.,INE811H01017,XT,Active,Equity
531959,NEWINFRA,Newtime Infrastructure Limited,Newtime Infrastructure Limited,INE997D01021,X,Active,Equity
531962,SHREMETAL,Shree Metalloys Limited,Shree Metalloys Limited,INE914B01012,X,Active,Equity
531968,IITLPROJ,IITL PROJECTS LIMITED,IITL PROJECTS LIMITED,INE786E01018,XT,Active,Equity
531971,POPEES,POPEES BABY CARE INDIA LIMITED,POPEES BABY CARE INDIA LIMITED,INE167F01018,XT,Active,Equity
531977,CHLOGIST,Chartered Logistics Ltd,Chartered Logistics Ltd,INE558F01026,XT,Active,Equity
531978,AMBIKCO,Ambika Cotton Mills Ltd.,Ambika Cotton Mills Ltd.,INE540G01014,B,Active,Equity
531979,HINDALUMI,HIND ALUMINIUM INDUSTRIES LTD.,HIND ALUMINIUM INDUSTRIES LTD.,INE227B01019,B,Active,Equity
531982,SPECFOOD,Spectrum Foods Limited,Spectrum Foods Limited,INE547C01018,XT,Active,Equity
531989,DECPO,Deccan Polypacks Ltd,Deccan Polypacks Ltd,INE132E01015,X,Active,Equity
531991,AMRAAGRI,Amraworld Agrico Ltd.,Amraworld Agrico Ltd.,INE735C01027,X,Active,Equity
531994,AUTOPINS,Auto Pins (India) Ltd.,Auto Pins (India) Ltd.,INE706C01028,XT,Active,Equity
531996,ODYCORP,Odyssey Corporation Ltd.,Odyssey Corporation Ltd.,INE839E01023,B,Active,Equity
531997,IKOMA,IKOMA TECHNOLOGIES LIMITED,IKOMA TECHNOLOGIES LIMITED,INE164D01010,XT,Active,Equity
532001,INDCTST,Inducto Steels ltd.,Inducto Steels ltd.,INE146H01018,X,Active,Equity
532005,SAMINDUS,Sam Industries Ltd.,Sam Industries Ltd.,INE653D01012,X,Active,Equity
532007,SHVFL,Shree Vatsaa Finance & Leasing Ltd.,Shree Vatsaa Finance & Leasing Ltd.,INE981C01019,X,Active,Equity
532011,POOJAENT,VASHU BHAGNANI INDUSTRIES LIMITED,VASHU BHAGNANI INDUSTRIES LIMITED,INE147C01017,X,Active,Equity
532015,GRAVITY,Gravity (India) Ltd.,Gravity (India) Ltd.,INE995A01013,X,Active,Equity
532016,ESPIRE,ESPIRE HOSPITALITY LIMITED,ESPIRE HOSPITALITY LIMITED,INE176O01011,X,Active,Equity
532019,LCCINFOTEC,LCC Infotech Ltd.,LCC Infotech Ltd.,INE938A01021,B,Active,Equity
532022,FILATFASH,Filatex Fashions Ltd,Filatex Fashions Ltd,INE185E01021,B,Active,Equity
532024,AARCON,AARCON FACILITIES LIMITED,AARCON FACILITIES LIMITED,INE056J01015,P,Active,Equity
532029,SINDHUTRAD,Sindhu Trade Links Limited,Sindhu Trade Links Limited,INE325D01025,B,Active,Equity
532039,ZENOTECH,Zenotech Laboratories Limited,Zenotech Laboratories Limited,INE486F01012,X,Active,Equity
532041,HINDBIO,Hindustan Bio Sciences Ltd.,Hindustan Bio Sciences Ltd.,INE597C01021,XT,Active,Equity
532042,FRONTCORP,Frontline Corporation Limited,Frontline Corporation Limited,INE092D01013,X,Active,Equity
532051,SWELECTES,Swelect Energy Systems Limited,Swelect Energy Systems Limited,INE409B01013,B,Active,Equity
532053,WALLFORT,Wallfort Financial Services Ltd.,Wallfort Financial Services Ltd.,INE121B01014,X,Active,Equity
532054,KDDL,KDDL Ltd,KDDL Ltd,INE291D01011,B,Active,Equity
532056,TRUSTEDGE,Trustedge Capital Limited,Trustedge Capital Limited,INE398H01015,X,Active,Equity
532057,ABHICAP,Abhinav Capital Services Limited,Abhinav Capital Services Limited,INE516F01016,X,Active,Equity
532067,3BBLACKBIO,3B BlackBio Dx Limited,3B BlackBio Dx Limited,INE994E01018,B,Active,Equity
532070,GUJJUBHAI,GUJJUBHAI INDUSTRIES LIMITED,GUJJUBHAI INDUSTRIES LIMITED,INE311N01016,X,Active,Equity
532078,MONIND,MONIND LIMITED,MONIND LIMITED,INE407E01029,X,Active,Equity
532083,SHKALYN,Shri Kalyan Holdings Ltd.,Shri Kalyan Holdings Ltd.,INE079N01019,XT,Active,Equity
532090,ATVOENT,Atvo Enterprises Limited,Atvo Enterprises Limited,INE219M01021,X,Active,Equity
532092,EPUJA,EPUJA SPIRITECH LIMITED,EPUJA SPIRITECH LIMITED,INE807D01030,X,Active,Equity
532100,INDOCITY,Indo-City Infotech Ltd.,Indo-City Infotech Ltd.,INE456B01014,X,Active,Equity
532102,SBECSUG,SBEC Sugar Ltd.,SBEC Sugar Ltd.,INE948G01019,X,Active,Equity
532113,BRIJLEAS,Brijlaxmi Leasing & Finance ltd.,Brijlaxmi Leasing & Finance ltd.,INE957E01031,X,Active,Equity
532123,BSELALGO,BSEL ALGO LIMITED,BSEL ALGO LIMITED,INE395A01016,X,Active,Equity
532124,RELIABVEN,Reliable Ventures India Ltd,Reliable Ventures India Ltd,INE419H01019,XT,Active,Equity
532131,TRIUMPIN,Triumph International Finance India,Triumph International Finance India,INE382B01012,X,Active,Equity
532134,BANKBARODA,Bank Of Baroda,Bank Of Baroda,INE028A01039,A,Active,Equity
532138,SMCREDT,SMC Credits ltd.,SMC Credits ltd.,INE440E01012,XT,Active,Equity
532140,MOHITE,Mohite Industries Limited,Mohite Industries Limited,INE154B01023,B,Active,Equity
532141,ACL,Andhra Cement Ltd.,Andhra Cement Ltd.,INE666E01020,B,Active,Equity
532143,SKMEGGPROD,SKM Egg Products Exports (India) Lt,SKM Egg Products Exports (India) Lt,INE411D01023,B,Active,Equity
532144,WELCORP,Welspun Corp Limited,Welspun Corp Limited,INE191B01025,A,Active,Equity
532145,HOTLSILV,H.S.India Ltd.,H.S.India Ltd.,INE731B01010,X,Active,Equity
532149,BANKINDIA,Bank of India,Bank of India,INE084A01016,A,Active,Equity
532150,INDRAMEDCO,Indraprastha Medical Corporation Lt,Indraprastha Medical Corporation Lt,INE681B01017,A,Active,Equity
532154,JOHNPHARMA,JOHNSON PHARMACARE LIMITED,JOHNSON PHARMACARE LIMITED,INE560F01022,X,Active,Equity
532155,GAIL,Gail (India) Ltd.,Gail (India) Ltd.,INE129A01019,A,Active,Equity
532156,VAIBHAVGBL,Vaibhav Global Ltd,Vaibhav Global Ltd,INE884A01027,B,Active,Equity
532159,TRESCON,TRESCON LIMITED,TRESCON LIMITED,INE088D01011,X,Active,Equity
532160,GUJSTATFIN,Gujarat State Financial corporation,Gujarat State Financial corporation,INE944A01011,B,Active,Equity
532162,JKPAPER,JK Paper Ltd.,JK Paper Ltd.,INE789E01012,A,Active,Equity
532163,SAREGAMA,Saregama India Ltd.,Saregama India Ltd.,INE979A01025,A,Active,Equity
532167,OMKARPH,Omkar Pharmachem Ltd.,Omkar Pharmachem Ltd.,INE501C01015,X,Active,Equity
532172,ADROITINFO,Adroit Infotech Limited,Adroit Infotech Limited,INE737B01033,B,Active,Equity
532173,CYBERTECH,Cybertech Systems and Software Ltd.,Cybertech Systems and Software Ltd.,INE214A01019,T,Active,Equity
532174,ICICIBANK,ICICI Bank Ltd.,ICICI Bank Ltd.,INE090A01021,A,Active,Equity
532175,CYIENT,Cyient Limited,Cyient Limited,INE136B01020,A,Active,Equity
532178,ENGINERSIN,Engineers India Ltd.,Engineers India Ltd.,INE510A01028,A,Active,Equity
532180,DHANBANK,Dhanlaxmi Bank Limited,Dhanlaxmi Bank Limited,INE680A01011,B,Active,Equity
532181,GMDCLTD,Gujarat Mineral Development Corpora,Gujarat Mineral Development Corpora,INE131A01031,A,Active,Equity
532183,GAYATRI,Gayatri Sugars Ltd.,Gayatri Sugars Ltd.,INE622E01023,X,Active,Equity
532187,INDUSINDBK,IndusInd Bank Ltd.,IndusInd Bank Ltd.,INE095A01012,A,Active,Equity
532189,ITDC,India Tourism Development Corporati,India Tourism Development Corporati,INE353K01014,B,Active,Equity
532209,J&KBANK,Jammu and Kashmir Bank Ltd.,Jammu and Kashmir Bank Ltd.,INE168A01041,A,Active,Equity
532210,CUB,CITY UNION BANK LIMITED,CITY UNION BANK LIMITED,INE491A01021,A,Active,Equity
532212,ARCHIES,Archies Ltd.,Archies Ltd.,INE731A01020,B,Active,Equity
532215,AXISBANK,AXIS Bank Ltd.,AXIS Bank Ltd.,INE238A01034,A,Active,Equity
532216,HBSL,HB Stockholdings Ltd.,HB Stockholdings Ltd.,INE550B01022,B,Active,Equity
532217,CMXLTD,CMX HOLDINGS LIMITED,CMX HOLDINGS LIMITED,INE027F01014,XT,Active,Equity
532218,SOUTHBANK,South Indian Bank Ltd.,South Indian Bank Ltd.,INE683A01023,A,Active,Equity
532219,ENERGYDEV,Energy Development Company Ltd.,Energy Development Company Ltd.,INE306C01019,B,Active,Equity
532221,SONATSOFTW,Sonata Software Ltd.,Sonata Software Ltd.,INE269A01021,A,Active,Equity
532230,BENGALT,Bengal Tea & fabrics Ltd.,Bengal Tea & fabrics Ltd.,INE665D01016,X,Active,Equity
532234,NATIONALUM,National Aluminium Co. Ltd.,National Aluminium Co. Ltd.,INE139A01034,A,Active,Equity
532240,INDNIPPON,India Nippon Electricals Ltd,India Nippon Electricals Ltd,INE092B01025,B,Active,Equity
532256,NSIL,Nalwa Sons Investment Ltd,Nalwa Sons Investment Ltd,INE023A01030,B,Active,Equity
532259,APARINDS,Apar Industries Ltd,Apar Industries Ltd,INE372A01015,A,Active,Equity
532262,TCIIND,TCI Industries Ltd.,TCI Industries Ltd.,INE920B01019,X,Active,Equity
532268,ACCELYA,ACCELYA SOLUTIONS INDIA LIMITED,ACCELYA SOLUTIONS INDIA LIMITED,INE793A01012,B,Active,Equity
532271,ORCHASP,ORCHASP LIMITED,ORCHASP LIMITED,INE215B01022,B,Active,Equity
532275,LANDMARC,Landmarc Leisure Corporation Ltd.,Landmarc Leisure Corporation Ltd.,INE394C01023,X,Active,Equity
532281,HCLTECH,HCL Technologies Ltd,HCL Technologies Ltd,INE860A01027,A,Active,Equity
532284,TCFCFINQ,TCFC Finance Ltd,TCFC Finance Ltd,INE389D01013,X,Active,Equity
532285,GEOJITFSL,Geojit Financial Services Limited,Geojit Financial Services Limited,INE007B01023,B,Active,Equity
532286,JINDALSTEL,JINDAL STEEL LIMITED,JINDAL STEEL LIMITED,INE749A01030,A,Active,Equity
532290,BLBLIMITED,BLB Limited,BLB Limited,INE791A01024,B,Active,Equity
532296,GLENMARK,Glenmark Pharmaceuticals ltd,Glenmark Pharmaceuticals ltd,INE935A01035,A,Active,Equity
532300,WOCKPHARMA,Wockhardt Ltd,Wockhardt Ltd,INE049B01025,A,Active,Equity
532303,INTEGHIT,Integrated Hi-tech ltd.,Integrated Hi-tech ltd.,INE934A01012,X,Active,Equity
532304,KJMCCORP,KJMC Corporate Advisors (India) Ltd.,KJMC Corporate Advisors (India) Ltd.,INE602C01011,X,Active,Equity
532305,INDSWFTLAB,Ind-Swift Laboratories Ltd.,Ind-Swift Laboratories Ltd.,INE915B01019,B,Active,Equity
532309,GVPIL,GE Power India Limited,GE Power India Limited,INE878A01011,B,Active,Equity
532310,SHREERAMA,Shree Rama Multi-tech Ltd.,Shree Rama Multi-tech Ltd.,INE879A01019,B,Active,Equity
532313,MAHLIFE,Mahindra Lifespace Developers Ltd.,Mahindra Lifespace Developers Ltd.,INE813A01018,A,Active,Equity
532315,GROARC,GROARC INDUSTRIES INDIA LIMITED,GROARC INDUSTRIES INDIA LIMITED,INE042B01012,X,Active,Equity
532320,VAARAD,Vaarad Ventures Ltd,Vaarad Ventures Ltd,INE418B01048,X,Active,Equity
532321,ZYDUSLIFE,Zydus Lifesciences Limited,Zydus Lifesciences Limited,INE010B01027,A,Active,Equity
532323,SHIVACEM,Shiva Cement Ltd.,Shiva Cement Ltd.,INE555C01029,B,Active,Equity
532324,CINEVISTA,Cinevista Limited,Cinevista Limited,INE039B01026,B,Active,Equity
532326,INTENTECH,Intense Technologies,Intense Technologies,INE781A01025,B,Active,Equity
532329,DANLAW,Danlaw Technologies India Ltd.,Danlaw Technologies India Ltd.,INE310B01013,XT,Active,Equity
532331,AJANTPHARM,Ajanta Pharma Ltd.,Ajanta Pharma Ltd.,INE031B01049,A,Active,Equity
532332,CURAA,Cura Technologies Limited,Cura Technologies Limited,INE117B01020,T,Active,Equity
532333,HBPOR,HB Portfolio Ltd.,HB Portfolio Ltd.,INE638B01025,B,Active,Equity
532334,HBESD,HB Estate Developers Ltd.,HB Estate Developers Ltd.,INE640B01021,B,Active,Equity
532335,AMBICAAGAR,Ambica Agarbathies & Aroma Ind. Ltd.,Ambica Agarbathies & Aroma Ind. Ltd.,INE792B01012,B,Active,Equity
532339,COMPUSOFT,Compucom Software Lt.,Compucom Software Lt.,INE453B01029,B,Active,Equity
532340,OMNIAX,Omni Axs Software Ltd.,Omni Axs Software Ltd.,INE369B01019,X,Active,Equity
532341,IZMO,IZMO Limited,IZMO Limited,INE848A01014,B,Active,Equity
532343,TVSMOTOR,TVS Motor Company Ltd.,TVS Motor Company Ltd.,INE494B01023,A,Active,Equity
532344,MADALA,MADALA HOLDINGS LIMITED,MADALA HOLDINGS LIMITED,INE002B01016,X,Active,Equity
532348,SUBEXLTD,Subex  Ltd,Subex  Ltd,INE754A01055,B,Active,Equity
532349,TCI,Transport Corporation of India Ltd,Transport Corporation of India Ltd,INE688A01022,B,Active,Equity
532350,PADMALAYAT,Padmalaya Telefilms Ltd.,Padmalaya Telefilms Ltd.,INE243B01016,Z,Active,Equity
532351,AKSHOPTFBR,Aksh Optifibre Ltd.,Aksh Optifibre Ltd.,INE523B01011,T,Active,Equity
532354,VIRGOGLOB,Virgo Global Limited,Virgo Global Limited,INE400B01020,XT,Active,Equity
532355,PICTUREHS,Picturehouse Media Limited,Picturehouse Media Limited,INE448B01029,X,Active,Equity
532356,TRIVENI,Triveni Engineering & Industries Ltd,Triveni Engineering & Industries Ltd,INE256C01024,A,Active,Equity
532357,MUKTAARTS,Mukta Arts Ltd.,Mukta Arts Ltd.,INE374B01019,B,Active,Equity
532359,HITKITGLO,Hit Kit Global Solutions Ltd,Hit Kit Global Solutions Ltd,INE309B01023,X,Active,Equity
532362,NAGPI,Nagpur Power & Industries Ltd,Nagpur Power & Industries Ltd,INE099E01016,X,Active,Equity
532365,DSSL,Dynacons Systems & Solutions Ltd.,Dynacons Systems & Solutions Ltd.,INE417B01040,B,Active,Equity
532366,PNBGILTS,PNB Gilts Ltd,PNB Gilts Ltd,INE859A01011,B,Active,Equity
532368,BCG,BRIGHTCOM GROUP LIMITED,BRIGHTCOM GROUP LIMITED,INE425B01027,B,Active,Equity
532369,RAMCOIND,Ramco Industries Ltd,Ramco Industries Ltd,INE614A01028,B,Active,Equity
532370,RAMCOSYS,Ramco Systems Ltd,Ramco Systems Ltd,INE246B01019,B,Active,Equity
532371,TTML,Tata Teleservices (Maharashtra) Ltd.,Tata Teleservices (Maharashtra) Ltd.,INE517B01013,A,Active,Equity
532372,VIRINCHI,Virinchi Limited,Virinchi Limited,INE539B01017,B,Active,Equity
532373,WEPSOLN,WEP Solutions Ltd,WEP Solutions Ltd,INE434B01029,X,Active,Equity
532374,STLTECH,Sterlite Technologies Limited.,Sterlite Technologies Limited.,INE089C01029,T,Active,Equity
532375,TIPSMUSIC,TIPS MUSIC LIMITED,TIPS MUSIC LIMITED,INE716B01029,A,Active,Equity
532376,UMIYA-MRO,UMIYA BUILDCON LIMITED,UMIYA BUILDCON LIMITED,INE398B01018,B,Active,Equity
532378,UNIVARTS,Universal Arts Ltd,Universal Arts Ltd,INE464B01018,X,Active,Equity
532379,FIRSTFIN,FIRST FINTEC LIMITED,FIRST FINTEC LIMITED,INE683B01047,XT,Active,Equity
532380,BABA,Baba Arts Ltd,Baba Arts Ltd,INE893A01036,X,Active,Equity
532382,BALAJITELE,Balaji Telefilms Ltd.,Balaji Telefilms Ltd.,INE794B01026,B,Active,Equity
532384,TYCHE,Tyche Industries Ltd.,Tyche Industries Ltd.,INE443B01012,X,Active,Equity
532386,CALSOFT,California Software Co. Ltd.,California Software Co. Ltd.,INE526B01014,T,Active,Equity
532387,PNC,PNC Media and Entertainment Limited,PNC Media and Entertainment Limited,INE392B01011,B,Active,Equity
532388,IOB,Indian Overseas Bank,Indian Overseas Bank,INE565A01014,A,Active,Equity
532390,TAJGVK,Taj GVK Hotels & Resorts Ltd.,Taj GVK Hotels & Resorts Ltd.,INE586B01026,B,Active,Equity
532392,CREATIVEYE,Creative Eye Ltd.,Creative Eye Ltd.,INE230B01021,B,Active,Equity
532395,AXISCADES,AXISCADES TECHNOLOGIES LIMITED,AXISCADES TECHNOLOGIES LIMITED,INE555B01013,B,Active,Equity
532397,KONNDOR,KONNDOR INDUSTRIES LIMITED,KONNDOR INDUSTRIES LIMITED,INE971A01014,XT,Active,Equity
532398,UMESLTD,Usha Martin Education & Solutions Limited,Usha Martin Education & Solutions Limited,INE240C01028,B,Active,Equity
532400,BSOFT,BIRLASOFT LIMITED,BIRLASOFT LIMITED,INE836A01035,A,Active,Equity
532402,USGTECH,USG Tech Solutions Ltd,USG Tech Solutions Ltd,INE718B01017,X,Active,Equity
532404,7TEC,Saven Technologies Ltd.,Saven Technologies Ltd.,INE856B01023,X,Active,Equity
532406,AVANTEL,Avantel Limited,Avantel Limited,INE005B01027,A,Active,Equity
532407,MOSCHIP,MOSCHIP TECHNOLOGIES LIMITED,MOSCHIP TECHNOLOGIES LIMITED,INE935B01025,A,Active,Equity
532408,SIGMAADV,SIGMA ADVANCED SYSTEMS LIMITED,SIGMA ADVANCED SYSTEMS LIMITED,INE933B01012,T,Active,Equity
532410,TRANSCOR,Transcorp International Ltd.,Transcorp International Ltd.,INE330E01023,B,Active,Equity
532416,NEXTMEDIA,Next Mediaworks Ltd,Next Mediaworks Ltd,INE747B01016,B,Active,Equity
532419,SMARTLINK,Smartlink Holdings Limited,Smartlink Holdings Limited,INE178C01020,T,Active,Equity
532424,GODREJCP,Godrej Consumer Products Ltd.,Godrej Consumer Products Ltd.,INE102D01028,A,Active,Equity
532425,GENUSPRIME,GENUS PRIME INFRA LIMITED,GENUS PRIME INFRA LIMITED,INE256D01014,XT,Active,Equity
532430,BFUTILITIE,BF Utilities Ltd.,BF Utilities Ltd.,INE243D01012,B,Active,Equity
532432,UNITDSPR,United Spirits Limited,United Spirits Limited,INE854D01024,A,Active,Equity
532435,SANINFRA,Sanmit Infra Limited,Sanmit Infra Limited,INE799C01049,X,Active,Equity
532439,OLECTRA,OLECTRA GREENTECH LIMITED,OLECTRA GREENTECH LIMITED,INE260D01016,A,Active,Equity
532440,MPSLTD,MPS Limited,MPS Limited,INE943D01017,B,Active,Equity
532443,CERA,Cera Sanitaryware Ltd.,Cera Sanitaryware Ltd.,INE739E01017,A,Active,Equity
532444,TSPIRITUAL,T. Spiritual World Ltd.,T. Spiritual World Ltd.,INE541C01037,X,Active,Equity
532454,BHARTIARTL,Bharti Airtel  Ltd.,Bharti Airtel  Ltd.,INE397D01024,A,Active,Equity
532455,SHALIWIR,Shalimar Wires Industries Ltd.,Shalimar Wires Industries Ltd.,INE655D01025,X,Active,Equity
532456,COMPINFO,Compuage Infocom Ltd,Compuage Infocom Ltd,INE070C01037,Z,Active,Equity
532457,GULPOLY,Gulshan Polyols Ltd.,Gulshan Polyols Ltd.,INE255D01024,B,Active,Equity
532460,PONNIERODE,Ponni Sugars (Erode) Ltd.,Ponni Sugars (Erode) Ltd.,INE838E01017,B,Active,Equity
532461,PNB,Punjab National Bank,Punjab National Bank,INE160A01022,A,Active,Equity
532466,OFSS,Oracle Financial Services Software Limited,Oracle Financial Services Software Limited,INE881D01027,A,Active,Equity
532467,HAZOOR,Hazoor Multi Projects Limited,Hazoor Multi Projects Limited,INE550F01049,B,Active,Equity
532468,KAMAHOLD,Kama Holdings Limited,Kama Holdings Limited,INE411F01010,B,Active,Equity
532470,MPFSL,MPF Systems Limited,MPF Systems Limited,INE095E01022,XT,Active,Equity
532475,APTECHT,Aptech Ltd.,Aptech Ltd.,INE266F01018,B,Active,Equity
532477,UNIONBANK,Union Bank of India,Union Bank of India,INE692A01016,A,Active,Equity
532478,UBL,United Breweries Ltd.,United Breweries Ltd.,INE686F01025,A,Active,Equity
532481,NOIDATOLL,Noida Toll Bridge Company Ltd,Noida Toll Bridge Company Ltd,INE781B01015,B,Active,Equity
532482,GRANULES,Granules India Ltd.,Granules India Ltd.,INE101D01020,A,Active,Equity
532483,CANBK,Canara Bank,Canara Bank,INE476A01022,A,Active,Equity
532485,BLIL,Balmer Lawrie Investments Ltd.,Balmer Lawrie Investments Ltd.,INE525F01025,B,Active,Equity
532486,POKARNA,Pokarna Ltd.,Pokarna Ltd.,INE637C01025,B,Active,Equity
532488,DIVISLAB,Divi's Laboratories Ltd.,Divi's Laboratories Ltd.,INE361B01024,A,Active,Equity
532493,ASTRAMICRO,Astra Microwave Products Ltd.,Astra Microwave Products Ltd.,INE386C01029,A,Active,Equity
532497,RADICO,Radico Khaitan Ltd.,Radico Khaitan Ltd.,INE944F01028,A,Active,Equity
532500,MARUTI,Maruti Suzuki India  Ltd.,Maruti Suzuki India  Ltd.,INE585B01010,A,Active,Equity
532503,RAJPALAYAM,Rajapalayam Mills Limited,Rajapalayam Mills Limited,INE296E01026,B,Active,Equity
532504,NAVINFLUOR,Navin Fluorine International Limited,Navin Fluorine International Limited,INE048G01026,A,Active,Equity
532505,UCOBANK,UCO Bank,UCO Bank,INE691A01018,A,Active,Equity
532507,BAGFILMS,B.A.G. Films & Media Ltd,B.A.G. Films & Media Ltd,INE116D01028,B,Active,Equity
532508,JSL,Jindal Stainless Limited,Jindal Stainless Limited,INE220G01021,A,Active,Equity
532509,SUPRAJIT,Suprajit Engineering Ltd.,Suprajit Engineering Ltd.,INE399C01030,A,Active,Equity
532513,TVSELECT,TVS Electronics Ltd.,TVS Electronics Ltd.,INE236G01019,B,Active,Equity
532514,IGL,Indraprashtha Gas Ltd.,Indraprashtha Gas Ltd.,INE203G01027,A,Active,Equity
532515,TVTODAY,T.V.Today Network Limited,T.V.Today Network Limited,INE038F01029,B,Active,Equity
532521,PALREDTEC,Palred Technologies Limited,Palred Technologies Limited,INE218G01033,B,Active,Equity
532522,PETRONET,PETRONET LNG LTD.,PETRONET LNG LTD.,INE347G01014,A,Active,Equity
532523,BIOCON,Biocon Ltd.,Biocon Ltd.,INE376G01013,A,Active,Equity
532524,PTC,PTC India Ltd,PTC India Ltd,INE877F01012,A,Active,Equity
532525,MAHABANK,Bank of maharashtra,Bank of maharashtra,INE457A01014,A,Active,Equity
532527,RKFORGE,ramkrishna forgings Ltd.,ramkrishna forgings Ltd.,INE399G01023,A,Active,Equity
532528,DATAMATICS,Datamatics Global Services Limited,Datamatics Global Services Limited,INE365B01017,A,Active,Equity
532529,NDTV,New Delhi Television Limited,New Delhi Television Limited,INE155G01029,B,Active,Equity
532531,STAR,STRIDES PHARMA SCIENCE LIMITED,STRIDES PHARMA SCIENCE LIMITED,INE939A01011,A,Active,Equity
532538,ULTRACEMCO,UltraTech Cement Ltd,UltraTech Cement Ltd,INE481G01011,A,Active,Equity
532539,UNOMINDA,UNO Minda Limited,UNO Minda Limited,INE405E01023,A,Active,Equity
532540,TCS,Tata Consultancy Services Ltd.,Tata Consultancy Services Ltd.,INE467B01029,A,Active,Equity
532541,COFORGE,COFORGE LIMITED,COFORGE LIMITED,INE591G01025,A,Active,Equity
532543,GULFPETRO,GP Petroleums Limited,GP Petroleums Limited,INE586G01017,T,Active,Equity
532548,CENTURYPLY,Century Plyboards (India) Ltd.,Century Plyboards (India) Ltd.,INE348B01021,A,Active,Equity
532553,WELENT,Welspun Enterprises Limited,Welspun Enterprises Limited,INE625G01013,A,Active,Equity
532555,NTPC,NTPC Limited,NTPC Limited,INE733E01010,A,Active,Equity
532604,SALSTEEL,S.A.L. Steel Ltd.,S.A.L. Steel Ltd.,INE658G01014,B,Active,Equity
532605,JBMA,JBM Auto Limited,JBM Auto Limited,INE927D01051,A,Active,Equity
532610,DWARKESH,Dwarikesh Sugar Industries Ltd.,Dwarikesh Sugar Industries Ltd.,INE366A01041,B,Active,Equity
532612,INDOCO,Indoco Remedies Ltd.,Indoco Remedies Ltd.,INE873D01024,B,Active,Equity
532613,VIPCLOTHNG,VIP Clothing Limited,VIP Clothing Limited,INE450G01024,B,Active,Equity
532614,IMPEXFERRO,Impex Ferro tech Ltd.,Impex Ferro tech Ltd.,INE691G01015,Z,Active,Equity
532616,XCHANGING,Xchanging Solutions Limited,Xchanging Solutions Limited,INE692G01013,B,Active,Equity
532624,JINDALPHOT,Jindal Photo Limited,Jindal Photo Limited,INE796G01012,B,Active,Equity
532626,POCL,Pondy Oxides & Chemicals Limited,Pondy Oxides & Chemicals Limited,INE063E01061,A,Active,Equity
532627,JPPOWER,Jaiprakash Power Ventures Limited,Jaiprakash Power Ventures Limited,INE351F01018,A,Active,Equity
532628,3IINFOLTD,3i Infotech limited,3i Infotech limited,INE748C01038,T,Active,Equity
532629,MBECL,McNally Bharat Engineering Company Limited,McNally Bharat Engineering Company Limited,INE748A01024,T,Active,Equity
532630,GOKEX,Gokaldas Exports Ltd,Gokaldas Exports Ltd,INE887G01027,A,Active,Equity
532633,ALLDIGI,Alldigi Tech Limited,Alldigi Tech Limited,INE835G01018,B,Active,Equity
532636,IIFL,IIFL FINANCE LIMITED,IIFL FINANCE LIMITED,INE530B01024,A,Active,Equity
532637,MANGALAM,Mangalam Drugs and Organics Ltd.,Mangalam Drugs and Organics Ltd.,INE584F01014,B,Active,Equity
532638,SHOPERSTOP,Shoppers Stop Ltd,Shoppers Stop Ltd,INE498B01024,B,Active,Equity
532640,CYBERMEDIA,Cyber Media (India) Ltd.,Cyber Media (India) Ltd.,INE278G01037,T,Active,Equity
532641,NDL,Nandan Denim Limited,Nandan Denim Limited,INE875G01048,B,Active,Equity
532642,JSWHL,JSW Holdings Limited,JSW Holdings Limited,INE824G01012,A,Active,Equity
532644,JKCEMENT,J.K. CEMENT LTD,J.K. CEMENT LTD,INE823G01014,A,Active,Equity
532645,BEEYU,Beeyu Overseas Ltd.,Beeyu Overseas Ltd.,INE052B01011,X,Active,Equity
532648,YESBANK,Yes Bank Ltd.,Yes Bank Ltd.,INE528G01035,A,Active,Equity
532649,NECLIFE,Nectar Lifesciences Limited,Nectar Lifesciences Limited,INE023H01027,B,Active,Equity
532650,MSPL,MSP STEEL & POWER LTD.,MSP STEEL & POWER LTD.,INE752G01015,B,Active,Equity
532651,SPLIL,SPL INDUSTRIES LIMITED,SPL INDUSTRIES LIMITED,INE978G01016,B,Active,Equity
532652,KTKBANK,Karnataka Bank Ltd.,Karnataka Bank Ltd.,INE614B01018,A,Active,Equity
532654,MCLEODRUSS,McLeod Russel India Limited,McLeod Russel India Limited,INE942G01012,B,Active,Equity
532656,FACORALL,FACOR Alloys Limited,FACOR Alloys Limited,INE828G01013,X,Active,Equity
532660,VIVIMEDLAB,Vivimed Labs Ltd.,Vivimed Labs Ltd.,INE526G01021,T,Active,Equity
532661,RML,Rane (Madras)  Ltd.,Rane (Madras)  Ltd.,INE050H01012,B,Active,Equity
532662,HTMEDIA,HT MEDIA LIMITED,HT MEDIA LIMITED,INE501G01024,B,Active,Equity
532663,SASKEN,Sasken Technologies Limited,Sasken Technologies Limited,INE231F01020,B,Active,Equity
532666,FCSSOFT,FCS Software Solutions Ltd.,FCS Software Solutions Ltd.,INE512B01022,B,Active,Equity
532667,SUZLON,SUZLON ENERGY LTD.,SUZLON ENERGY LTD.,INE040H01021,A,Active,Equity
532668,AURIONPRO,Aurionpro Solutions Ltd.,Aurionpro Solutions Ltd.,INE132H01018,A,Active,Equity
532670,RENUKA,Shree Renuka Sugars Ltd.,Shree Renuka Sugars Ltd.,INE087H01022,A,Active,Equity
532673,KMSUGAR,K. M. Sugar Mills Ltd.,K. M. Sugar Mills Ltd.,INE157H01023,B,Active,Equity
532674,BASML,Bannari Amman Spinning Mills Ltd,Bannari Amman Spinning Mills Ltd,INE186H01022,T,Active,Equity
532676,PBAINFRA,PBA INFRASTRUCTURE LTD.,PBA INFRASTRUCTURE LTD.,INE160H01019,X,Active,Equity
532683,AIAENG,AIA Engineering Ltd.,AIA Engineering Ltd.,INE212H01026,A,Active,Equity
532684,EKC,Everest Kanto Cylinders Ltd.,Everest Kanto Cylinders Ltd.,INE184H01027,B,Active,Equity
532686,KERNEX,Kernex Microsystems (India) Ltd.,Kernex Microsystems (India) Ltd.,INE202H01019,B,Active,Equity
532687,REPRO,Repro India Ltd.,Repro India Ltd.,INE461B01014,B,Active,Equity
532689,PVRINOX,PVR INOX LIMITED,PVR INOX LIMITED,INE191H01014,A,Active,Equity
532694,ASMS,Avio Smart Market Stack Limited,Avio Smart Market Stack Limited,INE855F01042,B,Active,Equity
532695,CELEBRITY,Celebrity Fashions Ltd.,Celebrity Fashions Ltd.,INE185H01016,B,Active,Equity
532698,NITINSPIN,Nitin Spinners Ltd.,Nitin Spinners Ltd.,INE229H01012,B,Active,Equity
532699,ROHLTD,Royal Orchid Hotels Ltd,Royal Orchid Hotels Ltd,INE283H01019,B,Active,Equity
532700,ENIL,Entertainment Network (India) Ltd,Entertainment Network (India) Ltd,INE265F01028,B,Active,Equity
532701,CELLA,CELLA SPACE LIMITED,CELLA SPACE LIMITED,INE266H01014,Z,Active,Equity
532705,JAGRAN,Jagran Prakashan Limited,Jagran Prakashan Limited,INE199G01027,B,Active,Equity
532707,DYNPRO,Dynemic Products Ltd.,Dynemic Products Ltd.,INE256H01015,B,Active,Equity
532708,GVKPIL,GVK Power & Infrastructure Ltd,GVK Power & Infrastructure Ltd,INE251H01024,T,Active,Equity
532710,SADBHAV,Sadbhav Engineering Ltd.,Sadbhav Engineering Ltd.,INE226H01026,B,Active,Equity
532712,RCOM,Reliance Communications Limited,Reliance Communications Limited,INE330H01018,T,Active,Equity
532713,SAKUMA,Sakuma Exports Ltd.,Sakuma Exports Ltd.,INE190H01024,B,Active,Equity
532714,KEC,KEC International Ltd.,KEC International Ltd.,INE389H01022,A,Active,Equity
532716,GILLANDERS,Gillanders Arbuthnot & Co. Ltd.,Gillanders Arbuthnot & Co. Ltd.,INE047B01011,B,Active,Equity
532717,INDOTECH,Indo Tech Transformers Limited,Indo Tech Transformers Limited,INE332H01014,B,Active,Equity
532719,BLKASHYAP,B L Kashyap and Sons Ltd,B L Kashyap and Sons Ltd,INE350H01032,B,Active,Equity
532720,M&MFIN,Mahindra & Mahindra Financial Services Limited,Mahindra & Mahindra Financial Services Limited,INE774D01024,A,Active,Equity
532721,VISACHROME,VISA Chrome Limited,VISA Chrome Limited,INE286H01012,B,Active,Equity
532722,NITCO,Nitco Ltd.,Nitco Ltd.,INE858F01012,B,Active,Equity
532723,MPDL,MPDL LIMITED,MPDL LIMITED,INE493H01014,T,Active,Equity
532725,SOLARINDS,Solar Industries India Limited,Solar Industries India Limited,INE343H01029,A,Active,Equity
532726,GALLANTT,GALLANTT ISPAT LIMITED,GALLANTT ISPAT LIMITED,INE297H01019,A,Active,Equity
532728,MALUPAPER,Malu Paper Mills Limited,Malu Paper Mills Limited,INE383H01017,B,Active,Equity
532729,UTTAMSUGAR,Uttam Sugar Mills Ltd,Uttam Sugar Mills Ltd,INE786F01031,B,Active,Equity
532730,SGL,STL Global Ltd,STL Global Ltd,INE353H01010,B,Active,Equity
532732,KKCL,Kewal Kiran Clothing Ltd.,Kewal Kiran Clothing Ltd.,INE401H01017,B,Active,Equity
532733,SUNTV,SUN TV NETWORK LIMITED,SUN TV NETWORK LIMITED,INE424H01027,A,Active,Equity
532734,GPIL,GODAWARI POWER AND ISPAT LTD.,GODAWARI POWER AND ISPAT LTD.,INE177H01039,A,Active,Equity
532735,RSYSTEMS,R Systems International Limited,R Systems International Limited,INE411H01032,B,Active,Equity
532737,EMKAY,Emkay Global Financial Services Ltd,Emkay Global Financial Services Ltd,INE296H01011,B,Active,Equity
532738,TICL,TWAMEV CONSTRUCTION AND INFRASTRUCTURE LIMITED,TWAMEV CONSTRUCTION AND INFRASTRUCTURE LIMITED,INE388G01026,T,Active,Equity
532740,LOKESHMACH,Lokesh Machines Limited,Lokesh Machines Limited,INE397H01017,B,Active,Equity
532741,KAMDHENU,Kamdhenu Limited,Kamdhenu Limited,INE390H01020,B,Active,Equity
532742,PAUSHAKLTD,PAUSHAK LIMITED (formerly known as Darshak Limited),PAUSHAK LIMITED (formerly known as Darshak Limited),INE111F01024,B,Active,Equity
532744,GTNTEX,GTN Textiles Ltd. (formerly known as GTN Industries Ltd.),GTN Textiles Ltd. (formerly known as GTN Industries Ltd.),INE302H01017,X,Active,Equity
532748,PFOCUS,Prime Focus Limited,Prime Focus Limited,INE367G01038,B,Active,Equity
532749,ALLCARGO,Allcargo Logistics Ltd,Allcargo Logistics Ltd,INE418H01029,B,Active,Equity
532754,GMRAIRPORT,GMR Airports Limited,GMR Airports Limited,INE776C01039,A,Active,Equity
532755,TECHM,Tech Mahindra Limited,Tech Mahindra Limited,INE669C01036,A,Active,Equity
532756,CIEINDIA,CIE Automotive India Limited,CIE Automotive India Limited,INE536H01010,A,Active,Equity
532757,VOLTAMP,VOLTAMP TRANSFORMERS LIMITED,VOLTAMP TRANSFORMERS LIMITED,INE540H01012,A,Active,Equity
532759,ATLANTAA,ATLANTAA LIMITED,ATLANTAA LIMITED,INE285H01022,B,Active,Equity
532761,HGM,HANDSON GLOBAL MANAGEMENT (HGM) LIMITED,HANDSON GLOBAL MANAGEMENT (HGM) LIMITED,INE596H01014,B,Active,Equity
532762,ACE,Action Construction Equipments Ltd.,Action Construction Equipments Ltd.,INE731H01025,A,Active,Equity
532764,GEECEE,GeeCee Ventures Limited,GeeCee Ventures Limited,INE916G01016,T,Active,Equity
532767,GAYAPROJ,Gayatri Projects Limited,Gayatri Projects Limited,INE336H01023,B,Active,Equity
532768,FIEMIND,FIEM INDUSTRIES LIMITED,FIEM INDUSTRIES LIMITED,INE737H01014,B,Active,Equity
532771,JHS,JHS Svendgaard Laboratories Ltd.,JHS Svendgaard Laboratories Ltd.,INE544H01014,B,Active,Equity
532772,DCBBANK,DCB Bank Limited,DCB Bank Limited,INE503A01015,A,Active,Equity
532773,GLOBALVECT,Global Vectra Helicorp Ltd.,Global Vectra Helicorp Ltd.,INE792H01019,B,Active,Equity
532774,INSPIRISYS,Inspirisys Solutions Limited,Inspirisys Solutions Limited,INE020G01017,B,Active,Equity
532775,GTLINFRA,GTL Infrastructure Limited,GTL Infrastructure Limited,INE221H01019,B,Active,Equity
532776,SHIVAMAUTO,SHIVAM AUTOTECH LIMITED,SHIVAM AUTOTECH LIMITED,INE637H01024,B,Active,Equity
532777,NAUKRI,Info Edge(India) Ltd.,Info Edge(India) Ltd.,INE663F01032,A,Active,Equity
532779,TORNTPOWER,TORRENT POWER LIMITED,TORRENT POWER LIMITED,INE813H01021,A,Active,Equity
532780,PARSVNATH,Parsvnath Developers Ltd.,Parsvnath Developers Ltd.,INE561H01026,T,Active,Equity
532782,SUTLEJTEX,SUTLEJ TEXTILES & INDUSTRIES LIMITED,SUTLEJ TEXTILES & INDUSTRIES LIMITED,INE645H01027,T,Active,Equity
532783,LTFOODS,LT Foods Limited,LT Foods Limited,INE818H01020,A,Active,Equity
532784,SOBHA,Sobha Limited,Sobha Limited,INE671H01015,A,Active,Equity
532785,RUCHIRA,Ruchira Papers Ltd,Ruchira Papers Ltd,INE803H01014,B,Active,Equity
532790,TANLA,TANLA PLATFORMS LIMITED,TANLA PLATFORMS LIMITED,INE483C01032,A,Active,Equity
532794,ZEEMEDIA,Zee Media Corporation Limited,Zee Media Corporation Limited,INE966H01019,B,Active,Equity
532795,SITINET,Siti Networks Limited,Siti Networks Limited,INE965H01011,Z,Active,Equity
532796,LUMAXTECH,Lumax Auto Technologies Ltd.,Lumax Auto Technologies Ltd.,INE872H01027,A,Active,Equity
532797,AUTOIND,AUTOLINE INDUSTRIES LTD.,AUTOLINE INDUSTRIES LTD.,INE718H01014,B,Active,Equity
532798,NETWORK18,Network 18 Media & Investments Limited,Network 18 Media & Investments Limited,INE870H01013,A,Active,Equity
532799,HUBTOWN,Hubtown Limited,Hubtown Limited,INE703H01016,A,Active,Equity
532801,CTE,Cambridge Technology Enterprises Ltd.,Cambridge Technology Enterprises Ltd.,INE627H01017,T,Active,Equity
532804,TIIL,Technocraft Industries (India) Ltd.,Technocraft Industries (India) Ltd.,INE545H01011,B,Active,Equity
532805,REDINGTON,Redington Limited,Redington Limited,INE891D01026,A,Active,Equity
532806,AICHAMP,AI CHAMPDANY INDUSTRIES LIMITED,AI CHAMPDANY INDUSTRIES LIMITED,INE768E01024,X,Active,Equity
532807,CINELINE,Cineline India Limited,Cineline India Limited,INE704H01022,B,Active,Equity
532808,PGIL,Pearl Global Industries Limited,Pearl Global Industries Limited,INE940H01022,A,Active,Equity
532809,FSL,Firstsource Solutions Ltd.,Firstsource Solutions Ltd.,INE684F01012,A,Active,Equity
532810,PFC,Power Finance Corporation Ltd,Power Finance Corporation Ltd,INE134E01011,A,Active,Equity
532811,AHLUCONT,Ahluwalia Contracts (India) Ltd,Ahluwalia Contracts (India) Ltd,INE758C01029,A,Active,Equity
532812,TFL,Transwarranty Finance Limited,Transwarranty Finance Limited,INE804H01012,B,Active,Equity
532814,INDIANB,Indian Bank,Indian Bank,INE562A01011,A,Active,Equity
532815,SMSPHARMA,SMS Pharmaceuticals Ltd,SMS Pharmaceuticals Ltd,INE812G01025,B,Active,Equity
532817,ORIENTALTL,Oriental Trimex Limited,Oriental Trimex Limited,INE998H01012,B,Active,Equity
532820,ELAND,E-Land Apparel Limited,E-Land Apparel Limited,INE311H01018,X,Active,Equity
532822,IDEA,VODAFONE IDEA  LIMITED,VODAFONE IDEA  LIMITED,INE669E01016,A,Active,Equity
532825,JAGJANANI,JAGJANANI TEXTILES LIMITED,JAGJANANI TEXTILES LIMITED,INE702H01018,XT,Active,Equity
532826,RAJTV,Raj Television Network Ltd,Raj Television Network Ltd,INE952H01027,B,Active,Equity
532827,PAGEIND,Page Industries Ltd.,Page Industries Ltd.,INE761H01022,A,Active,Equity
532828,AMDIND,AMD Industries Ltd,AMD Industries Ltd,INE005I01014,T,Active,Equity
532829,LEHAR,LEHAR FOOTWEARS LIMITED,LEHAR FOOTWEARS LIMITED,INE976H01018,X,Active,Equity
532830,ASTRAL,ASTRAL LIMITED,ASTRAL LIMITED,INE006I01046,A,Active,Equity
532832,EMBDL,EMBASSY DEVELOPMENTS LIMITED,EMBASSY DEVELOPMENTS LIMITED,INE069I01010,A,Active,Equity
532834,CAMLINFINE,Camlin Fine Sciences Ltd,Camlin Fine Sciences Ltd,INE052I01032,B,Active,Equity
532835,ICRA,ICRA Limited,ICRA Limited,INE725G01011,B,Active,Equity
532839,DISHTV,Dish TV India Limited,Dish TV India Limited,INE836F01026,B,Active,Equity
532841,SAHYADRI,SAHYADRI INDUSTRIES LTD.,SAHYADRI INDUSTRIES LTD.,INE280H01015,B,Active,Equity
532842,SRHHYPOLTD,Sree Rayalaseema Hi-Strength Hypo Limited,Sree Rayalaseema Hi-Strength Hypo Limited,INE917H01012,B,Active,Equity
532843,FORTIS,Fortis Healthcare Ltd,Fortis Healthcare Ltd,INE061F01013,A,Active,Equity
532845,TGBHOTELS,TGB Banquets and Hotels Limited,TGB Banquets and Hotels Limited,INE797H01018,B,Active,Equity
532847,HILTON,HILTON METAL FORGING LIMITED,HILTON METAL FORGING LIMITED,INE788H01017,B,Active,Equity
532848,DELTACORP,Delta Corp Limited,Delta Corp Limited,INE124G01033,B,Active,Equity
532850,MICEL,MIC Electronics Limited,MIC Electronics Limited,INE287C01037,T,Active,Equity
532851,INSECTICID,Insecticides India Ltd.,Insecticides India Ltd.,INE070I01018,B,Active,Equity
532853,ASAHISONG,Asahi Songwon Colors Ltd.,Asahi Songwon Colors Ltd.,INE228I01012,T,Active,Equity
532855,HARYNACAP,Haryana Capfin Ltd.,Haryana Capfin Ltd.,INE928H01019,X,Active,Equity
532856,TIMETECHNO,Time Technoplast Limited,Time Technoplast Limited,INE508G01029,A,Active,Equity
532859,HGS,Hinduja Global Solutions Limited,Hinduja Global Solutions Limited,INE170I01016,B,Active,Equity
532864,NELCAST,Nelcast Limited,Nelcast Limited,INE189I01024,B,Active,Equity
532866,QUINTEGRA,Quintegra Solutions Limited,Quintegra Solutions Limited,INE033B01011,B,Active,Equity
532867,V2RETAIL,V2 Retail Limited,V2 Retail Limited,INE945H01021,B,Active,Equity
532868,DLF,DLF LIMITED,DLF LIMITED,INE271C01023,A,Active,Equity
532869,TARMAT,Tarmat Limited,Tarmat Limited,INE924H01018,B,Active,Equity
532870,ANKITMETAL,Ankit Metal  & Power Limited,Ankit Metal  & Power Limited,INE106I01010,Z,Active,Equity
532872,SPARC,Sun Pharma Advanced Research Company Ltd.,Sun Pharma Advanced Research Company Ltd.,INE232I01014,B,Active,Equity
532873,HDIL,Housing Development & Infrastructure  Ltd,Housing Development & Infrastructure  Ltd,INE191I01012,Z,Active,Equity
532875,ADSL,Allied Digital Services Limited,Allied Digital Services Limited,INE102I01027,B,Active,Equity
532878,ALPA,Alpa Laboratories Limited,Alpa Laboratories Limited,INE385I01010,B,Active,Equity
532880,OMAXE,OMAXE LIMITED,OMAXE LIMITED,INE800H01010,B,Active,Equity
532884,REFEX,Refex Industries Limited,Refex Industries Limited,INE056I01025,A,Active,Equity
532885,CENTRALBK,Central Bank of India,Central Bank of India,INE483A01010,A,Active,Equity
532887,NEUEON,Neueon Corporation Limited,Neueon Corporation Limited,INE333I01044,T,Active,Equity
532888,ASIANTILES,ASIAN GRANITO INDIA LIMITED,ASIAN GRANITO INDIA LIMITED,INE022I01019,B,Active,Equity
532889,KPRMILL,K.P.R. Mill Ltd.,K.P.R. Mill Ltd.,INE930H01031,A,Active,Equity
532890,TAKE,TAKE LIMITED,TAKE LIMITED,INE142I01023,B,Active,Equity
532891,PURVA,Puravankara Limited,Puravankara Limited,INE323I01011,B,Active,Equity
532892,MOTILALOFS,Motilal Oswal Financial Services Limited,Motilal Oswal Financial Services Limited,INE338I01027,A,Active,Equity
532893,VTMLTD,VTM Ltd,VTM Ltd,INE222F01029,B,Active,Equity
532894,INDOWIND,Indowind Energy Ltd.,Indowind Energy Ltd.,INE227G01018,B,Active,Equity
532895,NAGREEKCAP,Nagreeka Capital & Infrastructure Limited,Nagreeka Capital & Infrastructure Limited,INE245I01016,B,Active,Equity
532896,MAGNUM,MAGNUM VENTURES LIMITED,MAGNUM VENTURES LIMITED,INE387I01016,B,Active,Equity
532898,POWERGRID,POWER GRID CORPORATION OF INDIA LIMITED,POWER GRID CORPORATION OF INDIA LIMITED,INE752E01010,A,Active,Equity
532899,KSCL,Kaveri Seed Company Ltd,Kaveri Seed Company Ltd,INE455I01029,B,Active,Equity
532900,PAISALO,PAISALO DIGITAL LIMITED,PAISALO DIGITAL LIMITED,INE420C01059,A,Active,Equity
532902,CCCL,Consolidated Construction Consortium Ltd,Consolidated Construction Consortium Ltd,INE429I01024,B,Active,Equity
532904,SUPREMEINF,Supreme Infrastructure India Limited,Supreme Infrastructure India Limited,INE550H01011,B,Active,Equity
532906,MAANALU,MAAN ALUMINIUM LIMITED,MAAN ALUMINIUM LIMITED,INE215I01027,B,Active,Equity
532907,IL&FSENGG,IL&FS Engineering and Construction Company Ltd,IL&FS Engineering and Construction Company Ltd,INE369I01014,Z,Active,Equity
532911,PARLEIND,PARLE INDUSTRIES LIMITED,PARLE INDUSTRIES LIMITED,INE272G01014,X,Active,Equity
532915,RELIGARE,Religare Enterprises Ltd,Religare Enterprises Ltd,INE621H01010,A,Active,Equity
532916,BVCL,BARAK VALLEY CEMENTS LIMITED,BARAK VALLEY CEMENTS LIMITED,INE139I01011,B,Active,Equity
532918,RATHIBAR,RATHI BARS LIMITED,RATHI BARS LIMITED,INE575I01016,X,Active,Equity
532921,ADANIPORTS,Adani Ports and Special Economic Zone Ltd,Adani Ports and Special Economic Zone Ltd,INE742F01042,A,Active,Equity
532922,EDELWEISS,Edelweiss Financial Services Ltd.,Edelweiss Financial Services Ltd.,INE532F01054,A,Active,Equity
532923,RGL,RENAISSANCE GLOBAL LIMITED,RENAISSANCE GLOBAL LIMITED,INE722H01024,B,Active,Equity
532924,KOLTEPATIL,Kolte-Patil Developers Ltd,Kolte-Patil Developers Ltd,INE094I01018,B,Active,Equity
532925,KAUSHALYA,Kaushalya Infrastructure Development Corporation Ltd,Kaushalya Infrastructure Development Corporation Ltd,INE234I01028,T,Active,Equity
532926,JYOTHYLAB,JYOTHY LABS LIMITED,JYOTHY LABS LIMITED,INE668F01031,A,Active,Equity
532927,ECLERX,eClerx Services Limited,eClerx Services Limited,INE738I01010,A,Active,Equity
532928,TARIL,Transformers and Rectifiers (India) Limited,Transformers and Rectifiers (India) Limited,INE763I01026,A,Active,Equity
532929,BRIGADE,Brigade Enterprises Limited,Brigade Enterprises Limited,INE791I01019,A,Active,Equity
532930,BGRENERGY,BGR ENERGY SYSTEMS LIMITED,BGR ENERGY SYSTEMS LIMITED,INE661I01014,T,Active,Equity
532931,BURNPUR,Burnpur Cement Limited,Burnpur Cement Limited,INE817H01022,T,Active,Equity
532932,MANAKSIA,MANAKSIA LIMITED,MANAKSIA LIMITED,INE015D01022,B,Active,Equity
532933,PORWAL,PORWAL AUTO COMPONENTS LIMITED,PORWAL AUTO COMPONENTS LIMITED,INE386I01018,X,Active,Equity
532934,PPAP,PPAP Automotive Limited,PPAP Automotive Limited,INE095I01015,T,Active,Equity
532935,ARIES,Aries Agro Limited,Aries Agro Limited,INE298I01015,T,Active,Equity
532937,KUANTUM,Kuantum Papers Limited,Kuantum Papers Limited,INE529I01021,B,Active,Equity
532939,RPOWER,Reliance Power Limited,Reliance Power Limited,INE614G01033,A,Active,Equity
532940,JKIL,J. Kumar Infraprojects Limited,J. Kumar Infraprojects Limited,INE576I01022,B,Active,Equity
532941,CORDSCABLE,Cords Cable Industries Limited,Cords Cable Industries Limited,INE792I01017,T,Active,Equity
532942,KNRCON,KNR Constructions Limited,KNR Constructions Limited,INE634I01029,A,Active,Equity
532944,ONMOBILE,OnMobile Global Ltd.,OnMobile Global Ltd.,INE809I01019,T,Active,Equity
532945,SEPC,SEPC LIMITED,SEPC LIMITED,INE964H01014,B,Active,Equity
532946,BANG,Bang Overseas Ltd,Bang Overseas Ltd,INE863I01016,B,Active,Equity
532947,IRB,IRB Infrastructure Developers Limited,IRB Infrastructure Developers Limited,INE821I01022,A,Active,Equity
532951,GSS,GSS Infotech Ltd,GSS Infotech Ltd,INE871H01011,B,Active,Equity
532952,NAHARCAP,Nahar Capital & Financial Services Ltd.,Nahar Capital & Financial Services Ltd.,INE049I01012,B,Active,Equity
532953,VGUARD,V-Guard Industries Ltd.,V-Guard Industries Ltd.,INE951I01027,A,Active,Equity
532955,RECLTD,REC LIMITED,REC LIMITED,INE020B01018,A,Active,Equity
532957,GOKAKTEX,GOKAK TEXTILES LTD.,GOKAK TEXTILES LTD.,INE642I01014,X,Active,Equity
532966,TITAGARH,TITAGARH RAIL SYSTEMS LIMITED,TITAGARH RAIL SYSTEMS LIMITED,INE615H01020,A,Active,Equity
532967,KIRIINDUS,KIRI INDUSTRIES LIMITED,KIRI INDUSTRIES LIMITED,INE415I01015,A,Active,Equity
532974,BIRLAMONEY,Aditya Birla  Money Ltd,Aditya Birla  Money Ltd,INE865C01022,B,Active,Equity
532975,TELOGICA,TELOGICA LIMITED,TELOGICA LIMITED,INE778I01024,XT,Active,Equity
532976,JAIBALAJI,Jai Balaji Industries Limited,Jai Balaji Industries Limited,INE091G01026,A,Active,Equity
532977,BAJAJ-AUTO,Bajaj Auto Limited,Bajaj Auto Limited,INE917I01010,A,Active,Equity
532978,BAJAJFINSV,Bajaj Finserv Limited,Bajaj Finserv Limited,INE918I01026,A,Active,Equity
532980,GOKUL,Gokul Refoils and Solvent Limited,Gokul Refoils and Solvent Limited,INE020J01029,B,Active,Equity
532983,RPGLIFE,RPG Life Sciences Limited,RPG Life Sciences Limited,INE105J01010,B,Active,Equity
532985,SENSEX1,Kotak Mahindra Mutual Fund,Kotak Mahindra Mutual Fund,INF174KA1JD7,B,Active,Equity
532986,NIRAJ,Niraj Cement Structurals Limited,Niraj Cement Structurals Limited,INE368I01016,B,Active,Equity
532989,BAFNAPH,Bafna Pharmaceuticals Limited,Bafna Pharmaceuticals Limited,INE878I01022,T,Active,Equity
532992,CHLLTD,CHL Limited,CHL Limited,INE790D01020,X,Active,Equity
532993,SEJALLTD,SEJAL GLASS LIMITED,SEJAL GLASS LIMITED,INE955I01044,B,Active,Equity
532994,ARCHIDPLY,Archidply Industries Limited,Archidply Industries Limited,INE877I01016,B,Active,Equity
532998,LOTUSEYE,Lotus Eye Hospital And Institute Limited,Lotus Eye Hospital And Institute Limited,INE947I01017,B,Active,Equity
533001,SOMICONVEY,SOMI CONVEYOR BELTINGS LIMITED,SOMI CONVEYOR BELTINGS LIMITED,INE323J01019,B,Active,Equity
533006,BIRLACOT,Birla Cotsyn (India) Limited,Birla Cotsyn (India) Limited,INE655I01032,XT,Active,Equity
533007,LGBFORGE,LGB Forge Limited,LGB Forge Limited,INE201J01017,XT,Active,Equity
533012,LPDC,Landmark Property Development Company Ltd.,Landmark Property Development Company Ltd.,INE197J01017,B,Active,Equity
533014,SICAGEN,Sicagen India Limited,Sicagen India Limited,INE176J01011,B,Active,Equity
533019,SIMPLXPAP,SIMPLEX PAPERS LTD.,SIMPLEX PAPERS LTD.,INE456H01029,X,Active,Equity
533022,20MICRONS,20 Microns Limited,20 Microns Limited,INE144J01027,B,Active,Equity
533023,ZFCVINDIA,ZF Commercial Vehicle Control Systems India Limited,ZF Commercial Vehicle Control Systems India Limited,INE342J01019,A,Active,Equity
533029,ALKALI,Alkali Metals Limited,Alkali Metals Limited,INE773I01017,T,Active,Equity
533033,ISGEC,ISGEC Heavy Engineering Limited,ISGEC Heavy Engineering Limited,INE858B01029,B,Active,Equity
533047,IMFA,Indian Metals & Ferro Alloys Limited,Indian Metals & Ferro Alloys Limited,INE919H01018,A,Active,Equity
533048,TPHQ,Teamo Productions HQ Limited,Teamo Productions HQ Limited,INE065J01024,T,Active,Equity
533056,VEDAVAAG,VEDAVAAG Systems Limited,VEDAVAAG Systems Limited,INE359B01010,B,Active,Equity
533080,MOLDTKPAC,Mold-Tek Packaging Limited,Mold-Tek Packaging Limited,INE893J01029,B,Active,Equity
533088,MHRIL,Mahindra Holidays & Resorts India Limited,Mahindra Holidays & Resorts India Limited,INE998I01010,B,Active,Equity
533090,LANDSMILL,Landsmill Green Limited,Landsmill Green Limited,INE688J01023,B,Active,Equity
533093,ROML,RAJ OIL MILLS LIMITED,RAJ OIL MILLS LIMITED,INE294G01026,B,Active,Equity
533095,BENGALASM,Bengal & Assam Company Limited,Bengal & Assam Company Limited,INE083K01017,B,Active,Equity
533096,ADANIPOWER,Adani Power Limited,Adani Power Limited,INE814H01029,A,Active,Equity
533098,NHPC,NHPC Limited,NHPC Limited,INE848E01016,A,Active,Equity
533100,PEIL,Premier Energy and Infrastructure  Limited,Premier Energy and Infrastructure  Limited,INE429K01012,X,Active,Equity
533101,SURYAAMBA,Suryaamba Spinning Mills Limited,Suryaamba Spinning Mills Limited,INE360J01011,X,Active,Equity
533104,GLOBUSSPR,Globus Spirits Limited,Globus Spirits Limited,INE615I01010,B,Active,Equity
533106,OIL,Oil India Limited,Oil India Limited,INE274J01014,A,Active,Equity
533107,SWANDEF,SWAN DEFENCE AND HEAVY INDUSTRIES LIMITED,SWAN DEFENCE AND HEAVY INDUSTRIES LIMITED,INE542F01020,T,Active,Equity
533108,BTTL,Bhilwara Technical Textiles Limited,Bhilwara Technical Textiles Limited,INE274K01012,T,Active,Equity
533110,SPSL,Shree Precoated Steels Limited,Shree Precoated Steels Limited,INE318K01025,X,Active,Equity
533121,EXPLEOSOL,EXPLEO SOLUTIONS LIMITED,EXPLEO SOLUTIONS LIMITED,INE201K01015,B,Active,Equity
533122,RTNPOWER,RattanIndia Power Limited,RattanIndia Power Limited,INE399K01017,A,Active,Equity
533137,DEN,DEN Networks Limited,DEN Networks Limited,INE947J01015,B,Active,Equity
533138,ASTEC,ASTEC LIFESCIENCES LIMITED,ASTEC LIFESCIENCES LIMITED,INE563J01010,B,Active,Equity
533146,DLINKINDIA,D-Link (India) Ltd,D-Link (India) Ltd,INE250K01012,B,Active,Equity
533148,JSWENERGY,JSW Energy Limited,JSW Energy Limited,INE121E01018,A,Active,Equity
533149,YUNIKM,Yunik Managing Advisors Limited,Yunik Managing Advisors Limited,INE143K01019,X,Active,Equity
533150,GODREJPROP,Godrej Properties Limited,Godrej Properties Limited,INE484J01027,A,Active,Equity
533151,DBCORP,D.B.Corp Limited,D.B.Corp Limited,INE950I01011,B,Active,Equity
533152,MBLINFRA,MBL Infrastructure Ltd,MBL Infrastructure Ltd,INE912H01013,B,Active,Equity
533155,JUBLFOOD,Jubilant Foodworks Limited,Jubilant Foodworks Limited,INE797F01020,A,Active,Equity
533156,VASCONEQ,Vascon Engineers Limited,Vascon Engineers Limited,INE893I01013,B,Active,Equity
533158,THANGAMAYL,Thangamayil Jewellery Limited,Thangamayil Jewellery Limited,INE085J01014,A,Active,Equity
533160,DBREALTY,VALOR ESTATE LIMITED,VALOR ESTATE LIMITED,INE879I01012,A,Active,Equity
533161,EMMBI,Emmbi Industries Limited,Emmbi Industries Limited,INE753K01015,T,Active,Equity
533162,HATHWAY,Hathway Cable & Datacom Limited,Hathway Cable & Datacom Limited,INE982F01036,B,Active,Equity
533164,TEXMOPIPES,Texmo Pipes and Products Limited,Texmo Pipes and Products Limited,INE141K01013,B,Active,Equity
533166,SUNDARAM,Sundaram Multi Pap Ltd.,Sundaram Multi Pap Ltd.,INE108E01023,B,Active,Equity
533167,COROENGG,Coromandel Engineering Company Limited,Coromandel Engineering Company Limited,INE312J01012,X,Active,Equity
533168,ROSSELLIND,Rossell India Limited,Rossell India Limited,INE847C01020,B,Active,Equity
533169,MANINFRA,MAN INFRACONSTRUCTION LIMITED,MAN INFRACONSTRUCTION LIMITED,INE949H01023,B,Active,Equity
533170,TAMBOLIIN,TAMBOLI INDUSTRIES LIMITED,TAMBOLI INDUSTRIES LIMITED,INE864J01012,T,Active,Equity
533177,IL&FSTRANS,IL&FS Transportation Networks Limited,IL&FS Transportation Networks Limited,INE975G01012,Z,Active,Equity
533179,PERSISTENT,Persistent Systems Limited,Persistent Systems Limited,INE262H01021,A,Active,Equity
533181,ISFT,Intrasoft Technologies Limited,Intrasoft Technologies Limited,INE566K01011,T,Active,Equity
533192,KCPSUGIND,K C P SUGAR AND INDUSTRIES CORPORATION LTD.,K C P SUGAR AND INDUSTRIES CORPORATION LTD.,INE790B01024,T,Active,Equity
533193,KECL,KIRLOSKAR ELECTRIC COMPANY LTD.,KIRLOSKAR ELECTRIC COMPANY LTD.,INE134B01017,B,Active,Equity
533202,SATCH,SATCHMO HOLDINGS LIMITED,SATCHMO HOLDINGS LIMITED,INE639K01016,X,Active,Equity
533203,TARAPUR,TARAPUR TRANSFORMERS LIMITED,TARAPUR TRANSFORMERS LIMITED,INE747K01017,B,Active,Equity
533206,SJVN,SJVN LIMITED,SJVN LIMITED,INE002L01015,A,Active,Equity
533208,EMAMIPAP,Emami Paper Mills Ltd.,Emami Paper Mills Ltd.,INE830C01026,T,Active,Equity
533210,KRITINUT,Kriti Nutrients Ltd,Kriti Nutrients Ltd,INE798K01010,B,Active,Equity
533212,GKB,GKB Ophthalmics Ltd.,GKB Ophthalmics Ltd.,INE265D01015,B,Active,Equity
533217,HMVL,Hindustan Media Ventures Limited,Hindustan Media Ventures Limited,INE871K01015,T,Active,Equity
533218,EMAMIREAL,EMAMI REALTY LIMITED,EMAMI REALTY LIMITED,INE778K01012,B,Active,Equity
533221,AHLWEST,Asian Hotels (West) Ltd,Asian Hotels (West) Ltd,INE915K01010,T,Active,Equity
533227,AHLEAST,Asian Hotels (East) Limited,Asian Hotels (East) Limited,INE926K01017,B,Active,Equity
533229,BAJAJCON,BAJAJ CONSUMER CARE LIMITED,BAJAJ CONSUMER CARE LIMITED,INE933K01021,A,Active,Equity
533239,PRAKASHSTL,Prakash Steelage Limited,Prakash Steelage Limited,INE696K01024,B,Active,Equity
533248,GPPL,Gujarat Pipavav Port Limited,Gujarat Pipavav Port Limited,INE517F01014,A,Active,Equity
533252,WELINV,Welspun Investments and Commercials Ltd.,Welspun Investments and Commercials Ltd.,INE389K01018,T,Active,Equity
533257,WAAREEINDO,INDOSOLAR LIMITED,INDOSOLAR LIMITED,INE866K01023,B,Active,Equity
533259,HEALTHX,HEALTH X PLATFORM LIMITED,HEALTH X PLATFORM LIMITED,INE019J01013,B,Active,Equity
533260,CPCAP,CP CAPITAL LIMITED,CP CAPITAL LIMITED,INE521J01018,B,Active,Equity
533262,RAMKY,Ramky Infrastructure Limited,Ramky Infrastructure Limited,INE874I01013,B,Active,Equity
533263,GREENPOWER,Orient Green Power Company Limited,Orient Green Power Company Limited,INE999K01014,B,Active,Equity
533267,CANTABIL,CANTABIL RETAIL INDIA LIMITED,CANTABIL RETAIL INDIA LIMITED,INE068L01024,B,Active,Equity
533268,SEATV,SEA TV Network Limited,SEA TV Network Limited,INE351L01016,X,Active,Equity
533269,WABAG,VA Tech Wabag Limited,VA Tech Wabag Limited,INE956G01038,A,Active,Equity
533270,BEDMUTHA,Bedmutha Industries Limited,Bedmutha Industries Limited,INE844K01012,B,Active,Equity
533271,ASHOKA,Ashoka Buildcon Limited,Ashoka Buildcon Limited,INE442H01029,A,Active,Equity
533272,JWL,JUPITER WAGONS LIMITED,JUPITER WAGONS LIMITED,INE209L01016,A,Active,Equity
533273,OBEROIRLTY,OBEROI REALTY LIMITED,OBEROI REALTY LIMITED,INE093I01010,A,Active,Equity
533274,PRESTIGE,Prestige Estates Projects Limited,Prestige Estates Projects Limited,INE811K01011,A,Active,Equity
533275,SHAH,SHAH METACORP LIMITED,SHAH METACORP LIMITED,INE482J01021,B,Active,Equity
533278,COALINDIA,Coal India Limited,Coal India Limited,INE522F01014,A,Active,Equity
533282,GRAVITA,GRAVITA INDIA LIMITED,GRAVITA INDIA LIMITED,INE024L01027,A,Active,Equity
533284,RPPINFRA,RPP INFRA PROJECTS LIMITED,RPP INFRA PROJECTS LIMITED,INE324L01013,B,Active,Equity
533285,RDBIPL,RDB INFRASTRUCTURE AND POWER LIMITED,RDB INFRASTRUCTURE AND POWER LIMITED,INE245L01028,X,Active,Equity
533286,MOIL,MOIL Limited,MOIL Limited,INE490G01020,A,Active,Equity
533287,ZEELEARN,ZEE LEARN LIMITED,ZEE LEARN LIMITED,INE565L01011,B,Active,Equity
533289,KTIL,Kesar Terminals & Infrastructure Limited,Kesar Terminals & Infrastructure Limited,INE096L01025,X,Active,Equity
533292,A2ZINFRA,A2Z Infra Engineering Limited,A2Z Infra Engineering Limited,INE619I01012,B,Active,Equity
533293,KIRLOSENG,Kirloskar Oil Engines Limited,Kirloskar Oil Engines Limited,INE146L01010,A,Active,Equity
533294,RKDL,Ravi Kumar Distilleries Limited,Ravi Kumar Distilleries Limited,INE722J01012,B,Active,Equity
533295,PSB,PUNJAB & SIND BANK,PUNJAB & SIND BANK,INE608A01012,B,Active,Equity
533296,FMNL,Future Market Networks Limited,Future Market Networks Limited,INE360L01017,B,Active,Equity
533298,SURANASOL,Surana Solar Limited,Surana Solar Limited,INE272L01022,B,Active,Equity
533301,SHEKHAWATI,SHEKHAWATI INDUSTRIES LIMITED,SHEKHAWATI INDUSTRIES LIMITED,INE268L01046,T,Active,Equity
533302,KICL,Kalyani Investment Company Limited,Kalyani Investment Company Limited,INE029L01018,B,Active,Equity
533303,BFINVEST,BF Investment Limited,BF Investment Limited,INE878K01010,B,Active,Equity
533306,SUMMITSEC,SUMMIT SECURITIES LTD.,SUMMIT SECURITIES LTD.,INE519C01017,B,Active,Equity
533315,INOVSYNTH,INNOVASSYNTH TECHNOLOGIES (INDIA) LIMITED,INNOVASSYNTH TECHNOLOGIES (INDIA) LIMITED,INE690J01011,XT,Active,Equity
533316,STEL,STEL HoldingsÂ Limited,STEL HoldingsÂ Limited,INE577L01016,B,Active,Equity
533326,TEXRAIL,Texmaco Rail & Engineering Limited,Texmaco Rail & Engineering Limited,INE621L01012,A,Active,Equity
533329,INDTERRAIN,Indian Terrain Fashions Limited,Indian Terrain Fashions Limited,INE611L01021,B,Active,Equity
533333,FCL,Fineotex Chemical Limited,Fineotex Chemical Limited,INE045J01034,B,Active,Equity
533336,DHUNINV,Dhunseri Investments Ltd,Dhunseri Investments Ltd,INE320L01011,B,Active,Equity
533339,ZENTEC,Zen Technologies Ltd.,Zen Technologies Ltd.,INE251B01027,A,Active,Equity
533343,LOVABLE,Lovable Lingerie Limited,Lovable Lingerie Limited,INE597L01014,B,Active,Equity
533344,PFS,PTC India Financial Services Limited,PTC India Financial Services Limited,INE560K01014,B,Active,Equity
533385,MON100,Motilal Oswal Mutual Fund,Motilal Oswal Mutual Fund,INF247L01AP3,B,Active,Equity
533398,MUTHOOTFIN,MUTHOOT FINANCE LIMITED,MUTHOOT FINANCE LIMITED,INE414G01012,A,Active,Equity
533407,TRUEGREEN,TRUE GREEN BIO ENERGY LIMITED,TRUE GREEN BIO ENERGY LIMITED,INE672K01025,T,Active,Equity
533427,VMS,VMS INDUSTRIES LIMITED,VMS INDUSTRIES LIMITED,INE932K01015,X,Active,Equity
533451,KARMAENG,Karma Energy Limited,Karma Energy Limited,INE725L01011,B,Active,Equity
533452,DELPHIFX,DELPHI WORLD MONEY LIMITED,DELPHI WORLD MONEY LIMITED,INE726L01027,T,Active,Equity
533470,RUSHIL,Rushil Decor Limited,Rushil Decor Limited,INE573K01025,B,Active,Equity
533477,ENKEIWHEL,Enkei wheels (India) Limited,Enkei wheels (India) Limited,INE130L01014,B,Active,Equity
533482,KRIDHANINF,Kridhan Infra Limited,Kridhan Infra Limited,INE524L01026,B,Active,Equity
533506,INVENTURE,INVENTURE GROWTH & SECURITIES LIMITED,INVENTURE GROWTH & SECURITIES LIMITED,INE878H01024,B,Active,Equity
533519,LTF,L&T Finance Limited,L&T Finance Limited,INE498L01015,A,Active,Equity
533520,IBULLSLTD,Indiabulls Limited,Indiabulls Limited,INE126M01010,B,Active,Equity
533540,TREEHOUSE,Tree House Education & Accessories Limited,Tree House Education & Accessories Limited,INE040M01013,B,Active,Equity
533543,BROOKS,BROOKS LABORATORIES LIMITED,BROOKS LABORATORIES LIMITED,INE650L01011,B,Active,Equity
533552,RUPA,RUPA & COMPANY LIMITED,RUPA & COMPANY LIMITED,INE895B01021,B,Active,Equity
533553,TDPOWERSYS,TD Power Systems Ltd,TD Power Systems Ltd,INE419M01035,A,Active,Equity
533573,APLLTD,ALEMBIC PHARMACEUTICALS LIMITED,ALEMBIC PHARMACEUTICALS LIMITED,INE901L01018,A,Active,Equity
533576,VASWANI,Vaswani Industries Limited,Vaswani Industries Limited,INE590L01019,B,Active,Equity
533581,PGEL,PG Electroplast Limited,PG Electroplast Limited,INE457L01029,A,Active,Equity
533602,LESHAIND,Lesha Industries Limited,Lesha Industries Limited,INE050L01048,X,Active,Equity
533605,SETUINFRA,SETUBANDHAN INFRASTRUCTURE LIMITED,SETUBANDHAN INFRASTRUCTURE LIMITED,INE023M01027,Z,Active,Equity
533608,RDBRL,RDB Rasayans Limited,RDB Rasayans Limited,INE123M01017,X,Active,Equity
533629,TIJARIA,TIJARIA POLYPIPES LIMITED,TIJARIA POLYPIPES LIMITED,INE440L01017,T,Active,Equity
533632,ONELIFECAP,Onelife Capital Advisors Ltd,Onelife Capital Advisors Ltd,INE912L01015,T,Active,Equity
533638,FLEXITUFF,FLEXITUFF VENTURES INTERNATIONAL LIMITED,FLEXITUFF VENTURES INTERNATIONAL LIMITED,INE060J01017,T,Active,Equity
533644,UEL,Ujaas Energy Limited,Ujaas Energy Limited,INE899L01030,B,Active,Equity
533655,TRITURBINE,Triveni Turbine Limited,Triveni Turbine Limited,INE152M01016,A,Active,Equity
533676,INDOTHAI,Indo Thai Securities Limited,Indo Thai Securities Limited,INE337M01021,B,Active,Equity
533704,ESSARSHPNG,Essar Shipping Ltd,Essar Shipping Ltd,INE122M01019,B,Active,Equity
533758,APLAPOLLO,APL Apollo Tubes Limited,APL Apollo Tubes Limited,INE702C01027,A,Active,Equity
533761,GPTINFRA,GPT Infraprojects limited,GPT Infraprojects limited,INE390G01014,B,Active,Equity
533896,FERVENTSYN,Fervent Synergies Limited,Fervent Synergies Limited,INE258M01011,X,Active,Equity
533941,THOMASCOTT,THOMAS SCOTT (INDIA) LIMITED,THOMAS SCOTT (INDIA) LIMITED,INE480M01011,B,Active,Equity
533982,TERASOFT,Tera Software Ltd.,Tera Software Ltd.,INE482B01010,B,Active,Equity
534060,PMCFIN,PMC Fincorp Limited,PMC Fincorp Limited,INE793G01035,X,Active,Equity
534063,FUTSOL,Futuristic Solutions Ltd.,Futuristic Solutions Ltd.,INE241F01011,X,Active,Equity
534064,AIML,Alliance Integrated Metaliks Limited,Alliance Integrated Metaliks Limited,INE123D01024,XT,Active,Equity
534076,RHIM,RHI MAGNESITA INDIA LIMITED,RHI MAGNESITA INDIA LIMITED,INE743M01012,A,Active,Equity
534091,MCX,Multi Commodity Exchange of India Ltd,Multi Commodity Exchange of India Ltd,INE745G01043,A,Active,Equity
534109,PYXISFIN,Pyxis Finvest Limited,Pyxis Finvest Limited,INE883L01018,MT,Active,Equity
534139,SCHNEIDER,SCHNEIDER ELECTRIC INFRASTRUCTURE LIMITED,SCHNEIDER ELECTRIC INFRASTRUCTURE LIMITED,INE839M01018,A,Active,Equity
534190,OLPCL,Olympic Cards Limited,Olympic Cards Limited,INE550L01013,X,Active,Equity
534309,NBCC,NBCC (India) Limited,NBCC (India) Limited,INE095N01031,A,Active,Equity
534312,MTEDUCARE,MT EDUCARE LIMITED,MT EDUCARE LIMITED,INE472M01018,T,Active,Equity
534328,HEXATRADEX,Hexa Tradex Limited,Hexa Tradex Limited,INE750M01017,B,Active,Equity
534338,MAXHEIGHTS,Max heights Infrastucture Ltd,Max heights Infrastucture Ltd,INE393F01010,X,Active,Equity
534369,TBZ,Tribhovandas Bhimji Zaveri Limited,Tribhovandas Bhimji Zaveri Limited,INE760L01018,T,Active,Equity
534392,VSSL,Vardhman Special Steels Ltd,Vardhman Special Steels Ltd,INE050M01012,B,Active,Equity
534422,LOOKS,Looks Health Services Limited,Looks Health Services Limited,INE204N01013,X,Active,Equity
534425,SPECIALITY,Speciality Restaurants Limited,Speciality Restaurants Limited,INE247M01014,T,Active,Equity
534532,AURUS,AURUS GEM CORPORATION LIMITED,AURUS GEM CORPORATION LIMITED,INE142K01011,B,Active,Equity
534535,META,STRING METAVERSE LIMITED,STRING METAVERSE LIMITED,INE958L01034,T,Active,Equity
534597,RTNINDIA,RATTANINDIA ENTERPRISES LIMITED,RATTANINDIA ENTERPRISES LIMITED,INE834M01019,B,Active,Equity
534598,SAMPANN,Sampann Utpadan India Limited,Sampann Utpadan India Limited,INE735M01018,B,Active,Equity
534600,JTLIND,JTL INDUSTRIES LIMITED,JTL INDUSTRIES LIMITED,INE391J01032,B,Active,Equity
534612,AMTL,ADVANCE METERING TECHNOLOGY LIMITED,ADVANCE METERING TECHNOLOGY LIMITED,INE436N01029,X,Active,Equity
534615,NECCLTD,North Eastern Carrying Corporation Limited,North Eastern Carrying Corporation Limited,INE553C01016,T,Active,Equity
534618,WAAREERTL,WAAREE RENEWABLE TECHNOLOGIES LIMITED,WAAREE RENEWABLE TECHNOLOGIES LIMITED,INE299N01021,A,Active,Equity
534623,JUPITERIN,Jupiter Infomedia Limited,Jupiter Infomedia Limited,INE524N01014,X,Active,Equity
534639,VINAYAKPOL,VINAYAK POLYCON INTERNATIONAL LIMITED,VINAYAK POLYCON INTERNATIONAL LIMITED,INE581M01016,X,Active,Equity
534659,JOINTECAED,Jointeca Education Solutions Limited,Jointeca Education Solutions Limited,INE131N01018,MT,Active,Equity
534674,DUCON,Ducon Infratechnologies Limited,Ducon Infratechnologies Limited,INE741L01018,B,Active,Equity
534675,PROZONER,PROZONE REALTY LIMITED,PROZONE REALTY LIMITED,INE195N01013,B,Active,Equity
534680,SRGHFL,SRG Housing Finance Limited,SRG Housing Finance Limited,INE559N01010,B,Active,Equity
534691,COMCL,Comfort Commotrade Limited,Comfort Commotrade Limited,INE456N01019,X,Active,Equity
534708,SHANTIGURU,SHANTI GURU INDUSTRIES LIMITED,SHANTI GURU INDUSTRIES LIMITED,INE892L01019,M,Active,Equity
534732,CASPIAN,CASPIAN CORPORATE SERVICES LIMITED,CASPIAN CORPORATE SERVICES LIMITED,INE176N01039,X,Active,Equity
534733,AERPACE,Aerpace Industries Limited,Aerpace Industries Limited,INE175N01023,XT,Active,Equity
534741,VIRTUALG,VIRTUAL GLOBAL EDUCATION LTD.,VIRTUAL GLOBAL EDUCATION LTD.,INE247C01023,T,Active,Equity
534742,ZUARI,ZUARI AGRO CHEMICALS LIMITED,ZUARI AGRO CHEMICALS LIMITED,INE840M01016,B,Active,Equity
534748,STEELXIND,Steel Exchange India Ltd.,Steel Exchange India Ltd.,INE503B01021,B,Active,Equity
534755,TRIOMERC,Trio Mercantile & Trading Limited,Trio Mercantile & Trading Limited,INE234G01022,XT,Active,Equity
534796,JUJHARLOGI,JUJHAR LOGISTICS  LIMITED,JUJHAR LOGISTICS  LIMITED,INE198N01017,X,Active,Equity
534804,CARERATING,CARE Ratings Limited,CARE Ratings Limited,INE752H01013,A,Active,Equity
534809,PCJEWELLER,PC JEWELLER LIMITED,PC JEWELLER LIMITED,INE785M01021,A,Active,Equity
534816,INDUSTOWER,INDUS TOWERS LIMITED,INDUS TOWERS LIMITED,INE121J01017,A,Active,Equity
534920,ISERA,iSERA LIFESCIENCES LIMITED,iSERA LIFESCIENCES LIMITED,INE899M01020,XT,Active,Equity
534976,VMART,V-Mart Retail Limited,V-Mart Retail Limited,INE665J01013,A,Active,Equity
535136,NIBE,NIBE LIMITED,NIBE LIMITED,INE149O01018,B,Active,Equity
535204,MUKTA,Mukta Agriculture Limited,Mukta Agriculture Limited,INE160O01031,XT,Active,Equity
535205,MYSTICELE,Mystic Electronics Limited,Mystic Electronics Limited,INE159O01033,X,Active,Equity
535267,COMFINCAP,COMFORT FINCAP LIMITED,COMFORT FINCAP LIMITED,INE274M01026,X,Active,Equity
535276,SBISENSEX,SBI Mutual Fund,SBI Mutual Fund,INF200K01VT2,B,Active,Equity
535279,BMAL,Bothra Metals & Alloys Limited,Bothra Metals & Alloys Limited,INE583M01012,M,Active,Equity
535322,REPCOHOME,Repco Home Finance Limited,Repco Home Finance Limited,INE612J01015,B,Active,Equity
535387,LAKHOTIA,LAKHOTIA POLYESTERS (INDIA) LIMITED,LAKHOTIA POLYESTERS (INDIA) LIMITED,INE191O01010,X,Active,Equity
535431,GCMSECU,GCM Securities Limited,GCM Securities Limited,INE168O01026,B,Active,Equity
535458,NIBL,NRB INDUSTRIAL BEARINGS LIMITED,NRB INDUSTRIAL BEARINGS LIMITED,INE047O01014,B,Active,Equity
535514,PRIMECAPM,Prime Capital Market Limited,Prime Capital Market Limited,INE748D01010,XT,Active,Equity
535566,KIFS,KIFS Financial Services Ltd,KIFS Financial Services Ltd,INE902D01013,X,Active,Equity
535601,SREEL,Sreeleathers Limited,Sreeleathers Limited,INE099F01013,T,Active,Equity
535602,SHARDAMOTR,Sharda Motor Industries Ltd,Sharda Motor Industries Ltd,INE597I01028,B,Active,Equity
535620,BINNYMILLS,Binny Mills Limited,Binny Mills Limited,INE160L01011,XT,Active,Equity
535621,SVGLOBAL,S V Global Mill Limited,S V Global Mill Limited,INE159L01013,B,Active,Equity
535647,SDC,SDC TECHMEDIA LIMITED,SDC TECHMEDIA LIMITED,INE807O01011,MT,Active,Equity
535648,JUSTDIAL,Just Dial Limited,Just Dial Limited,INE599M01018,A,Active,Equity
535657,OONE,ObjectOne Information Systems Ltd,ObjectOne Information Systems Ltd,INE860E01011,X,Active,Equity
535667,IFINSEC,India Finsec Limited,India Finsec Limited,INE474O01010,X,Active,Equity
535693,BRAHMINFRA,BRAHMAPUTRA INFRASTRUCTURE LIMITED,BRAHMAPUTRA INFRASTRUCTURE LIMITED,INE320I01017,B,Active,Equity
535719,AMPVOLTS,AMPVOLTS LIMITED,AMPVOLTS LIMITED,INE989J01017,X,Active,Equity
535730,KHOOBSURAT,Khoobsurat Ltd.,Khoobsurat Ltd.,INE731G01027,X,Active,Equity
535754,ORIENTCEM,ORIENT CEMENT LIMITED,ORIENT CEMENT LIMITED,INE876N01018,B,Active,Equity
535755,ABFRL,Aditya Birla Fashion and Retail Limited,Aditya Birla Fashion and Retail Limited,INE647O01011,A,Active,Equity
535789,SAMMAANCAP,Sammaan Capital Limited,Sammaan Capital Limited,INE148I01020,A,Active,Equity
535910,MMLF,Money Masters Leasing & Finance Limited,Money Masters Leasing & Finance Limited,INE340O01021,B,Active,Equity
535916,ALSL,Alacrity Securities Limited,Alacrity Securities Limited,INE030P01017,B,Active,Equity
535917,GCMCOMM,GCM Commodity & Derivatives Limited,GCM Commodity & Derivatives Limited,INE200P01016,M,Active,Equity
535958,ESSENTIA,Integra Essentia Limited,Integra Essentia Limited,INE418N01035,B,Active,Equity
536073,JULIEN,JULIEN AGRO INFRATECH LIMITED,JULIEN AGRO INFRATECH LIMITED,INE890N01027,X,Active,Equity
536264,TIGERLOGS,Tiger Logistics (India) Limited,Tiger Logistics (India) Limited,INE906O01029,B,Active,Equity
536493,JKAGRI,JK Agri Genetics Limited,JK Agri Genetics Limited,INE690O01011,X,Active,Equity
536507,FLFL,Future Lifestyle Fashions Limited,Future Lifestyle Fashions Limited,INE452O01016,Z,Active,Equity
536565,NOVELIX,NOVELIX PHARMACEUTICALS LIMITED,NOVELIX PHARMACEUTICALS LIMITED,INE314I01036,X,Active,Equity
536659,PVVINFRA,PVV Infra Limited,PVV Infra Limited,INE428B01021,X,Active,Equity
536672,VCU,VCU Data Management Limited,VCU Data Management Limited,INE962O01014,X,Active,Equity
536709,INDRENEW,IND Renewable Energy Ltd,IND Renewable Energy Ltd,INE138O01029,Z,Active,Equity
536710,SRGFFL,SRG FINGROW FINANCE LIMITED,SRG FINGROW FINANCE LIMITED,INE326P01019,MT,Active,Equity
536737,ACFSL,Amrapali Capital and Finance Services Limited,Amrapali Capital and Finance Services Limited,INE218P01018,MT,Active,Equity
536738,STELLAR,STELLAR CAPITAL SERVICES LIMITED,STELLAR CAPITAL SERVICES LIMITED,INE325P01011,M,Active,Equity
536773,JPOLYINVST,JINDAL POLY INVESTMENT AND FINANCE COMPANY LIMITED,JINDAL POLY INVESTMENT AND FINANCE COMPANY LIMITED,INE147P01019,B,Active,Equity
536846,YURANUS,Yuranus Infrastructure Ltd,Yuranus Infrastructure Ltd,INE156M01017,X,Active,Equity
536960,MOM100,Motilal Oswal Mutual Fund,Motilal Oswal Mutual Fund,INF247L01023,B,Active,Equity
536974,CPL,CAPTAIN POLYPLAST LIMITED,CAPTAIN POLYPLAST LIMITED,INE536P01021,B,Active,Equity
537007,NIFTYIETF,ICICI Prudential Mutual Fund,ICICI Prudential Mutual Fund,INF109K012R6,B,Active,Equity
537008,NIF100IETF,ICICI Prudential Mutual Fund,ICICI Prudential Mutual Fund,INF109KC16V9,B,Active,Equity
537069,ARNOLD,Arnold Holdings Ltd,Arnold Holdings Ltd,INE185K01036,XT,Active,Equity
537253,SUNLOC,Sunil Healthcare Limited,Sunil Healthcare Limited,INE671C01016,B,Active,Equity
537254,JTLDEFENCE,JTL DEFENCE LIMITED,JTL DEFENCE LIMITED,INE140B01048,XT,Active,Equity
537259,SUYOG,Suyog Telematics Limited,Suyog Telematics Limited,INE442P01014,B,Active,Equity
537291,NATHBIOGEN,Nath Biogene India Ltd.,Nath Biogene India Ltd.,INE448G01010,B,Active,Equity
537292,AGRITECH,Agri-Tech India Ltd.,Agri-Tech India Ltd.,INE449G01018,B,Active,Equity
537326,CHEMTECH,CHEMTECH INDUSTRIAL VALVES LIMITED,CHEMTECH INDUSTRIAL VALVES LIMITED,INE212P01011,X,Active,Equity
537392,KETOMOTORS,Keto Motors Limited,Keto Motors Limited,INE392H01026,XT,Active,Equity
537483,NIF100BEES,Nippon India Mutual Fund,Nippon India Mutual Fund,INF204K014N5,B,Active,Equity
537536,DENISCHEM,Denis Chem Lab Limited,Denis Chem Lab Limited,INE051G01012,X,Active,Equity
537573,POLYMAC,Polymac Thermoformers Limited,Polymac Thermoformers Limited,INE826P01018,M,Active,Equity
537582,UNISHIRE,Unishire Urban Infra Limited,Unishire Urban Infra Limited,INE210P01015,M,Active,Equity
537669,LAXMIPATI,LAXMIPATI ENGINEERING WORKS LIMITED,LAXMIPATI ENGINEERING WORKS LIMITED,INE920P01019,MT,Active,Equity
537707,LADDU,LADDU GOPAL ONLINE SERVICES LIMITED,LADDU GOPAL ONLINE SERVICES LIMITED,INE546I01025,X,Active,Equity
537708,NIFTY1,Kotak Mahindra Mutual Fund,Kotak Mahindra Mutual Fund,INF174K014P6,B,Active,Equity
537709,HANSUGAR,SHREE HANUMAN SUGAR & INDUSTRIES LTD.,SHREE HANUMAN SUGAR & INDUSTRIES LTD.,INE101H01013,XT,Active,Equity
537750,KIRANVYPAR,Kiran Vyapar Limited,Kiran Vyapar Limited,INE555P01013,B,Active,Equity
537766,BCP,B.C. Power Controls Limited,B.C. Power Controls Limited,INE905P01028,X,Active,Equity
537784,KCSL,Karnimata Cold Storage Limited,Karnimata Cold Storage Limited,INE576P01019,M,Active,Equity
537785,RACE,RACE ECO CHAIN LIMITED,RACE ECO CHAIN LIMITED,INE084Q01012,B,Active,Equity
537800,MANGIND,Mangalam Industrial Finance Limited,Mangalam Industrial Finance Limited,INE717C01025,X,Active,Equity
537820,VIJIFIN,VIJI FINANCE LIMITED,VIJI FINANCE LIMITED,INE159N01027,T,Active,Equity
537839,HBGHOTELS,HBG HOTELS LIMITED,HBG HOTELS LIMITED,INE977M01024,X,Active,Equity
537985,INFRONICS,INFRONICS SYSTEMS LIMITED,INFRONICS SYSTEMS LIMITED,INE463B01036,X,Active,Equity
538057,CPSEETF,Nippon India Mutual Fund,Nippon India Mutual Fund,INF457M01133,B,Active,Equity
538081,HARIAAPL,Haria Apparels Limited,Haria Apparels Limited,INE493N01012,X,Active,Equity
538092,VASUPRADA,SHRI VASUPRADA PLANTATIONS LIMITED,SHRI VASUPRADA PLANTATIONS LIMITED,INE574G01013,B,Active,Equity
538119,RNBDENIMS,R&B Denims Limited,R&B Denims Limited,INE012Q01039,T,Active,Equity
538212,SHARPINV,SHARP INVESTMENTS LTD,SHARP INVESTMENTS LTD,INE909D01026,XT,Active,Equity
538268,WONDERLA,Wonderla Holidays Limited,Wonderla Holidays Limited,INE066O01014,B,Active,Equity
538273,RESPONSINF,Response Informatics Limited,Response Informatics Limited,INE401B01010,X,Active,Equity
538319,GCMCAPI,GCM Capital Advisors Limited,GCM Capital Advisors Limited,INE191P01017,MT,Active,Equity
538351,AFEL,A.F. Enterprises Limited,A.F. Enterprises Limited,INE663P01015,Z,Active,Equity
538365,INCREDIBLE,INCREDIBLE INDUSTRIES LIMITED,INCREDIBLE INDUSTRIES LIMITED,INE452L01012,B,Active,Equity
538382,WESTLEIRES,WEST LEISURE RESORTS LIMITED,WEST LEISURE RESORTS LIMITED,INE266P01017,X,Active,Equity
538395,NAM,Nam Securities Ltd.,Nam Securities Ltd.,INE792G01011,XT,Active,Equity
538401,METSL,MAESTROS ELECTRONICS & TELECOMMUNICATIONS SYSTEMS LTD,MAESTROS ELECTRONICS & TELECOMMUNICATIONS SYSTEMS LTD,INE318N01011,X,Active,Equity
538422,JACKSON,Jackson Investments Limited,Jackson Investments Limited,INE508N01025,X,Active,Equity
538446,MONEYBOXX,MONEYBOXX FINANCE LIMITED,MONEYBOXX FINANCE LIMITED,INE296Q01012,B,Active,Equity
538451,WORTH,Worth Investment & Trading Co Limited,Worth Investment & Trading Co Limited,INE114O01020,X,Active,Equity
538464,TPROJECT,Thirani Projects Limited,Thirani Projects Limited,INE901C01017,X,Active,Equity
538476,CTL,Capital Trade Links Limited,Capital Trade Links Limited,INE172D01021,XT,Active,Equity
538496,TARINI,Tarini International Limited,Tarini International Limited,INE849M01017,M,Active,Equity
538520,SBL,SHIVAMSHREE BUSINESSES LIMITED,SHIVAMSHREE BUSINESSES LIMITED,INE857P01021,X,Active,Equity
538521,YAANENT,YAAN ENTERPRISES LIMITED,YAAN ENTERPRISES LIMITED,INE969E01010,XT,Active,Equity
538539,ANVRDHI,ANNVRRIDHHI VENTURES LIMITED,ANNVRRIDHHI VENTURES LIMITED,INE075K01013,X,Active,Equity
538540,RAAMA,RAAMA FINANCE LIMITED,RAAMA FINANCE LIMITED,INE516P01015,X,Active,Equity
538542,GOLDCOINHF,GoldCoin Health Foods Limited,GoldCoin Health Foods Limited,INE634J01027,X,Active,Equity
538546,BRPL,Bansal Roofing Products Limited,Bansal Roofing Products Limited,INE319Q01012,B,Active,Equity
538556,ARMAN,Arman Holdings Limited,Arman Holdings Limited,INE510P01018,X,Active,Equity
538562,SKIPPER,Skipper Limited,Skipper Limited,INE439E01022,B,Active,Equity
538563,SMTEL,SMT ENGINEERING LIMITED,SMT ENGINEERING LIMITED,INE673E01018,X,Active,Equity
538564,JAMESWARREN,James Warren Tea Limited,James Warren Tea Limited,INE718P01017,X,Active,Equity
538565,VISTARAMAR,Vistar Amar Limited,Vistar Amar Limited,INE878P01019,X,Active,Equity
538567,GULFOILLUB,Gulf Oil Lubricants India Limited,Gulf Oil Lubricants India Limited,INE635Q01029,B,Active,Equity
538568,FRUTION,Fruition Venture Limited,Fruition Venture Limited,INE836C01015,XT,Active,Equity
538569,TRIVENIENT,Triveni Enterprises Limited,Triveni Enterprises Limited,INE916P01025,X,Active,Equity
538576,BHANDERI,Bhanderi Infracon Limited,Bhanderi Infracon Limited,INE336Q01016,MT,Active,Equity
538579,ZINEMA,ZINEMA MEDIA AND ENTERTAINMENT LIMITED,ZINEMA MEDIA AND ENTERTAINMENT LIMITED,INE641Q01019,MT,Active,Equity
538596,CEMAINFRA,CEMANTIC INFRA-TECH LIMITED,CEMANTIC INFRA-TECH LIMITED,INE222B01028,X,Active,Equity
538597,TTIENT,TTI Enterprise Limited,TTI Enterprise Limited,INE404F01031,X,Active,Equity
538598,VISHAL,Vishal Fabrics Limited,Vishal Fabrics Limited,INE755Q01025,B,Active,Equity
538607,TOYAMSL,TOYAM SPORTS LIMITED,TOYAM SPORTS LIMITED,INE457P01020,B,Active,Equity
538609,GAJANANSEC,Gajanan Securities Services Ltd.,Gajanan Securities Services Ltd.,INE868G01019,X,Active,Equity
538610,UNISON,Unison Metals Ltd,Unison Metals Ltd,INE099D01026,XT,Active,Equity
538611,RTFL,Real Touch Finance Limited,Real Touch Finance Limited,INE840I01014,Z,Active,Equity
538634,VRL,Vasundhara Rasayans Ltd.,Vasundhara Rasayans Ltd.,INE406F01010,X,Active,Equity
538635,SNOWMAN,SNOWMAN LOGISTICS LIMITED,SNOWMAN LOGISTICS LIMITED,INE734N01019,B,Active,Equity
538646,QGO,QGO FINANCE LIMITED,QGO FINANCE LIMITED,INE837C01013,X,Active,Equity
538647,PURSHOTTAM,Purshottam Investofin Limited,Purshottam Investofin Limited,INE729C01020,X,Active,Equity
538652,HCLTD,HIND COMMERCE LIMITED,HIND COMMERCE LIMITED,INE691J01019,X,Active,Equity
538666,SHARDACROP,Sharda Cropchem Limited,Sharda Cropchem Limited,INE221J01015,A,Active,Equity
538667,SIROHIA,Sirohia & Sons Limited,Sirohia & Sons Limited,INE785O01019,M,Active,Equity
538668,MIIL,Meghna Infracon Infrastructure Limited,Meghna Infracon Infrastructure Limited,INE898Q01015,B,Active,Equity
538674,CITYONLINE,City Online Services Limited,City Online Services Limited,INE158C01014,Z,Active,Equity
538683,SENSEXBEES,Nippon India Mutual Fund,Nippon India Mutual Fund,INF204KA1UN7,B,Active,Equity
538685,SHEMAROO,SHEMAROO ENTERTAINMENT LIMITED,SHEMAROO ENTERTAINMENT LIMITED,INE363M01019,B,Active,Equity
538706,ULTRACAB,Ultracab (India) Limited,Ultracab (India) Limited,INE010R01023,X,Active,Equity
538707,RCCL,Rajasthan Cylinders & Containers Limited,Rajasthan Cylinders & Containers Limited,INE929D01016,X,Active,Equity
538708,ETIL,Econo Trade (India) Limited,Econo Trade (India) Limited,INE937K01014,X,Active,Equity
538713,ATISHAY,Atishay Limited,Atishay Limited,INE011R01013,X,Active,Equity
538714,SANGAMFIN,Sangam Finserv Limited,Sangam Finserv Limited,INE475D01010,X,Active,Equity
538715,DHABRIYA,Dhabriya Polywood Limited,Dhabriya Polywood Limited,INE260R01016,T,Active,Equity
538716,ARYACAPM,Aryaman Capital Markets Limited,Aryaman Capital Markets Limited,INE229R01011,B,Active,Equity
538730,PDSL,PDS LIMITED,PDS LIMITED,INE111Q01021,B,Active,Equity
538731,HANMAN,HANMAN FIT LIMITED,HANMAN FIT LIMITED,INE982Q01017,M,Active,Equity
538732,VGCL,Vibrant Global Capital Limited,Vibrant Global Capital Limited,INE761Q01015,B,Active,Equity
538734,CEINSYS,CEINSYS TECH LIMITED,CEINSYS TECH LIMITED,INE016Q01014,B,Active,Equity
538742,PANABYTE,PANABYTE TECHNOLOGIES LIMITED,PANABYTE TECHNOLOGIES LIMITED,INE516E01019,XT,Active,Equity
538743,MUDUNURU,Mudunuru Limited,Mudunuru Limited,INE491C01027,XT,Active,Equity
538765,JSHL,JLA Infraville Shoppers Limited,JLA Infraville Shoppers Limited,INE401Q01018,MT,Active,Equity
538770,CRANEINFRA,Crane Infrastructure Limited,Crane Infrastructure Limited,INE176L01017,X,Active,Equity
538772,NIYOGIN,Niyogin Fintech Limited,Niyogin Fintech Limited,INE480D01010,X,Active,Equity
538777,ASIACAP,ASIA CAPITAL LIMITED,ASIA CAPITAL LIMITED,INE131Q01011,XT,Active,Equity
538778,KALYANCAP,Kalyan Capitals Limited,Kalyan Capitals Limited,INE149Q01021,X,Active,Equity
538786,CITIZEN,Citizen Solar Limited,Citizen Solar Limited,INE473L01018,X,Active,Equity
538787,GBFL,Goenka Business & Finance Limited,Goenka Business & Finance Limited,INE997C01015,X,Active,Equity
538788,GILADAFINS,Gilada Finance & Investments Ltd.,Gilada Finance & Investments Ltd.,INE918C01029,X,Active,Equity
538794,JETSOLAR,JET SOLAR LIMITED,JET SOLAR LIMITED,INE155R01018,M,Active,Equity
538795,SAPPL,Shree Ajit Pulp And Paper Ltd,Shree Ajit Pulp And Paper Ltd,INE185C01017,B,Active,Equity
538812,AANCHALISP,Aanchal Ispat Limited,Aanchal Ispat Limited,INE322R01022,XT,Active,Equity
538817,CAPPIPES,Captain Pipes Limited,Captain Pipes Limited,INE513R01026,B,Active,Equity
538833,KAIZENAGRO,KAIZEN AGRO INFRABUILD LIMITED,KAIZEN AGRO INFRABUILD LIMITED,INE891N01017,XT,Active,Equity
538834,JMJFIN,JMJ Fintech Limited,JMJ Fintech Limited,INE242Q01016,X,Active,Equity
538835,INTELLECT,INTELLECT DESIGN ARENA LIMITED,INTELLECT DESIGN ARENA LIMITED,INE306R01017,A,Active,Equity
538836,MONTECARLO,Monte Carlo Fashions Limited,Monte Carlo Fashions Limited,INE950M01013,B,Active,Equity
538837,JSTL,Jeevan Scientific Technology Limited,Jeevan Scientific Technology Limited,INE237B01018,X,Active,Equity
538838,ICL,Indo Cotspin Limited,Indo Cotspin Limited,INE407P01017,X,Active,Equity
538857,SCC,Scintilla Commercial & Credit  Limited,Scintilla Commercial & Credit  Limited,INE892C01018,X,Active,Equity
538860,PANAFIC,PANAFIC INDUSTRIALS LTD,PANAFIC INDUSTRIALS LTD,INE655P01029,XT,Active,Equity
538862,MYMONEY,My Money Securities Ltd.,My Money Securities Ltd.,INE232L01018,X,Active,Equity
538863,AMARNATH,SRI AMARNATH FINANCE LIMITED,SRI AMARNATH FINANCE LIMITED,INE985Q01010,X,Active,Equity
538868,CSL,Continental Securities Limited,Continental Securities Limited,INE183Q01020,XT,Active,Equity
538874,NEXUSSURGL,NEXUS SURGICAL AND MEDICARE LIMITED,NEXUS SURGICAL AND MEDICARE LIMITED,INE370Q01015,XT,Active,Equity
538881,GALADAFIN,Galada Finance Limited,Galada Finance Limited,INE243E01010,X,Active,Equity
538882,EMERALD,Emerald Finance Limited,Emerald Finance Limited,INE030Q01015,X,Active,Equity
538890,MKEXIM,M. K. Exim (India) Ltd.,M. K. Exim (India) Ltd.,INE227F01010,B,Active,Equity
538891,MCLOUD,MAGELLANIC CLOUD LIMITED,MAGELLANIC CLOUD LIMITED,INE613C01026,B,Active,Equity
538894,OCTAL,Octal Credit Capital Ltd.,Octal Credit Capital Ltd.,INE513C01010,X,Active,Equity
538895,MIHIKA,Mihika Industries Ltd.,Mihika Industries Ltd.,INE779Q01017,XT,Active,Equity
538896,KANCHI,Kanchi Karpooram Ltd.,Kanchi Karpooram Ltd.,INE081G01019,B,Active,Equity
538897,SHRINIWAS,Shri Niwas Leasing and Finance Limited,Shri Niwas Leasing and Finance Limited,INE201F01015,XT,Active,Equity
538902,DTIL,Dhunseri Tea & Industries Ltd,Dhunseri Tea & Industries Ltd,INE341R01014,T,Active,Equity
538918,VANICOM,Vani Commercials Limited,Vani Commercials Limited,INE661Q01017,X,Active,Equity
538920,VINCOFE,VINTAGE COFFEE AND BEVERAGES LIMITED,VINTAGE COFFEE AND BEVERAGES LIMITED,INE498Q01014,B,Active,Equity
538921,RAFL,Raghuvansh Agrofarms Limited,Raghuvansh Agrofarms Limited,INE865P01016,M,Active,Equity
538922,COSYN,COSYN Limited,COSYN Limited,INE029B01019,X,Active,Equity
538923,SOFCOM,SOFCOM SYSTEMS LIMITED,SOFCOM SYSTEMS LIMITED,INE499Q01012,XT,Active,Equity
538926,NAPL,Naturite Agro Products Limited,Naturite Agro Products Limited,INE223R01022,X,Active,Equity
538928,KARNAVATI,Karnavati Finance Limited,Karnavati Finance Limited,INE554R01020,X,Active,Equity
538935,ABHIFIN,Abhishek Finlease limited,Abhishek Finlease limited,INE723C01015,X,Active,Equity
538942,MERCANTILE,Mercantile Ventures Limited,Mercantile Ventures Limited,INE689O01013,B,Active,Equity
538943,SONAL,Sonal Mercantile Limited,Sonal Mercantile Limited,INE321M01017,B,Active,Equity
538952,ALFL,Abhinav Leasing & Finance Limited,Abhinav Leasing & Finance Limited,INE211D01027,X,Active,Equity
538961,GENUSPAPER,GENUS PAPER & BOARDS LIMITED,GENUS PAPER & BOARDS LIMITED,INE949P01018,B,Active,Equity
538962,MINDACORP,Minda Corporation Limited,Minda Corporation Limited,INE842C01021,A,Active,Equity
538964,MERCURYLAB,Mercury Laboratories Limited,Mercury Laboratories Limited,INE947G01011,X,Active,Equity
538965,CONCORD,Concord Drugs Limited,Concord Drugs Limited,INE858L01010,X,Active,Equity
538970,WARDINMOBI,WARDWIZARD INNOVATIONS AND MOBILITY LIMITED,WARDWIZARD INNOVATIONS AND MOBILITY LIMITED,INE945P01024,B,Active,Equity
538975,SHREESEC,Shree Securities Ltd.,Shree Securities Ltd.,INE397C01026,Z,Active,Equity
538979,GREENLAM,Greenlam Industries Ltd,Greenlam Industries Ltd,INE544R01021,B,Active,Equity
538987,TALBROSENG,TALBROS ENGINEERING LIMITED,TALBROS ENGINEERING LIMITED,INE717E01013,X,Active,Equity
538992,SAPL,Sar  Auto Products Limited,Sar  Auto Products Limited,INE002E01010,XT,Active,Equity
538993,PUROHITCON,Purohit Construction Limited,Purohit Construction Limited,INE147J01012,XT,Active,Equity
539005,JAYATMA,JAYATMA ENTERPRISES LIMITED,JAYATMA ENTERPRISES LIMITED,INE246D01015,X,Active,Equity
539006,PTCIL,PTC Industries Ltd.,PTC Industries Ltd.,INE596F01018,A,Active,Equity
539011,CHENFERRO,CHENNAI FERROUS INDUSTRIES LIMITED,CHENNAI FERROUS INDUSTRIES LIMITED,INE777O01016,X,Active,Equity
539012,MEGRISOFT,Megri Soft Limited,Megri Soft Limited,INE756R01013,X,Active,Equity
539013,GITARENEW,GITA RENEWABLE ENERGY LIMITED,GITA RENEWABLE ENERGY LIMITED,INE776O01018,X,Active,Equity
539014,KALPACOMME,Kalpa Commercial Limited,Kalpa Commercial Limited,INE059Q01014,X,Active,Equity
539016,NEIL,Neil Industries Ltd.,Neil Industries Ltd.,INE396C01010,X,Active,Equity
539017,STARHFL,STAR HOUSING FINANCE LIMITED,STAR HOUSING FINANCE LIMITED,INE526R01028,X,Active,Equity
539018,BEEKAY,Beekay Steel Industries Ltd.,Beekay Steel Industries Ltd.,INE213D01015,B,Active,Equity
539026,SSPNFIN,SSPN Finance Limited,SSPN Finance Limited,INE820R01017,MT,Active,Equity
539031,SETFBSE100,SBI Mutual Fund,SBI Mutual Fund,INF200KA1572,B,Active,Equity
539032,FRASER,Fraser And Company Limited,Fraser And Company Limited,INE184Q01010,X,Active,Equity
539040,TIRUPATIIN,TIRUPATI INNOVAR LIMITED,TIRUPATI INNOVAR LIMITED,INE812Q01016,X,Active,Equity
539041,GANVERSE,GANESHA ECOVERSE LIMITED,GANESHA ECOVERSE LIMITED,INE369Q01017,M,Active,Equity
539042,AGIIL,AGI Infra Limited,AGI Infra Limited,INE976R01033,B,Active,Equity
539044,MANAKSTEEL,Manaksia Steels Limited,Manaksia Steels Limited,INE824Q01011,T,Active,Equity
539045,MANAKALUCO,Manaksia Aluminium Company Ltd,Manaksia Aluminium Company Ltd,INE859Q01017,B,Active,Equity
539046,MANAKCOAT,Manaksia Coated Metals & Industries Ltd,Manaksia Coated Metals & Industries Ltd,INE830Q01018,B,Active,Equity
539056,IMAGICAA,IMAGICAAWORLD ENTERTAINMENT LIMITED,IMAGICAAWORLD ENTERTAINMENT LIMITED,INE172N01012,B,Active,Equity
539083,INOXWIND,Inox Wind Limited,Inox Wind Limited,INE066P01011,A,Active,Equity
539090,RAJPUTANA,Rajputana Investment and Finance Ltd.,Rajputana Investment and Finance Ltd.,INE751R01014,X,Active,Equity
539091,CCDL,Consecutive Commodities Limited,Consecutive Commodities Limited,INE187R01029,XT,Active,Equity
539097,URSUGAR,UR SUGAR INDUSTRIES LIMITED,UR SUGAR INDUSTRIES LIMITED,INE904R01027,T,Active,Equity
539098,FILTRA,Filtra Consultants and Engineers Limited,Filtra Consultants and Engineers Limited,INE541R01019,M,Active,Equity
539099,ATHCON,Athena Constructions Limited,Athena Constructions Limited,INE291R01011,M,Active,Equity
539110,NORTHLINK,Northlink Fiscal And Capital Services Ltd.,Northlink Fiscal And Capital Services Ltd.,INE736P01019,Z,Active,Equity
539111,SHESHAINDS,SHESHADRI INDUSTRIES LIMITED,SHESHADRI INDUSTRIES LIMITED,INE193R01019,X,Active,Equity
539112,SAB,SAB INDUSTRIES LIMITED,SAB INDUSTRIES LIMITED,INE137M01017,B,Active,Equity
539113,PML,Paul Merchants Ltd.,Paul Merchants Ltd.,INE291E01019,B,Active,Equity
539115,ALANSCOTT,ALAN SCOTT ENTERPRISES LIMITED,ALAN SCOTT ENTERPRISES LIMITED,INE273F01022,XT,Active,Equity
539116,OPCHAINS,O. P. Chains Limited,O. P. Chains Limited,INE118Q01018,MT,Active,Equity
539117,SUJALA,Sujala Trading & Holdings Ltd.,Sujala Trading & Holdings Ltd.,INE029H01016,X,Active,Equity
539118,VRLLOG,VRL Logistics Limited,VRL Logistics Limited,INE366I01010,B,Active,Equity
539119,JAINMARMO,Jain Marmo Industries Ltd.,Jain Marmo Industries Ltd.,INE780Q01015,X,Active,Equity
539120,GRAMEVA,GRAMEVA LIMITED,GRAMEVA LIMITED,INE578R01011,XT,Active,Equity
539121,PALCO,Palco Metals Limited,Palco Metals Limited,INE239L01013,X,Active,Equity
539122,BODHTREE,Bodhtree Consulting Limited,Bodhtree Consulting Limited,INE104F01029,X,Active,Equity
539123,VBIND,V B INDUSTRIES LIMITED,V B INDUSTRIES LIMITED,INE334E01017,X,Active,Equity
539124,SARVOTTAM,Sarvottam Finvest Limited,Sarvottam Finvest Limited,INE822Q01015,X,Active,Equity
539126,MEP,MEP Infrastructure Developers Limited,MEP Infrastructure Developers Limited,INE776I01010,Z,Active,Equity
539132,WARDWIZFBL,Wardwizard Foods and Beverages Limited,Wardwizard Foods and Beverages Limited,INE761D01021,X,Active,Equity
539141,UFO,UFO Moviez India Limited,UFO Moviez India Limited,INE527H01019,B,Active,Equity
539143,PANTH,PANTH INFINITY LIMITED,PANTH INFINITY LIMITED,INE945O01019,X,Active,Equity
539148,SHIVALIK,Shivalik Rasayan Ltd.,Shivalik Rasayan Ltd.,INE788J01021,B,Active,Equity
539149,ICSL,Integrated Capital Services Ltd,Integrated Capital Services Ltd,INE682B01023,X,Active,Equity
539150,PNCINFRA,PNC Infratech Limited,PNC Infratech Limited,INE195J01029,A,Active,Equity
539151,ARFIN,Arfin India Limited,Arfin India Limited,INE784R01023,B,Active,Equity
539167,VLL,Virat Leasing Limited,Virat Leasing Limited,INE347L01022,X,Active,Equity
539174,HELPAGE,Helpage Finlease Ltd.,Helpage Finlease Ltd.,INE738P01015,X,Active,Equity
539176,HAWAENG,Hawa Engineers ltd.,Hawa Engineers ltd.,INE230I01018,X,Active,Equity
539177,AIIL,Authum Investment & Infrastructure Limited,Authum Investment & Infrastructure Limited,INE206F01022,A,Active,Equity
539189,ADHBHUTIN,Adhbhut Infrastructure Ltd.,Adhbhut Infrastructure Ltd.,INE578L01014,X,Active,Equity
539190,DFL,Decillion Finance Ltd.,Decillion Finance Ltd.,INE848N01017,X,Active,Equity
539195,POEL,POCL ENTERPRISES LTD,POCL ENTERPRISES LTD,INE035S01028,B,Active,Equity
539196,AEL,Amba Enterprises Ltd.,Amba Enterprises Ltd.,INE829P01020,X,Active,Equity
539199,SGFIN,SG FINSERVE LIMITED,SG FINSERVE LIMITED,INE618R01015,B,Active,Equity
539200,NOBPOL,NOBLE POLYMERS LIMITED,NOBLE POLYMERS LIMITED,INE203Q01026,XT,Active,Equity
539201,SATIA,SATIA INDUSTRIES LIMITED,SATIA INDUSTRIES LIMITED,INE170E01023,B,Active,Equity
539206,GVBL,GENOMIC VALLEY BIOTECH LIMITED,GENOMIC VALLEY BIOTECH LIMITED,INE574D01010,X,Active,Equity
539216,GARMNTMNTR,GARMENT MANTRA LIFESTYLE LIMITED,GARMENT MANTRA LIFESTYLE LIMITED,INE653S01028,X,Active,Equity
539217,SRESTHA,Srestha Finvest Limited,Srestha Finvest Limited,INE606K01049,X,Active,Equity
539218,SAUMYA,Saumya Consultants Ltd.,Saumya Consultants Ltd.,INE563C01015,X,Active,Equity
539219,MUL,MAURIA UDYOG LIMITED,MAURIA UDYOG LIMITED,INE150D01027,X,Active,Equity
539220,MISHKA,Mishka Exim Limited,Mishka Exim Limited,INE540S01019,X,Active,Equity
539221,SPORTKING,Sportking India Ltd.,Sportking India Ltd.,INE885H01029,B,Active,Equity
539222,GROWINGTON,GROWINGTON VENTURES INDIA LIMITED,GROWINGTON VENTURES INDIA LIMITED,INE451S01027,B,Active,Equity
539224,HCKKVENTURE,HCKK Ventures Limited,HCKK Ventures Limited,INE345Q01017,XT,Active,Equity
539225,JIYAECO,Jiya Eco-Products Limited,Jiya Eco-Products Limited,INE023S01024,XT,Active,Equity
539226,RUDRA,RUDRA GLOBAL INFRA PRODUCTS LIMITED,RUDRA GLOBAL INFRA PRODUCTS LIMITED,INE027T01023,B,Active,Equity
539227,LOYAL,Loyal Equipments Limited,Loyal Equipments Limited,INE876S01017,X,Active,Equity
539228,GGPL,Gala Global Products Limited,Gala Global Products Limited,INE480S01026,Z,Active,Equity
539230,CHEMIESYNT,Chemiesynth (Vapi) Limited,Chemiesynth (Vapi) Limited,INE829R01018,XT,Active,Equity
539251,BALKRISHNA,Balkrishna Paper Mills Ltd,Balkrishna Paper Mills Ltd,INE875R01011,B,Active,Equity
539252,SHYAMCENT,Shyam Century Ferrous Limited,Shyam Century Ferrous Limited,INE979R01011,T,Active,Equity
539253,SURYAINDIA,Surya India Limited,Surya India Limited,INE446E01019,X,Active,Equity
539254,ADANIENSOL,Adani Energy Solutions Limited,Adani Energy Solutions Limited,INE931S01010,A,Active,Equity
539255,STARDELTA,STAR DELTA TRANSFORMERS LIMITED,STAR DELTA TRANSFORMERS LIMITED,INE541K01014,X,Active,Equity
539265,AMRAFIN,Amrapali Fincap Limited,Amrapali Fincap Limited,INE990S01016,MT,Active,Equity
539267,SAMSRITA,SAMSRITA LABS LIMITED,SAMSRITA LABS LIMITED,INE579N01018,X,Active,Equity
539268,SYNGENE,Syngene International Limited,Syngene International Limited,INE398R01022,A,Active,Equity
539273,PECOS,PECOS Hotels And Pubs Limited,PECOS Hotels And Pubs Limited,INE484S01010,M,Active,Equity
539275,MSL,Mangalam Seeds Limited,Mangalam Seeds Limited,INE829S01016,B,Active,Equity
539276,KAYA,Kaya Limited,Kaya Limited,INE587G01015,T,Active,Equity
539278,SYMBIOX,Symbiox Investment & Trading Co. Ltd.,Symbiox Investment & Trading Co. Ltd.,INE653R01012,X,Active,Equity
539287,ORTINGLOBE,ORTIN GLOBAL LIMITED,ORTIN GLOBAL LIMITED,INE749B01020,B,Active,Equity
539289,AURUM,AURUM PROPTECH LIMITED,AURUM PROPTECH LIMITED,INE898S01029,B,Active,Equity
539290,OSWALGREEN,Oswal Greentech Limited,Oswal Greentech Limited,INE143A01010,B,Active,Equity
539300,SUNRAKSHAK,SUNRAKSHAKK INDUSTRIES INDIA LIMITED,SUNRAKSHAKK INDUSTRIES INDIA LIMITED,INE671K01027,B,Active,Equity
539301,ARVSMART,Arvind SmartSpaces Limited,Arvind SmartSpaces Limited,INE034S01021,B,Active,Equity
539302,POWERMECH,Power Mech Projects Limited,Power Mech Projects Limited,INE211R01019,A,Active,Equity
539309,RAMASTEEL,Rama Steel Tubes Limited,Rama Steel Tubes Limited,INE230R01035,T,Active,Equity
539310,THINKINK,THINKINK PICTUREZ LIMITED,THINKINK PICTUREZ LIMITED,INE365S01045,X,Active,Equity
539312,SENSEXBETA,UTI Mutual Fund,UTI Mutual Fund,INF789FB1X58,B,Active,Equity
539313,NIFTYBETA,UTI Mutual Fund,UTI Mutual Fund,INF789F1AZC0,B,Active,Equity
539314,UNIAUTO,Universal Autofoundry Limited,Universal Autofoundry Limited,INE203T01012,B,Active,Equity
539331,VETO,VETO SWITCHGEARS AND CABLES LIMITED,VETO SWITCHGEARS AND CABLES LIMITED,INE918N01018,B,Active,Equity
539332,NAVKARCORP,Navkar Corporation Limited,Navkar Corporation Limited,INE278M01019,B,Active,Equity
539334,SHREEPUSHK,Shree Pushkar Chemicals & Fertilisers Limited,Shree Pushkar Chemicals & Fertilisers Limited,INE712K01011,B,Active,Equity
539335,CALLISTA,Callista Industries Limited,Callista Industries Limited,INE714Q01014,XT,Active,Equity
539336,GUJENERGY,Gujarat Energy Limited,Gujarat Energy Limited,INE844O01030,A,Active,Equity
539337,WAAREE,WAAREE TECHNOLOGIES LIMITED,WAAREE TECHNOLOGIES LIMITED,INE725P01012,M,Active,Equity
539346,SADBHIN,Sadbhav Infrastructure Project Limited,Sadbhav Infrastructure Project Limited,INE764L01010,B,Active,Equity
539352,PBFL,P. B. Films Limited,P. B. Films Limited,INE212Q01019,MT,Active,Equity
539353,SALAUTO,SAL AUTOMOTIVE LIMITED,SAL AUTOMOTIVE LIMITED,INE724G01014,X,Active,Equity
539354,POLYSPIN,POLYSPIN EXPORTS LIMITED,POLYSPIN EXPORTS LIMITED,INE914G01029,B,Active,Equity
539359,PRITIKAUTO,Pritika Auto Industries Limited,Pritika Auto Industries Limited,INE583R01029,B,Active,Equity
539383,MAHAVEER,Mahaveer Infoway Limited,Mahaveer Infoway Limited,INE019D01016,Z,Active,Equity
539391,ACME,Acme Resources Limited,Acme Resources Limited,INE636B01011,Z,Active,Equity
539393,KCL,Kabra Commercial Limited,Kabra Commercial Limited,INE926E01010,XT,Active,Equity
539398,VISHALBL,Vishal Bearings Limited,Vishal Bearings Limited,INE060T01024,B,Active,Equity
539399,BELLACASA,Bella Casa Fashion & Retail Limited,Bella Casa Fashion & Retail Limited,INE344T01014,B,Active,Equity
539400,MALLCOM,MALLCOM (INDIA) LTD.,MALLCOM (INDIA) LTD.,INE389C01015,B,Active,Equity
539401,PJL,Patdiam Jewellery Limited,Patdiam Jewellery Limited,INE473T01011,M,Active,Equity
539402,NAKSH,Naksh Precious Metals Limited,Naksh Precious Metals Limited,INE256S01012,Z,Active,Equity
539404,SATIN,SATIN CREDITCARE NETWORK LIMITED,SATIN CREDITCARE NETWORK LIMITED,INE836B01017,B,Active,Equity
539405,DITCO,Decorous Investment and Trading Co. Ltd.,Decorous Investment and Trading Co. Ltd.,INE183R01010,X,Active,Equity
539406,SWAGTAM,Swagtam Trading & Services Limited,Swagtam Trading & Services Limited,INE150R01019,X,Active,Equity
539407,GENCON,Generic Engineering Construction and Projects Limited,Generic Engineering Construction and Projects Limited,INE854S01022,B,Active,Equity
539408,KUBERJI,Kuber Udyog Limited,Kuber Udyog Limited,INE594R01018,XT,Active,Equity
539409,NEERAJ,NEERAJ PAPER MARKETING LIMITED,NEERAJ PAPER MARKETING LIMITED,INE894J01019,X,Active,Equity
539428,TEJNAKSH,Tejnaksh Healthcare Limited,Tejnaksh Healthcare Limited,INE030T01027,X,Active,Equity
539434,BRIPORT,Brilliant Portfolios Ltd.,Brilliant Portfolios Ltd.,INE661F01010,X,Active,Equity
539435,RFSL,Richfield Financial Services Ltd.,Richfield Financial Services Ltd.,INE201C01012,X,Active,Equity
539436,COFFEEDAY,Coffee Day Enterprises Limited,Coffee Day Enterprises Limited,INE335K01011,B,Active,Equity
539437,IDFCFIRSTB,IDFC FIRST BANK LIMITED,IDFC FIRST BANK LIMITED,INE092T01019,A,Active,Equity
539448,INDIGO,InterGlobe Aviation Limited,InterGlobe Aviation Limited,INE646L01027,A,Active,Equity
539449,IGCIL,IGC Industries Limited,IGC Industries Limited,INE099S01016,X,Active,Equity
539450,SHK,S H Kelkar and Company Limited,S H Kelkar and Company Limited,INE500L01026,B,Active,Equity
539455,ECOFINITY,ECOFINITY ATOMIX LIMITED,ECOFINITY ATOMIX LIMITED,INE360S01012,X,Active,Equity
539468,TFSL,Typhoon Financial Services Limited,Typhoon Financial Services Limited,INE761R01013,X,Active,Equity
539469,PANORAMA,PANORAMA STUDIOS INTERNATIONAL LIMITED,PANORAMA STUDIOS INTERNATIONAL LIMITED,INE258R01028,B,Active,Equity
539470,SHREEGANES,Shree Ganesh Biotech (India) Limited,Shree Ganesh Biotech (India) Limited,INE051N01026,X,Active,Equity
539479,GTV,GTV Engineering Limited,GTV Engineering Limited,INE910R01024,X,Active,Equity
539480,LICNETFN50,LIC Mutual Fund,LIC Mutual Fund,INF767K01OS7,B,Active,Equity
539487,LICNETFSEN,LIC Mutual Fund,LIC Mutual Fund,INF767K01OT5,B,Active,Equity
539488,TFLL,Tirupati Fin-Lease Ltd.,Tirupati Fin-Lease Ltd.,INE027S01017,XT,Active,Equity
539492,GARBIFIN,Garbi Finvest Limited,Garbi Finvest Limited,INE721C01019,X,Active,Equity
539494,SMARTFIN,Smart Finsec Limited,Smart Finsec Limited,INE766D01020,X,Active,Equity
539495,RAJKOTINV,Rajkot Investment Trust Limited,Rajkot Investment Trust Limited,INE176R01014,X,Active,Equity
539506,ADCON,Adcon Capital Services Limited,Adcon Capital Services Limited,INE805Q01028,X,Active,Equity
539515,QUINT,Quint Digital Limited,Quint Digital Limited,INE641R01017,T,Active,Equity
539516,HDFCNIFTY,HDFC Mutual Fund,HDFC Mutual Fund,INF179KC1965,B,Active,Equity
539517,HDFCSENSEX,HDFC Mutual Fund,HDFC Mutual Fund,INF179KC1HX2,B,Active,Equity
539518,UDAYJEW,Uday Jewellery Industries Limited.,Uday Jewellery Industries Limited.,INE551B01012,B,Active,Equity
539519,TAVEXIA,TAVEXIA LIFECARE LIMITED,TAVEXIA LIFECARE LIMITED,INE280E01038,XT,Active,Equity
539521,NAVIGANT,Navigant Corporate Advisors Limited,Navigant Corporate Advisors Limited,INE364T01012,MT,Active,Equity
539522,GROVY,Grovy India Limited,Grovy India Limited,INE343C01012,XT,Active,Equity
539523,ALKEM,Alkem Laboratories Limited,Alkem Laboratories Limited,INE540L01014,A,Active,Equity
539524,LALPATHLAB,Dr. Lal Pathlabs Limited,Dr. Lal Pathlabs Limited,INE600L01024,A,Active,Equity
539526,SCTL,Suncare Traders Limited,Suncare Traders Limited,INE452S01025,X,Active,Equity
539527,CREATIVE,Creative Castings Limited,Creative Castings Limited,INE146E01015,X,Active,Equity
539528,AAYUSH,AAYUSH WELLNESS LIMITED,AAYUSH WELLNESS LIMITED,INE430R01023,X,Active,Equity
539533,ELITECON,ELITECON INTERNATIONAL LIMITED,ELITECON INTERNATIONAL LIMITED,INE669R01026,B,Active,Equity
539542,LUXIND,LUX Industries Limited,LUX Industries Limited,INE150G01020,B,Active,Equity
539543,VALLEY,Valley Magnesite Company Limited,Valley Magnesite Company Limited,INE834E01016,X,Active,Equity
539544,ABHIINFRA,Abhishek Infraventures Limited,Abhishek Infraventures Limited,INE281P01016,XT,Active,Equity
539545,APOORVA,Apoorva Leasing Finance & Investment Company Limited,Apoorva Leasing Finance & Investment Company Limited,INE217S01014,B,Active,Equity
539546,AGRIBIO,AGRIBIO SPIRITS LIMITED,AGRIBIO SPIRITS LIMITED,INE679E01015,X,Active,Equity
539551,NH,Narayana Hrudayalaya Limited,Narayana Hrudayalaya Limited,INE410P01011,A,Active,Equity
539552,DHVIJAFIN,DHVIJA FINANCE LIMITED,DHVIJA FINANCE LIMITED,INE108T01021,X,Active,Equity
539559,DEEPAI,Deep Health AI India Limited,Deep Health AI India Limited,INE005G01026,XT,Active,Equity
539560,MALTLAND,MALT LAND DISTILLERIES LIMITED,MALT LAND DISTILLERIES LIMITED,INE994N01019,XT,Active,Equity
539561,SUPHA,SUPHA PHARMACHEM LIMITED,SUPHA PHARMACHEM LIMITED,INE549S01036,Z,Active,Equity
539562,AARNAV,AARNAV FASHIONS LIMITED,AARNAV FASHIONS LIMITED,INE750R01016,T,Active,Equity
539593,SHIVA,Shivansh Finserv Limited,Shivansh Finserv Limited,INE728Q01014,XT,Active,Equity
539594,MISHTANN,Mishtann Foods Limited,Mishtann Foods Limited,INE094S01041,X,Active,Equity
539596,DELTA,Delta Industrial Resources Limited,Delta Industrial Resources Limited,INE681Q01015,X,Active,Equity
539598,AMPL,AMPL Capital Limited,AMPL Capital Limited,INE727C01024,X,Active,Equity
539599,KEL,Kotia Enterprises Limited,Kotia Enterprises Limited,INE079C01012,X,Active,Equity
539607,BLUECLOUDS,Blue Cloud Softech Solutions Limited,Blue Cloud Softech Solutions Limited,INE373T01047,B,Active,Equity
539620,KEIL,KANORIA ENERGY AND INFRASTRUCTURE LIMITED,KANORIA ENERGY AND INFRASTRUCTURE LIMITED,INE534E01020,X,Active,Equity
539621,BCLENTERPR,BCL Enterprises Limited,BCL Enterprises Limited,INE368E01023,XT,Active,Equity
539636,PRECAM,Precision Camshafts Limited,Precision Camshafts Limited,INE484I01029,B,Active,Equity
539658,TEAMLEASE,TeamLease Services Limited,TeamLease Services Limited,INE985S01024,B,Active,Equity
539659,KAMATS,VIKRAM KAMATS HOSPITALITY LIMITED,VIKRAM KAMATS HOSPITALITY LIMITED,INE564S01019,B,Active,Equity
539660,BESTAGRO,BEST AGROLIFE LIMITED,BEST AGROLIFE LIMITED,INE052T01021,B,Active,Equity
539661,ACEMEN,ACE MEN ENGG WORKS LIMITED,ACE MEN ENGG WORKS LIMITED,INE023R01018,X,Active,Equity
539662,BFLAFL,BFL Asset Finvest Limited,BFL Asset Finvest Limited,INE948Q01018,X,Active,Equity
539669,RGF,RGF Capital Markets Limited,RGF Capital Markets Limited,INE684D01025,X,Active,Equity
539673,RCL,Radhagobind Commercial Limited,Radhagobind Commercial Limited,INE792P01020,Z,Active,Equity
539678,QUICKHEAL,Quick Heal Technologies Limited,Quick Heal Technologies Limited,INE306L01010,B,Active,Equity
539679,KAPILRAJ,Kapil Raj Finance Ltd.,Kapil Raj Finance Ltd.,INE332Q01023,XT,Active,Equity
539680,GANGAPHARM,Ganga Pharmaceuticals Limited,Ganga Pharmaceuticals Limited,INE615T01017,M,Active,Equity
539681,DAL,dynamic Archistructures Limited,dynamic Archistructures Limited,INE874E01012,X,Active,Equity
539682,MOBAVENUE,Mobavenue AI Tech Limited,Mobavenue AI Tech Limited,INE622Q01027,X,Active,Equity
539683,SHIVKAMAL,Shivkamal Impex Limited,Shivkamal Impex Limited,INE429R01017,XT,Active,Equity
539686,KPEL,K.P. Energy Limited,K.P. Energy Limited,INE127T01021,B,Active,Equity
539691,RGCORP,REAL GROWTH CORPORATION LIMITED,REAL GROWTH CORPORATION LIMITED,INE836D01013,XT,Active,Equity
539692,IFINSER,INTERACTIVE FINANCIAL SERVICES LIMITED,INTERACTIVE FINANCIAL SERVICES LIMITED,INE064T01018,X,Active,Equity
539697,HILIKS,HILIKS TECHNOLOGIES LIMITED,HILIKS TECHNOLOGIES LIMITED,INE966Q01010,XT,Active,Equity
539724,HYPERSOFT,HYPERSOFT TECHNOLOGIES LIMITED,HYPERSOFT TECHNOLOGIES LIMITED,INE039D01014,XT,Active,Equity
539725,GOKULAGRO,Gokul Agro Resources Ltd,Gokul Agro Resources Ltd,INE314T01033,B,Active,Equity
539730,FREDUN,Fredun Pharmaceuticals Limited,Fredun Pharmaceuticals Limited,INE194R01017,B,Active,Equity
539742,SIMBHALS,Simbhaoli Sugars Ltd,Simbhaoli Sugars Ltd,INE748T01016,Z,Active,Equity
539760,RELICAB,Relicab Cable Manufacturing Limited,Relicab Cable Manufacturing Limited,INE773T01014,B,Active,Equity
539761,VKAL,Vantage Knowledge Academy Limited,Vantage Knowledge Academy Limited,INE427T01025,X,Active,Equity
539762,MEAPL,MODERN ENGINEERING AND PROJECTS LIMITED,MODERN ENGINEERING AND PROJECTS LIMITED,INE250S01015,X,Active,Equity
539767,MNIL,Mega Nirman & Industries Limited,Mega Nirman & Industries Limited,INE216Q01010,X,Active,Equity
539770,DARJEELING,DARJEELING INDUSTRIIES LIMITED,DARJEELING INDUSTRIIES LIMITED,INE830S01014,X,Active,Equity
539773,ADVIKCA,Advik Capital Limited,Advik Capital Limited,INE178T01024,B,Active,Equity
539784,LICNFNHGP,LIC Mutual Fund,LIC Mutual Fund,INF767K01PC8,B,Active,Equity
539785,PDMJEPAPER,Pudumjee Paper Products Limited,Pudumjee Paper Products Limited,INE865T01018,B,Active,Equity
539787,HCG,HealthCare Global Enterprises Limited,HealthCare Global Enterprises Limited,INE075I01017,A,Active,Equity
539788,KDML,Khemani Distributors & Marketing Limited,Khemani Distributors & Marketing Limited,INE030U01025,MT,Active,Equity
539798,UMIYA,Umiya Tubes Limited,Umiya Tubes Limited,INE173U01015,X,Active,Equity
539799,BHARATWIRE,Bharat Wire Ropes Limited,Bharat Wire Ropes Limited,INE316L01019,B,Active,Equity
539800,CHDCHEM,CHD Chemicals Limited,CHD Chemicals Limited,INE043U01010,X,Active,Equity
539807,CCAVENUE,AvenuesAI Limited,AvenuesAI Limited,INE483S01020,A,Active,Equity
539814,LELAVOIR,LE LAVOIR LIMITED,LE LAVOIR LIMITED,INE204S01012,X,Active,Equity
539819,MUDRA,Mudra Financial Services Ltd.,Mudra Financial Services Ltd.,INE967S01014,X,Active,Equity
539834,BALGOPAL,Balgopal Commercial limited,Balgopal Commercial limited,INE119R01014,X,Active,Equity
539835,SUPERIOR,Superior Finlease Limited,Superior Finlease Limited,INE574R01028,X,Active,Equity
539837,RPEL,RAGHAV PRODUCTIVITY ENHANCERS LIMITED,RAGHAV PRODUCTIVITY ENHANCERS LIMITED,INE912T01018,B,Active,Equity
539839,FRANKLIN,Franklin Leasing and Finance Limited,Franklin Leasing and Finance Limited,INE399S01010,M,Active,Equity
539841,LANCER,Lancer Container Lines Limited,Lancer Container Lines Limited,INE359U01028,B,Active,Equity
539843,NINSYS,NINtec Systems Limited,NINtec Systems Limited,INE395U01014,B,Active,Equity
539854,HALDER,Halder Venture Limited,Halder Venture Limited,INE115S01010,B,Active,Equity
539864,GHUSHINE,Ghushine Fintrrade Ocean Limited,Ghushine Fintrrade Ocean Limited,INE009U01011,MT,Active,Equity
539871,THYROCARE,Thyrocare Technologies Limited,Thyrocare Technologies Limited,INE594H01019,A,Active,Equity
539872,BAJAJHCARE,Bajaj Healthcare Limited,Bajaj Healthcare Limited,INE411U01027,B,Active,Equity
539875,RSDFIN,RSD Finance Limited,RSD Finance Limited,INE616F01022,T,Active,Equity
539876,CROMPTON,Crompton Greaves Consumer Electricals Limited,Crompton Greaves Consumer Electricals Limited,INE299U01018,A,Active,Equity
539883,PILANIINVS,Pilani Investment And Industries Corporation Limited,Pilani Investment And Industries Corporation Limited,INE417C01014,B,Active,Equity
539884,DARSHANORNA,Darshan Orna Limited,Darshan Orna Limited,INE671T01028,X,Active,Equity
539889,PARAGMILK,Parag Milk Foods Limited,Parag Milk Foods Limited,INE883N01014,A,Active,Equity
539894,MADHAVIPL,Madhav Infra Projects Limited,Madhav Infra Projects Limited,INE631R01026,B,Active,Equity
539895,SPICELOUNG,SPICE LOUNGE FOOD WORKS LIMITED,SPICE LOUNGE FOOD WORKS LIMITED,INE631E01024,B,Active,Equity
539900,DIDL,DALMIA INDUSTRIAL DEVELOPMENT LIMITED,DALMIA INDUSTRIAL DEVELOPMENT LIMITED,INE642P01019,X,Active,Equity
539911,SNIM,Svarnim Trade Udyog Limited,Svarnim Trade Udyog Limited,INE730R01042,X,Active,Equity
539921,SEIL,Shanti Educational Initiatives Limited,Shanti Educational Initiatives Limited,INE440T01028,B,Active,Equity
539922,RGIL,Rotographics (India) Limited,Rotographics (India) Limited,INE364S01022,XT,Active,Equity
539927,LIKHAMI,LIKHAMI CONSULTING LIMITED,LIKHAMI CONSULTING LIMITED,INE920T01011,X,Active,Equity
539938,MIL,Medico Intercontinental Limited,Medico Intercontinental Limited,INE858Q01019,X,Active,Equity
539939,YASHCHEM,Yash Chemex Limited,Yash Chemex Limited,INE571U01010,X,Active,Equity
539945,NV20IETF,ICICI Prudential Mutual Fund,ICICI Prudential Mutual Fund,INF109KC11V0,B,Active,Equity
539946,BAZELINTER,Bazel International Limited,Bazel International Limited,INE217E01014,XT,Active,Equity
539947,JLL,JINDAL LEASEFIN LIMITED,JINDAL LEASEFIN LIMITED,INE919T01013,XT,Active,Equity
539956,TAALTECH,TAAL TECH LIMITED,TAAL TECH LIMITED,INE524T01029,B,Active,Equity
539957,MGL,Mahanagar Gas Limited,Mahanagar Gas Limited,INE002S01010,A,Active,Equity
539963,ZEAL,Zeal Aqua Limited,Zeal Aqua Limited,INE819S01025,X,Active,Equity
539978,QUESS,Quess Corp Limited,Quess Corp Limited,INE615P01015,B,Active,Equity
539979,DIGJAMLMTD,DIGJAM LIMITED,DIGJAM LIMITED,INE731U01028,T,Active,Equity
539980,MIDSELIETF,ICICI Prudential Mutual Fund,ICICI Prudential Mutual Fund,INF109KC10W0,B,Active,Equity
539983,SIDH,SIDH AUTOMOBILES LIMITED,SIDH AUTOMOBILES LIMITED,INE403L01015,XT,Active,Equity
539984,HIIL,HINDUSTHAN INSULATORS and INDUSTRIES LIMITED,HINDUSTHAN INSULATORS and INDUSTRIES LIMITED,INE799B01025,XT,Active,Equity
539985,TITAANIUM,Titaanium Ten Enterprise Limited,Titaanium Ten Enterprise Limited,INE120V01014,M,Active,Equity
539986,COMSYN,Commercial Syn Bags Limited,Commercial Syn Bags Limited,INE073V01015,B,Active,Equity
539991,CFEL,CONFIDENCE FUTURISTIC ENERGETECH LIMITED,CONFIDENCE FUTURISTIC ENERGETECH LIMITED,INE700F01024,T,Active,Equity
539992,LLOYDSENGG,LLOYDS ENGINEERING WORKS LIMITED,LLOYDS ENGINEERING WORKS LIMITED,INE093R01011,A,Active,Equity
539997,KPL,Kwality Pharmaceuticals Limited,Kwality Pharmaceuticals Limited,INE552U01010,B,Active,Equity
540005,LTM,LTM LIMITED,LTM LIMITED,INE214T01019,A,Active,Equity
540006,EASTWEST,EAST WEST FREIGHT CARRIERS LTD,EAST WEST FREIGHT CARRIERS LTD,INE595R01023,B,Active,Equity
540008,BSLSENETFG,Aditya Birla Sun Life Mutual Fund,Aditya Birla Sun Life Mutual Fund,INF209KB10E8,B,Active,Equity
540023,COLORCHIPS,COLORCHIPS NEW MEDIA LIMITED,COLORCHIPS NEW MEDIA LIMITED,INE621I01042,X,Active,Equity
540025,ADVENZYMES,Advanced Enzyme Technologies Limited,Advanced Enzyme Technologies Limited,INE837H01020,B,Active,Equity
540026,LAHL,Ladam Affortable Housing Limited,Ladam Affortable Housing Limited,INE213U01019,X,Active,Equity
540047,DBL,Dilip Buildcon Limited,Dilip Buildcon Limited,INE917M01012,A,Active,Equity
540048,SPAL,S.P. Apparels Limited,S.P. Apparels Limited,INE212I01016,B,Active,Equity
540061,BIGBLOC,Bigbloc Construction Limited,Bigbloc Construction Limited,INE412U01025,B,Active,Equity
540062,GOLDENCREST,Golden Crest Education & Services Limited,Golden Crest Education & Services Limited,INE222U01010,X,Active,Equity
540065,RBLBANK,RBL Bank Limited,RBL Bank Limited,INE976G01028,A,Active,Equity
540066,AMS,AMS POLYMERS LIMITED,AMS POLYMERS LIMITED,INE345U01019,XT,Active,Equity
540072,SHIVAEXPO,Shiva Granito Export Limited,Shiva Granito Export Limited,INE191V01015,MT,Active,Equity
540073,BLS,BLS International Services Ltd,BLS International Services Ltd,INE153T01027,A,Active,Equity
540078,MITSU,Mitsu Chem Plast Limited,Mitsu Chem Plast Limited,INE317V01016,X,Active,Equity
540079,SPRAYKING,Sprayking Limited,Sprayking Limited,INE537U01037,B,Active,Equity
540080,DHATRE,Dhatre Udyog Limited,Dhatre Udyog Limited,INE715T01031,B,Active,Equity
540082,RSTL,Riddhi Steel and Tube Limited,Riddhi Steel and Tube Limited,INE367U01013,MT,Active,Equity
540083,TVVISION,TV VISION LIMITED,TV VISION LIMITED,INE871L01013,T,Active,Equity
540097,GAMCO,GAMCO LIMITED,GAMCO LIMITED,INE890S01026,X,Active,Equity
540115,LTTS,L&T Technology Services Limited,L&T Technology Services Limited,INE010V01017,A,Active,Equity
540124,GNA,G N A Axles Limited,G N A Axles Limited,INE934S01014,B,Active,Equity
540125,RADHIKAJWE,Radhika Jeweltech Limited,Radhika Jeweltech Limited,INE583V01021,T,Active,Equity
540132,SIIL,Sabrimala Industries India Limited,Sabrimala Industries India Limited,INE400R01018,XT,Active,Equity
540133,ICICIPRULI,ICICI Prudential Life Insurance Company Limited,ICICI Prudential Life Insurance Company Limited,INE726G01019,A,Active,Equity
540135,ARCFIN,ARC Finance Limited,ARC Finance Limited,INE202R01026,X,Active,Equity
540136,HPL,HPL Electric & Power Limited,HPL Electric & Power Limited,INE495S01016,B,Active,Equity
540143,SAGARSOFT,Sagarsoft (India) Limited,Sagarsoft (India) Limited,INE184B01012,X,Active,Equity
540144,DRA,DRA CONSULTANTS LIMITED,DRA CONSULTANTS LIMITED,INE746V01016,M,Active,Equity
540145,VALIANTORG,Valiant Organics Limited,Valiant Organics Limited,INE565V01010,B,Active,Equity
540146,ACML,ADITYA CONSUMER MARKETING LIMITED,ADITYA CONSUMER MARKETING LIMITED,INE427V01013,M,Active,Equity
540147,SHASHIJIT,Shashijit Infraprojects Limited,Shashijit Infraprojects Limited,INE700V01021,X,Active,Equity
540148,BINDALEXPO,Bindal Exports Limited,Bindal Exports Limited,INE564V01013,MT,Active,Equity
540150,MHEL,Mewar Hi-Tech Engineering Limited,Mewar Hi-Tech Engineering Limited,INE957U01011,MT,Active,Equity
540151,DIKSAT,Diksat Transworld Limited,Diksat Transworld Limited,INE942P01013,MT,Active,Equity
540153,ENDURANCE,Endurance Technologies Limited,Endurance Technologies Limited,INE913H01037,A,Active,Equity
540154,IDFSENSEXE,Bandhan Mutual Fund,Bandhan Mutual Fund,INF194KA1T91,B,Active,Equity
540159,PURPLE,PURPLE AGROTECH INDUSTRIES LIMITED,PURPLE AGROTECH INDUSTRIES LIMITED,INE905R01016,X,Active,Equity
540168,SUPRAPFSL,Supra Pacific Financial Services Limited,Supra Pacific Financial Services Limited,INE268T01015,X,Active,Equity
540173,PNBHOUSING,PNB Housing Finance Limited,PNB Housing Finance Limited,INE572E01012,A,Active,Equity
540174,SOUTHERNIN,SOUTHERN INFOCONSULTANTS LIMITED,SOUTHERN INFOCONSULTANTS LIMITED,INE298B01010,X,Active,Equity
540175,REGENCY,REGENCY FINCORP LIMITED,REGENCY FINCORP LIMITED,INE964R01013,X,Active,Equity
540180,VBL,Varun Beverages Limited,Varun Beverages Limited,INE200M01039,A,Active,Equity
540181,SALEM,Salem Erode Investments Ltd.,Salem Erode Investments Ltd.,INE894E01028,X,Active,Equity
540189,UPROTECH,Unipro Technologies Limited,Unipro Technologies Limited,INE448F01012,XT,Active,Equity
540190,FRANKLININD,Franklin Industries Limited,Franklin Industries Limited,INE789R01022,X,Active,Equity
540192,LKPSEC,LKP Securities Limited,LKP Securities Limited,INE341H01023,B,Active,Equity
540198,OSIAJEE,OSIAJEE TEXFAB LIMITED,OSIAJEE TEXFAB LIMITED,INE186R01013,X,Active,Equity
540199,CMBL,Corporate Merchant Bankers Limited,Corporate Merchant Bankers Limited,INE850R01014,X,Active,Equity
540203,SFL,Sheela Foam Limited,Sheela Foam Limited,INE916U01025,A,Active,Equity
540204,EIKO,EIKO LIFESCIENCES LIMITED,EIKO LIFESCIENCES LIMITED,INE666Q01016,X,Active,Equity
540205,AVL,Aditya Vision Limited,Aditya Vision Limited,INE679V01027,A,Active,Equity
540210,HEADSUP,Heads UP Ventures Limited,Heads UP Ventures Limited,INE759V01019,B,Active,Equity
540212,TCIEXP,TCI Express Limited,TCI Express Limited,INE586V01016,B,Active,Equity
540221,SHASHANK,Shashank Traders Limited,Shashank Traders Limited,INE508R01018,X,Active,Equity
540222,LAURUSLABS,Laurus Labs Limited,Laurus Labs Limited,INE947Q01028,A,Active,Equity
540243,NEWLIGHT,NEW LIGHT INDUSTRIES LIMITED,NEW LIGHT INDUSTRIES LIMITED,INE835U01027,XT,Active,Equity
540252,VSL,Viram Suvarn Limited,Viram Suvarn Limited,INE607V01028,B,Active,Equity
540254,MTPL,MARG TECHNO PROJECTS LIMITED,MARG TECHNO PROJECTS LIMITED,INE245H01018,XT,Active,Equity
540259,SHANGAR,SHANGAR DECOR LIMITED,SHANGAR DECOR LIMITED,INE118R01032,X,Active,Equity
540266,GLCL,Globe Commercials Limited,Globe Commercials Limited,INE804Q01013,X,Active,Equity
540267,FLORACORP,Flora Corporation Limited,Flora Corporation Limited,INE318U01016,X,Active,Equity
540268,TRU,TruCap Finance Limited,TruCap Finance Limited,INE615R01029,B,Active,Equity
540269,SKL,SUPER FINE KNITTERS LIMITED,SUPER FINE KNITTERS LIMITED,INE459U01018,MT,Active,Equity
540270,RAIDEEPIND,Raideep Industries Limited,Raideep Industries Limited,INE923R01019,XT,Active,Equity
540293,PRICOLLTD,Pricol Limited,Pricol Limited,INE726V01018,A,Active,Equity
540310,CFL,Classic Filaments Limited,Classic Filaments Limited,INE181U01018,XT,Active,Equity
540311,JITFINFRA,JITF INFRALOGISTICS LIMITED,JITF INFRALOGISTICS LIMITED,INE863T01013,B,Active,Equity
540318,SUERYAAKNI,Sueryaa Knitwear Limited,Sueryaa Knitwear Limited,INE249U01013,XT,Active,Equity
540332,TANVI,Tanvi Foods (India) Limited,Tanvi Foods (India) Limited,INE978V01015,M,Active,Equity
540358,RMC,RMC SWITCHGEARS LIMITED,RMC SWITCHGEARS LIMITED,INE655V01019,B,Active,Equity
540360,LLFICL,LEADING LEASING FINANCE AND INVESTMENT CO. LIMITED,LEADING LEASING FINANCE AND INVESTMENT CO. LIMITED,INE715Q01029,T,Active,Equity
540361,DANUBE,DANUBE INDUSTRIES LIMITED,DANUBE INDUSTRIES LIMITED,INE575D01041,X,Active,Equity
540366,RADIOCITY,Music Broadcast Limited,Music Broadcast Limited,INE919I01024,B,Active,Equity
540376,DMART,Avenue Supermarts Limited,Avenue Supermarts Limited,INE192R01011,A,Active,Equity
540377,IFL,IFL ENTERPRISES LIMITED,IFL ENTERPRISES LIMITED,INE714U01024,B,Active,Equity
540386,ONTIC,Ontic Finserve Limited,Ontic Finserve Limited,INE989S01042,XT,Active,Equity
540393,SMLT,Sarthak Metals Limited,Sarthak Metals Limited,INE017W01010,B,Active,Equity
540395,CHEMCRUX,Chemcrux Enterprises Limited,Chemcrux Enterprises Limited,INE298W01016,B,Active,Equity
540396,MANOMAY,Manomay Tex India Limited,Manomay Tex India Limited,INE784W01015,B,Active,Equity
540401,MAXIMUS,Maximus International Limited,Maximus International Limited,INE544W01021,X,Active,Equity
540402,MANAS,Manas Properties Limited,Manas Properties Limited,INE800W01019,MT,Active,Equity
540403,CLEDUCATE,CL Educate Limited,CL Educate Limited,INE201M01029,B,Active,Equity
540404,PRIMEFRESH,PRIME FRESH LIMITED,PRIME FRESH LIMITED,INE442V01012,B,Active,Equity
540405,OCEANIC,Oceanic Foods Limited,Oceanic Foods Limited,INE711V01010,X,Active,Equity
540416,OCTAWARE,Octaware Technologies Limited,Octaware Technologies Limited,INE208U01019,M,Active,Equity
540425,SHANKARA,Shankara Building Products Limited,Shankara Building Products Limited,INE274V01019,B,Active,Equity
540455,ESCORP,Escorp Asset Management Limited,Escorp Asset Management Limited,INE953W01016,B,Active,Equity
540467,PARMSILK,PARMESHWARI SILK MILLS LIMITED,PARMESHWARI SILK MILLS LIMITED,INE808R01012,XT,Active,Equity
540468,KMSMEDI,KMS Medisurgi Limited,KMS Medisurgi Limited,INE870V01014,MT,Active,Equity
540481,CLFL,Classic Leasing & Finance Ltd.,Classic Leasing & Finance Ltd.,INE949C01016,X,Active,Equity
540492,STARLENT,STARLINEPS ENTERPRISES LIMITED,STARLINEPS ENTERPRISES LIMITED,INE594W01042,B,Active,Equity
540497,SCHAND,S Chand And Company Limited,S Chand And Company Limited,INE807K01035,B,Active,Equity
540515,KANUNGO,KANUNGO FINANCIERS LIMITED,KANUNGO FINANCIERS LIMITED,INE453S01015,XT,Active,Equity
540519,MEERA,Meera Industries Limited,Meera Industries Limited,INE343X01026,B,Active,Equity
540530,HUDCO,Housing &Urban Development Corporation Ltd.,Housing &Urban Development Corporation Ltd.,INE031A01017,A,Active,Equity
540544,PSPPROJECT,PSP Projects Limited,PSP Projects Limited,INE488V01015,B,Active,Equity
540545,GKL,GURU KRUPA GEMS AND JEWELLERY LIMITED,GURU KRUPA GEMS AND JEWELLERY LIMITED,INE986W01016,XT,Active,Equity
540550,YUG,Yug Decor Limited,Yug Decor Limited,INE796W01019,M,Active,Equity
540570,VARIMAN,VARIMAN GLOBAL ENTERPRISES LIMITED,VARIMAN GLOBAL ENTERPRISES LIMITED,INE717F01028,X,Active,Equity
540575,STARCEMENT,Star Cement Limited,Star Cement Limited,INE460H01021,B,Active,Equity
540590,RIDDHICORP,Riddhi Corporate Services Limited,Riddhi Corporate Services Limited,INE325X01015,X,Active,Equity
540595,TEJASNET,Tejas Networks Limited,Tejas Networks Limited,INE010J01012,A,Active,Equity
540596,ERIS,Eris Lifesciences Limited,Eris Lifesciences Limited,INE406M01024,A,Active,Equity
540597,CONTAINER,Containerway International Limited,Containerway International Limited,INE319U01022,X,Active,Equity
540602,GTPL,GTPL Hathway Limited,GTPL Hathway Limited,INE869I01013,B,Active,Equity
540611,AUBANK,AU Small Finance Bank Limited,AU Small Finance Bank Limited,INE949L01017,A,Active,Equity
540612,LOWVOLIETF,ICICI Prudential Mutual Fund,ICICI Prudential Mutual Fund,INF109KC19U5,B,Active,Equity
540613,GEL,Gautam Exim Limited,Gautam Exim Limited,INE721X01023,M,Active,Equity
540615,7NR,7NR Retail Limited,7NR Retail Limited,INE413X01035,XT,Active,Equity
540642,SALASAR,Salasar Techno Engineering Limited,Salasar Techno Engineering Limited,INE170V01027,B,Active,Equity
540647,GANGESSECU,Ganges Securities Ltd.,Ganges Securities Ltd.,INE335W01016,B,Active,Equity
540648,PALASHSECU,Palash Securities Limited,Palash Securities Limited,INE471W01019,B,Active,Equity
540649,AVADHSUGAR,AVADH SUGAR & ENERGY LIMITED,AVADH SUGAR & ENERGY LIMITED,INE349W01017,B,Active,Equity
540650,MAGADSUGAR,Magadh Sugar & Energy Limited,Magadh Sugar & Energy Limited,INE347W01011,B,Active,Equity
540651,JIGAR,Jigar Cables Limited,Jigar Cables Limited,INE943X01015,M,Active,Equity
540652,CTCL,Captain Technocast Limited,Captain Technocast Limited,INE931X01010,MT,Active,Equity
540654,GSTL,GlobalSpace Technologies Limited,GlobalSpace Technologies Limited,INE632W01016,X,Active,Equity
540669,NEXT50BETA,UTI Mutual Fund,UTI Mutual Fund,INF789F1AUW9,B,Active,Equity
540673,SIS,SIS LIMITED,SIS LIMITED,INE285J01028,B,Active,Equity
540678,COCHINSHIP,Cochin Shipyard Limited,Cochin Shipyard Limited,INE704P01025,A,Active,Equity
540679,HALEOSLABS,HALEOS LABS LIMITED,HALEOS LABS LIMITED,INE320X01016,B,Active,Equity
540680,KIOCL,KIOCL Limited,KIOCL Limited,INE880L01014,B,Active,Equity
540681,CHOTHANI,CHOTHANI FOODS LIMITED,CHOTHANI FOODS LIMITED,INE344X01016,MT,Active,Equity
540686,SMRUTHIORG,Smruthi Organics Limited,Smruthi Organics Limited,INE172E01011,X,Active,Equity
540691,ABCAPITAL,Aditya Birla Capital Ltd,Aditya Birla Capital Ltd,INE674K01013,A,Active,Equity
540692,APEX,Apex Frozen Foods Limited,Apex Frozen Foods Limited,INE346W01013,B,Active,Equity
540693,SHISHIND,Shish Industries Limited,Shish Industries Limited,INE145Y01023,X,Active,Equity
540694,ANG,ANG Lifesciences India Limited,ANG Lifesciences India Limited,INE236W01016,T,Active,Equity
540696,KCDGROUP,KCD INDUSTRIES INDIA LIMITED,KCD INDUSTRIES INDIA LIMITED,INE185U01035,XT,Active,Equity
540699,DIXON,Dixon Technologies (India) Limited,Dixon Technologies (India) Limited,INE935N01020,A,Active,Equity
540700,BRNL,Bharat Road Network Limited,Bharat Road Network Limited,INE727S01012,B,Active,Equity
540701,DCAL,Dishman Carbogen Amcis Limited,Dishman Carbogen Amcis Limited,INE385W01011,B,Active,Equity
540703,PROCLB,PRO CLB GLOBAL LIMITED,PRO CLB GLOBAL LIMITED,INE438C01010,XT,Active,Equity
540704,MATRIMONY,Matrimony.com Limited,Matrimony.com Limited,INE866R01028,B,Active,Equity
540709,RHFL,Reliance Home Finance Limited,Reliance Home Finance Limited,INE217K01011,Z,Active,Equity
540710,CAPACITE,Capacite Infraprojects Limited,Capacite Infraprojects Limited,INE264T01014,B,Active,Equity
540716,ICICIGI,ICICI Lombard General Insurance Company Limited,ICICI Lombard General Insurance Company Limited,INE765G01017,A,Active,Equity
540717,PQIF,Polo Queen Industrial and Fintech Limited,Polo Queen Industrial and Fintech Limited,INE689M01025,X,Active,Equity
540718,AAYUSHBULL,AAYUSH ART AND BULLION LIMITED,AAYUSH ART AND BULLION LIMITED,INE777X01017,M,Active,Equity
540719,SBILIFE,SBI Life Insurance Company Limited,SBI Life Insurance Company Limited,INE123W01016,A,Active,Equity
540724,DIAMONDYD,Prataap Snacks Limited,Prataap Snacks Limited,INE393P01035,B,Active,Equity
540725,SHAREINDIA,Share India Securities Limited,Share India Securities Limited,INE932X01026,B,Active,Equity
540726,TTFL,Trident Texofab Limited,Trident Texofab Limited,INE071Y01013,X,Active,Equity
540727,POOJA,Poojawestern Metaliks Limited,Poojawestern Metaliks Limited,INE973X01012,B,Active,Equity
540728,SAYAJIIND,Sayaji Industries Limited,Sayaji Industries Limited,INE327G01032,B,Active,Equity
540729,VANTABIO,Vanta Bioscience Limited,Vanta Bioscience Limited,INE695X01011,M,Active,Equity
540730,MEHAI,Mehai Technology  Limited,Mehai Technology  Limited,INE062Y01020,X,Active,Equity
540735,IRIS,IRIS RegTech Solutions Limited,IRIS RegTech Solutions Limited,INE864K01010,B,Active,Equity
540737,SGRL,Shree Ganesh Remedies Limited,Shree Ganesh Remedies Limited,INE414Y01015,B,Active,Equity
540738,STL,Shreeji Translogistics Limited,Shreeji Translogistics Limited,INE402Y01028,B,Active,Equity
540743,GODREJAGRO,Godrej Agrovet Limited,Godrej Agrovet Limited,INE850D01014,A,Active,Equity
540749,MASFIN,MAS Financial Services Limited,MAS Financial Services Limited,INE348L01012,B,Active,Equity
540750,IEX,Indian Energy Exchange Limited,Indian Energy Exchange Limited,INE022Q01020,A,Active,Equity
540755,GICRE,General Insurance Corporation of India,General Insurance Corporation of India,INE481Y01014,A,Active,Equity
540756,KAARYAFSL,Kaarya Facilities and Services Limited,Kaarya Facilities and Services Limited,INE282Y01016,M,Active,Equity
540757,SCPL,SHEETAL COOL PRODUCTS LIMITED,SHEETAL COOL PRODUCTS LIMITED,INE501Y01019,T,Active,Equity
540762,TIINDIA,Tube Investments of India Ltd,Tube Investments of India Ltd,INE974X01010,A,Active,Equity
540767,NAM-INDIA,NIPPON LIFE INDIA ASSET MANAGEMENT LIMITED,NIPPON LIFE INDIA ASSET MANAGEMENT LIMITED,INE298J01013,A,Active,Equity
540768,MAHLOG,Mahindra Logistics Limited,Mahindra Logistics Limited,INE766P01016,B,Active,Equity
540769,NIACL,The New India Assurance Company Limited,The New India Assurance Company Limited,INE470Y01017,A,Active,Equity
540774,IFGLEXPOR,IFGL Refractories Limited,IFGL Refractories Limited,INE133Y01011,B,Active,Equity
540775,KHADIM,Khadim India Limited,Khadim India Limited,INE834I01025,T,Active,Equity
540776,5PAISA,5paisa Capital Limited,5paisa Capital Limited,INE618L01018,B,Active,Equity
540777,HDFCLIFE,HDFC LIFE INSURANCE COMPANY LIMITED,HDFC LIFE INSURANCE COMPANY LIMITED,INE795G01014,A,Active,Equity
540782,SBRANDS,Sanghvi Brands Limited,Sanghvi Brands Limited,INE204Y01010,M,Active,Equity
540786,SHARIKA,SHARIKA ENTERPRISES LIMITED,SHARIKA ENTERPRISES LIMITED,INE669Y01022,B,Active,Equity
540787,ICICIB22,ICICI Prudential Mutual Fund,ICICI Prudential Mutual Fund,INF109KB15Y7,B,Active,Equity
540788,ASPIRA,Aspira Pathlab & Diagnostics Limited,Aspira Pathlab & Diagnostics Limited,INE500C01017,X,Active,Equity
540789,DNAMEDIA,Diligent Media Corporation Limited,Diligent Media Corporation Limited,INE016M01021,B,Active,Equity
540795,DYCL,Dynamic Cables Limited,Dynamic Cables Limited,INE600Y01019,B,Active,Equity
540796,RATNABHUMI,Ratnabhumi Developers Limited,Ratnabhumi Developers Limited,INE821Y01011,B,Active,Equity
540797,SHALBY,Shalby Limited,Shalby Limited,INE597J01018,B,Active,Equity
540809,MRCAGRO,MRC AGROTECH LIMITED,MRC AGROTECH LIMITED,INE333Y01017,B,Active,Equity
540811,DML,Diggi Multitrade Limited,Diggi Multitrade Limited,INE158R01012,M,Active,Equity
540821,CRYSTAL,CRYSTAL BUSINESS SYSTEM LIMITED,CRYSTAL BUSINESS SYSTEM LIMITED,INE994R01028,X,Active,Equity
540824,ASTRON,Astron Paper & Board Mill Limited,Astron Paper & Board Mill Limited,INE646X01014,Z,Active,Equity
540829,CHANDRIMA,Chandrima Mercantiles limited,Chandrima Mercantiles limited,INE371F01024,XT,Active,Equity
540843,RITHWIKFMS,Rithwik Facility Management Services Limited,Rithwik Facility Management Services Limited,INE819Y01015,MT,Active,Equity
540850,JFL,Jhandewalas Foods Limited,Jhandewalas Foods Limited,INE841Y01019,M,Active,Equity
540874,7SEASL,7SEAS ENTERTAINMENT LIMITED,7SEAS ENTERTAINMENT LIMITED,INE454F01010,X,Active,Equity
540879,APOLLO,Apollo Micro Systems Limited,Apollo Micro Systems Limited,INE713T01028,A,Active,Equity
540900,NEWGEN,Newgen Software Technologies Limited,Newgen Software Technologies Limited,INE619B01017,A,Active,Equity
540901,PRAXIS,Praxis Home Retail Limited,Praxis Home Retail Limited,INE546Y01022,B,Active,Equity
540902,AMBER,Amber Enterprises India Limited,Amber Enterprises India Limited,INE371P01015,A,Active,Equity
540904,TIRUFOAM,TIRUPATI FOAM LIMITED,TIRUPATI FOAM LIMITED,INE115G01015,XT,Active,Equity
540914,SRUSTEELS,SRU Steels Limited,SRU Steels Limited,INE425C01017,X,Active,Equity
540923,ASHOKAMET,Ashoka Metcast Limited,Ashoka Metcast Limited,INE760Y01011,B,Active,Equity
540935,GALAXYSURF,Galaxy Surfactants Limited,Galaxy Surfactants Limited,INE600K01018,B,Active,Equity
540936,GGL,Gautam Gems Limited,Gautam Gems Limited,INE063Z01017,X,Active,Equity
540937,MEDICO,MEDICO REMEDIES LIMITED,MEDICO REMEDIES LIMITED,INE630Y01024,B,Active,Equity
540938,GUJHYSPIN,Gujarat Hy-Spin Limited,Gujarat Hy-Spin Limited,INE578V01013,M,Active,Equity
540952,LAL,LORENZINI APPARELS LIMITED,LORENZINI APPARELS LIMITED,INE740X01023,B,Active,Equity
540953,KENVI,Kenvi Jewels Limited,Kenvi Jewels Limited,INE923Y01023,B,Active,Equity
540954,IWP,The Indian Wood Products Co. Ltd.,The Indian Wood Products Co. Ltd.,INE586E01020,B,Active,Equity
540955,TDSL,Tasty Dairy Specialities Limited,Tasty Dairy Specialities Limited,INE773Y01014,Z,Active,Equity
540956,BHATIA,Bhatia Communications & Retail (India) Limited,Bhatia Communications & Retail (India) Limited,INE341Z01025,X,Active,Equity
540961,SHIVAMILLS,Shiva Mills Limited,Shiva Mills Limited,INE644Y01017,B,Active,Equity
540975,ASTERDM,ASTER DM QUALITY CARE LIMITED,ASTER DM QUALITY CARE LIMITED,INE914M01019,A,Active,Equity
540980,YSL,The Yamuna Syndicate Ltd,The Yamuna Syndicate Ltd,INE868X01014,X,Active,Equity
541005,KANCOTEA,KANCO TEA & INDUSTRIES LIMITED,KANCO TEA & INDUSTRIES LIMITED,INE398L01017,B,Active,Equity
541006,ANGEL,Angel Fibers Limited,Angel Fibers Limited,INE339Z01011,M,Active,Equity
541019,HGINFRA,H.G. Infra Engineering Limited,H.G. Infra Engineering Limited,INE926X01010,B,Active,Equity
541083,INFLAME,Inflame Appliances Limited,Inflame Appliances Limited,INE464Z01017,M,Active,Equity
541096,BPLPHARMA,Bharat Parenterals Limited,Bharat Parenterals Limited,INE365Y01019,B,Active,Equity
541112,SHREESHAY,Shreeshay Engineers Limited,Shreeshay Engineers Limited,INE452Z01012,M,Active,Equity
541133,ACFL,APEX CAPITAL AND FINANCE LIMITED,APEX CAPITAL AND FINANCE LIMITED,INE758W01019,XT,Active,Equity
541143,BDL,Bharat Dynamics Limited,Bharat Dynamics Limited,INE171Z01026,A,Active,Equity
541144,ACTIVE,Active Clothing Co  Limited,Active Clothing Co  Limited,INE380Z01015,B,Active,Equity
541152,GOYALALUM,GOYAL ALUMINIUMS LIMITED,GOYAL ALUMINIUMS LIMITED,INE705X01026,B,Active,Equity
541153,BANDHANBNK,Bandhan Bank Limited,Bandhan Bank Limited,INE545U01014,A,Active,Equity
541154,HAL,Hindustan Aeronautics Limited,Hindustan Aeronautics Limited,INE066F01020,A,Active,Equity
541161,DHARAN,DHARAN INFRA-EPC LIMITED,DHARAN INFRA-EPC LIMITED,INE278R01034,Z,Active,Equity
541163,SANDHAR,Sandhar Technologies Limited,Sandhar Technologies Limited,INE278H01035,B,Active,Equity
541167,YASHO,YASHO INDUSTRIES LIMITED,YASHO INDUSTRIES LIMITED,INE616Z01012,B,Active,Equity
541178,BENARA,Benara Bearings and Pistons Limited,Benara Bearings and Pistons Limited,INE495Z01011,MT,Active,Equity
541195,MIDHANI,Mishra Dhatu Nigam Limited,Mishra Dhatu Nigam Limited,INE099Z01011,A,Active,Equity
541196,LEX,Lex Nimble Solutions Limited,Lex Nimble Solutions Limited,INE860Y01019,MT,Active,Equity
541206,OBCL,OBCL Limited,OBCL Limited,INE426Z01016,B,Active,Equity
541228,TRL,Taylormade Renewables Limited,Taylormade Renewables Limited,INE459Z01017,T,Active,Equity
541233,LEMONTREE,Lemon Tree Hotels Limited,Lemon Tree Hotels Limited,INE970X01018,A,Active,Equity
541269,CHEMFAB,Chemfab Alkalis Ltd,Chemfab Alkalis Ltd,INE783X01023,B,Active,Equity
541276,HARDWYN,HARDWYN INDIA LIMITED,HARDWYN INDIA LIMITED,INE626Z01029,B,Active,Equity
541299,DLCL,DR LALCHANDANI LABS LIMITED,DR LALCHANDANI LABS LIMITED,INE871Z01013,M,Active,Equity
541301,ORIENTELEC,Orient Electric Limited,Orient Electric Limited,INE142Z01019,B,Active,Equity
541302,DHRUV,Dhruv Consultancy Services Limited,Dhruv Consultancy Services Limited,INE506Z01015,B,Active,Equity
541303,AKSHAR,Akshar Spintex Limited,Akshar Spintex Limited,INE256Z01025,B,Active,Equity
541304,INDOUS,Indo US Bio-Tech Limited,Indo US Bio-Tech Limited,INE250Z01010,B,Active,Equity
541313,BSE500IETF,ICICI Prudential Mutual Fund,ICICI Prudential Mutual Fund,INF109KC1V59,B,Active,Equity
541336,INDOSTAR,IndoStar Capital Finance Limited,IndoStar Capital Finance Limited,INE896L01010,B,Active,Equity
541337,MILEFUR,Milestone Furniture Limited,Milestone Furniture Limited,INE424Z01011,MT,Active,Equity
541338,UHZAVERI,U. H. ZAVERI LIMITED,U. H. ZAVERI LIMITED,INE556Z01010,B,Active,Equity
541347,PARVATI,Parvati Sweetners and Power Ltd.,Parvati Sweetners and Power Ltd.,INE295Z01015,XT,Active,Equity
541352,MEGASTAR,Megastar Foods Limited,Megastar Foods Limited,INE00EM01016,B,Active,Equity
541353,INNOVATORS,Innovators Facade Systems Limited,Innovators Facade Systems Limited,INE870Z01015,M,Active,Equity
541358,UCIL,UNIFINZ CAPITAL INDIA LIMITED,UNIFINZ CAPITAL INDIA LIMITED,INE926R01012,XT,Active,Equity
541400,ZIMLAB,ZIM Laboratories Limited,ZIM Laboratories Limited,INE518E01015,B,Active,Equity
541402,AFFORDABLE,Affordable Robotic & Automation Limited,Affordable Robotic & Automation Limited,INE692Z01013,B,Active,Equity
541403,DOLLAR,Dollar Industries Limited,Dollar Industries Limited,INE325C01035,B,Active,Equity
541418,NGIL,NAKODA GROUP OF INDUSTRIES LIMITED,NAKODA GROUP OF INDUSTRIES LIMITED,INE236Y01012,B,Active,Equity
541444,PALMJEWELS,Palm Jewels Limited,Palm Jewels Limited,INE838Z01012,X,Active,Equity
541445,WAA,Waa Solar Limited,Waa Solar Limited,INE799N01012,M,Active,Equity
541450,ADANIGREEN,Adani Green Energy Limited,Adani Green Energy Limited,INE364U01010,A,Active,Equity
541503,UNICK,Unick Fix-A- Form and Printers Limited,Unick Fix-A- Form and Printers Limited,INE250G01010,X,Active,Equity
541540,SOLARA,SOLARA ACTIVE PHARMA SCIENCES LIMITED,SOLARA ACTIVE PHARMA SCIENCES LIMITED,INE624Z01016,B,Active,Equity
541546,GAYAHWS,GAYATRI HIGHWAYS LTD,GAYATRI HIGHWAYS LTD,INE287Z01012,B,Active,Equity
541556,RITES,RITES Limited,RITES Limited,INE320J01015,A,Active,Equity
541557,FINEORG,Fine Organic Industries Limited,Fine Organic Industries Limited,INE686Y01026,A,Active,Equity
541578,VARROC,Varroc Engineering Limited,Varroc Engineering Limited,INE665L01035,A,Active,Equity
541601,RAJNISH,Rajnish Wellness Limited,Rajnish Wellness Limited,INE685Z01033,B,Active,Equity
541627,GUJWIND,Gujarat Winding Systems Limited,Gujarat Winding Systems Limited,INE173V01013,XT,Active,Equity
541633,STRAEXPO,Sophia Traexpo Limited,Sophia Traexpo Limited,INE268X01017,XT,Active,Equity
541634,RAWEDGE,Raw Edge Industrial Solutions Limited,Raw Edge Industrial Solutions Limited,INE960Z01014,B,Active,Equity
541701,SUPERSHAKT,Supershakti Metaliks Limited,Supershakti Metaliks Limited,INE00SY01011,M,Active,Equity
541702,ASHNI,Ashnisha Industries Limited,Ashnisha Industries Limited,INE694W01024,XT,Active,Equity
541703,RACONTEUR,RACONTEUR GLOBAL RESOURCES LIMITED,RACONTEUR GLOBAL RESOURCES LIMITED,INE00WY01013,M,Active,Equity
541729,HDFCAMC,HDFC Asset Management Company Limited,HDFC Asset Management Company Limited,INE127D01025,A,Active,Equity
541735,VIVANTA,Vivanta Industries Limited,Vivanta Industries Limited,INE299W01022,X,Active,Equity
541741,FRATELLI,Fratelli Vineyards Limited,Fratelli Vineyards Limited,INE401Z01019,XT,Active,Equity
541770,CREDITACC,CreditAccess Grameen Ltd.,CreditAccess Grameen Ltd.,INE741K01010,A,Active,Equity
541771,AMINTAN,AMIN TANNERY LIMITED,AMIN TANNERY LIMITED,INE572Z01017,XT,Active,Equity
541778,DEEP,Deep Polymers Limited,Deep Polymers Limited,INE00IY01012,T,Active,Equity
541799,SMEL,Sungold Media and Entertainment Limited,Sungold Media and Entertainment Limited,INE266S01011,MT,Active,Equity
541809,NEXT50IETF,ICICI Prudential Mutual Fund,ICICI Prudential Mutual Fund,INF109KC1NS5,B,Active,Equity
541865,ASRL,Add-Shop E-Retail Limited,Add-Shop E-Retail Limited,INE01B501018,X,Active,Equity
541890,SPACEINCUBA,Space Incubatrics Technologies Limited,Space Incubatrics Technologies Limited,INE797Z01028,XT,Active,Equity
541929,SGIL,Synergy Green Industries Limited,Synergy Green Industries Limited,INE00QT01015,B,Active,Equity
541945,RANJEET,Ranjeet Mechatronics Limited,Ranjeet Mechatronics Limited,INE01A501027,M,Active,Equity
541956,IRCON,IRCON International Ltd,IRCON International Ltd,INE962Y01021,A,Active,Equity
541967,SKYGOLD,Sky Gold And Diamonds Limited,Sky Gold And Diamonds Limited,INE01IU01018,A,Active,Equity
541972,SETFSN50,SBI Mutual Fund,SBI Mutual Fund,INF200KA1VQ2,B,Active,Equity
541973,MACH,Mac Hotels Limited,Mac Hotels Limited,INE004Z01011,M,Active,Equity
541974,MANORAMA,Manorama Industries Limited,Manorama Industries Limited,INE00VM01036,A,Active,Equity
541983,INNOVATIVE,Innovative Ideals and Services (India) Limited,Innovative Ideals and Services (India) Limited,INE492Y01011,M,Active,Equity
541988,AAVAS,AAVAS Financiers Limited,AAVAS Financiers Limited,INE216P01012,A,Active,Equity
542011,GRSE,Garden Reach Shipbuilders & Engineers Limited,Garden Reach Shipbuilders & Engineers Limited,INE382Z01011,A,Active,Equity
542012,A1L,A-1 LIMITED,A-1 LIMITED,INE911Z01025,T,Active,Equity
542013,DOLFIN,Dolfin Rubbers Limited,Dolfin Rubbers Limited,INE666Y01010,B,Active,Equity
542019,SHUBHAM,Shubham Polyspin Limited,Shubham Polyspin Limited,INE01J501010,X,Active,Equity
542020,AKI,AKI India Limited,AKI India Limited,INE642Z01026,T,Active,Equity
542025,SUNRETAIL,Sun Retail Limited,Sun Retail Limited,INE206Z01020,MT,Active,Equity
542034,SMGOLD,S. M. Gold Limited,S. M. Gold Limited,INE00Q901014,B,Active,Equity
542046,VIVIDM,VIVID MERCANTILE LIMITED,VIVID MERCANTILE LIMITED,INE647Z01025,B,Active,Equity
542057,BCPL,BCPL Railway Infrastructure Limited,BCPL Railway Infrastructure Limited,INE00SW01015,B,Active,Equity
542066,ATGL,ADANI TOTAL GAS LIMITED,ADANI TOTAL GAS LIMITED,INE399L01023,A,Active,Equity
542123,PHOSPHATE,The Phosphate Company Limited,The Phosphate Company Limited,INE398C01016,X,Active,Equity
542131,NIFTYETF,Mirae Asset Mutual Fund,Mirae Asset Mutual Fund,INF769K01EG9,B,Active,Equity
542141,TECHNOE,Techno Electric & Engineering Company Limited,Techno Electric & Engineering Company Limited,INE285K01026,A,Active,Equity
542145,RONI,Roni Households Limited,Roni Households Limited,INE02AP01013,MT,Active,Equity
542146,SKIFL,Shree Krishna Infrastructure Limited,Shree Krishna Infrastructure Limited,INE951Z01013,M,Active,Equity
542155,DGL,Diksha Greens Limited,Diksha Greens Limited,INE01GR01018,MT,Active,Equity
542176,ARYAN,Aryan Share & Stock Brokers Ltd.,Aryan Share & Stock Brokers Ltd.,INE016X01010,X,Active,Equity
542206,NIVAKA,NIVAKA FASHIONS LIMITED,NIVAKA FASHIONS LIMITED,INE139E01028,XT,Active,Equity
542216,DALBHARAT,DALMIA BHARAT LIMITED,DALMIA BHARAT LIMITED,INE00R701025,A,Active,Equity
542230,ABSLNN50ET,Aditya Birla Sun Life Mutual Fund,Aditya Birla Sun Life Mutual Fund,INF209KB16D7,B,Active,Equity
542231,NILASPACES,Nila Spaces Ltd,Nila Spaces Ltd,INE00S901012,B,Active,Equity
542232,SRD,Shankar Lal Rampal Dye-Chem Limited,Shankar Lal Rampal Dye-Chem Limited,INE01NE01012,B,Active,Equity
542233,TREJHARA,Trejhara Solutions Limited,Trejhara Solutions Limited,INE00CA01015,B,Active,Equity
542248,DECCAN,Deccan Health Care Limited,Deccan Health Care Limited,INE452W01019,B,Active,Equity
542285,AXITA,Axita Cotton Limited,Axita Cotton Limited,INE02EZ01022,B,Active,Equity
542323,KPIGREEN,KPI Green Energy Limited,KPI Green Energy Limited,INE542W01025,A,Active,Equity
542332,HIKLASS,Hi-Klass Trading and Investment Limited,Hi-Klass Trading and Investment Limited,INE302R01024,XT,Active,Equity
542333,RPSGVENT,RPSG VENTURES LIMITED,RPSG VENTURES LIMITED,INE425Y01011,B,Active,Equity
542337,SPENCERS,Spencer's Retail Limited,Spencer's Retail Limited,INE020801028,B,Active,Equity
542351,GLOSTERLTD,Gloster Ltd,Gloster Ltd,INE350Z01018,B,Active,Equity
542367,XELPMOC,Xelpmoc Design and Tech Limited,Xelpmoc Design and Tech Limited,INE01P501012,B,Active,Equity
542376,SPACAPS,SPA Capital Services Limited,SPA Capital Services Limited,INE726X01014,XT,Active,Equity
542377,AARSHYAM,Aar Shyam India Investment Company Limited,Aar Shyam India Investment Company Limited,INE512R01010,XT,Active,Equity
542383,RITCO,Ritco Logistics Limited,Ritco Logistics Limited,INE01EG01016,B,Active,Equity
542399,CHALET,Chalet Hotels Limited,Chalet Hotels Limited,INE427F01016,A,Active,Equity
542437,ANMOL,Anmol India Limited,Anmol India Limited,INE02AR01019,T,Active,Equity
542446,JONJUA,Jonjua Overseas Limited,Jonjua Overseas Limited,INE793Z01027,M,Active,Equity
542459,KRANTI,Kranti Industries Limited,Kranti Industries Limited,INE911T01010,B,Active,Equity
542460,ANUP,The Anup Engineering Ltd,The Anup Engineering Ltd,INE294Z01018,B,Active,Equity
542477,GLAAMUP,GLAAM UP JWEL LIMITED,GLAAM UP JWEL LIMITED,INE03CM01014,MT,Active,Equity
542484,ARVINDFASN,Arvind Fashions Limited,Arvind Fashions Limited,INE955V01021,A,Active,Equity
542503,MAHIP,Mahip Industries Limited,Mahip Industries Limited,INE00CX01017,MT,Active,Equity
542513,SNXT50BETA,UTI Mutual Fund,UTI Mutual Fund,INF789F1AUU3,B,Active,Equity
542524,AIHL,AMBASSADOR INTRA HOLDINGS LIMITED,AMBASSADOR INTRA HOLDINGS LIMITED,INE342U01016,X,Active,Equity
542544,JYOTIN,Jyot International Marketing Limited,Jyot International Marketing Limited,INE043R01016,XT,Active,Equity
542579,AGOL,Ashapuri Gold Ornament Limited,Ashapuri Gold Ornament Limited,INE05FR01029,B,Active,Equity
542580,AARTECH,Aartech Solonics Limited,Aartech Solonics Limited,INE01C001026,T,Active,Equity
542592,HBEL,Humming Bird Education Limited,Humming Bird Education Limited,INE02PC01027,M,Active,Equity
542597,MSTCLTD,MSTC Limited,MSTC Limited,INE255X01014,B,Active,Equity
542599,ROOPSHRI,Roopshri Resorts Limited,Roopshri Resorts Limited,INE03WT01017,MT,Active,Equity
542627,CHANDNIMACH,Chandni Machines Limited,Chandni Machines Limited,INE01GZ01011,XT,Active,Equity
542628,NSL,Northern Spirits Limited,Northern Spirits Limited,INE01BL01012,B,Active,Equity
542649,RVNL,Rail Vikas Nigam Limited,Rail Vikas Nigam Limited,INE415G01027,A,Active,Equity
542650,METROPOLIS,Metropolis Healthcare Limited,Metropolis Healthcare Limited,INE112L01020,A,Active,Equity
542651,KPITTECH,KPIT Technologies Ltd,KPIT Technologies Ltd,INE04I401011,A,Active,Equity
542652,POLYCAB,Polycab India Limited,Polycab India Limited,INE455K01017,A,Active,Equity
542654,VRFILMS,V R FILMS & STUDIOS LIMITED,V R FILMS & STUDIOS LIMITED,INE06LG01010,B,Active,Equity
542655,VIKASLIFE,VIKAS LIFECARE LIMITED,VIKAS LIFECARE LIMITED,INE161L01027,B,Active,Equity
542665,NEOGEN,Neogen Chemicals Limited,Neogen Chemicals Limited,INE136S01016,B,Active,Equity
542666,GKP,G. K. P. Printing & Packaging Limited,G. K. P. Printing & Packaging Limited,INE05QJ01015,B,Active,Equity
542668,EVANS,EVANS ELECTRIC LIMITED,EVANS ELECTRIC LIMITED,INE06TD01010,M,Active,Equity
542669,BMW,BMW INDUSTRIES LIMITED,BMW INDUSTRIES LIMITED,INE374E01021,X,Active,Equity
542670,AEPL,Artemis Electricals and Projects Limited,Artemis Electricals and Projects Limited,INE757T01025,B,Active,Equity
542677,MAHESH,Mahesh Developers Limited,Mahesh Developers Limited,INE01MO01013,X,Active,Equity
542678,CHCL,Cian Healthcare Limited,Cian Healthcare Limited,INE05BN01027,MT,Active,Equity
542679,DEL,Dhanashree Electronics Limited,Dhanashree Electronics Limited,INE413F01016,X,Active,Equity
542682,HARISH,Harish Textile Engineers Limited,Harish Textile Engineers Limited,INE01K301012,X,Active,Equity
542684,PPL,Prakash Pipes Limited,Prakash Pipes Limited,INE050001010,T,Active,Equity
542685,DGCONTENT,Digicontent Limited,Digicontent Limited,INE03JI01017,B,Active,Equity
542694,PARSHVA,Parshva Enterprises Limited,Parshva Enterprises Limited,INE05MV01019,B,Active,Equity
542721,ARL,Anand Rayons Limited,Anand Rayons Limited,INE02GA01012,T,Active,Equity
542725,SBC,SBC EXPORTS LIMITED,SBC EXPORTS LIMITED,INE04AK01028,B,Active,Equity
542726,INDIAMART,IndiaMART InterMESH Limited,IndiaMART InterMESH Limited,INE933S01016,A,Active,Equity
542727,CPML,CITY PULSE MULTIVENTURES LIMITED,CITY PULSE MULTIVENTURES LIMITED,INE056001014,M,Active,Equity
542728,SKIEL,SK International Export Limited,SK International Export Limited,INE04ST01013,MT,Active,Equity
542729,DCMNVL,DCM NOUVELLE LIMITED,DCM NOUVELLE LIMITED,INE08KP01019,B,Active,Equity
542730,BANKIETF,ICICI Prudential Mutual Fund,ICICI Prudential Mutual Fund,INF109KC15I8,B,Active,Equity
542747,SNXT50BEES,Nippon India Mutual Fund,Nippon India Mutual Fund,INF204KB15D0,B,Active,Equity
542752,AFFLE,AFFLE 3I LIMITED,AFFLE 3I LIMITED,INE00WC01027,A,Active,Equity
542758,PVTBANIETF,ICICI Prudential Mutual Fund,ICICI Prudential Mutual Fund,INF109KC18U7,B,Active,Equity
542759,SPANDANA,Spandana Sphoorty Financial Limited,Spandana Sphoorty Financial Limited,INE572J01011,B,Active,Equity
542760,SWSOLAR,STERLING AND WILSON RENEWABLE ENERGY LIMITED,STERLING AND WILSON RENEWABLE ENERGY LIMITED,INE00M201021,B,Active,Equity
542765,TRANSPACT,Transpact Enterprises Limited,Transpact Enterprises Limited,INE06YD01010,MS,Active,Equity
542770,ALPHALOGIC,Alphalogic Techsys Limited,Alphalogic Techsys Limited,INE08E401029,B,Active,Equity
542771,NOVATEOR,Novateor Research Laboratories Limited,Novateor Research Laboratories Limited,INE08JY01013,M,Active,Equity
542772,360ONE,360 ONE WAM LIMITED,360 ONE WAM LIMITED,INE466L01038,A,Active,Equity
542773,IIFLCAPS,IIFL CAPITAL SERVICES LIMITED,IIFL CAPITAL SERVICES LIMITED,INE489L01022,A,Active,Equity
542774,MUFIN,MUFIN GREEN FINANCE LIMITED,MUFIN GREEN FINANCE LIMITED,INE08KJ01020,B,Active,Equity
542801,MISQUITA,Misquita Engineering Limited,Misquita Engineering Limited,INE957W01025,M,Active,Equity
542802,GALACTICO,Galactico Corporate Services Limited,Galactico Corporate Services Limited,INE906Y01028,B,Active,Equity
542803,VEL,Vaxfab Enterprises Limited,Vaxfab Enterprises Limited,INE560T01015,X,Active,Equity
542812,FLUOROCHEM,Gujarat Fluorochemicals Limited,Gujarat Fluorochemicals Limited,INE09N301011,A,Active,Equity
542830,IRCTC,Indian Railway Catering & Tourism Corporation Ltd,Indian Railway Catering & Tourism Corporation Ltd,INE335Y01020,A,Active,Equity
542850,GOBLIN,GOBLIN INDIA LIMITED,GOBLIN INDIA LIMITED,INE492Z01018,MT,Active,Equity
542851,GENSOL,Gensol Engineering Limited,Gensol Engineering Limited,INE06H201014,Z,Active,Equity
542852,VISHWARAJ,Vishwaraj Sugar Industries Limited,Vishwaraj Sugar Industries Limited,INE430N01022,B,Active,Equity
542857,GREENPANEL,Greenpanel Industries Limited,Greenpanel Industries Limited,INE08ZM01014,B,Active,Equity
542862,SHAHLON,Shahlon Silk Industries Limited,Shahlon Silk Industries Limited,INE052001026,X,Active,Equity
542863,ABSLBANETF,Aditya Birla Sun Life Mutual Fund,Aditya Birla Sun Life Mutual Fund,INF209KB17D5,B,Active,Equity
542864,MOUNT,MOUNT HOUSING AND INFRASTRUCTURE LIMITED,MOUNT HOUSING AND INFRASTRUCTURE LIMITED,INE444X01014,XT,Active,Equity
542865,ANUROOP,Anuroop Packaging Limited,Anuroop Packaging Limited,INE490Z01012,B,Active,Equity
542867,CSBBANK,CSB Bank Limited,CSB Bank Limited,INE679A01013,A,Active,Equity
542904,UJJIVANSFB,Ujjivan Small Finance Bank Limited,Ujjivan Small Finance Bank Limited,INE551W01018,A,Active,Equity
542905,HINDWAREAP,Hindware Home Innovation Limited,Hindware Home Innovation Limited,INE05AN01011,B,Active,Equity
542906,EASUN,Easun Capital Markets Limited,Easun Capital Markets Limited,INE771C01014,XT,Active,Equity
542907,PRINCEPIPE,Prince Pipes and Fittings Limited,Prince Pipes and Fittings Limited,INE689W01016,B,Active,Equity
542910,VALENCIA,Valencia Nutrition Limited,Valencia Nutrition Limited,INE08RT01016,MS,Active,Equity
542911,ASSAMENT,Assam Entrade Limited,Assam Entrade Limited,INE165G01010,B,Active,Equity
542918,GIANLIFE,Gian Life Care Limited,Gian Life Care Limited,INE063601012,Z,Active,Equity
542919,ARTEMISMED,Artemis Medicare Services Limited,Artemis Medicare Services Limited,INE025R01021,B,Active,Equity
542920,SUMICHEM,SUMITOMO CHEMICAL INDIA LIMITED,SUMITOMO CHEMICAL INDIA LIMITED,INE258G01013,A,Active,Equity
542921,MIDCAPIETF,ICICI Prudential Mutual Fund,ICICI Prudential Mutual Fund,INF109KC11W8,B,Active,Equity
542922,NEXT50,Mirae Asset Mutual Fund,Mirae Asset Mutual Fund,INF769K01FN2,B,Active,Equity
542923,TRANWAY21,TRANWAY21 TECHNOLOGIES LIMITED,TRANWAY21 TECHNOLOGIES LIMITED,INE0BIW01023,MS,Active,Equity
542931,VARDHANCFL,Vardhan Capital & Finance Limited,Vardhan Capital & Finance Limited,INE128G01018,XT,Active,Equity
542933,UNIVPHOTO,UNIVERSUS PHOTO IMAGINGS LIMITED,UNIVERSUS PHOTO IMAGINGS LIMITED,INE03V001013,T,Active,Equity
542934,CBPL,Chandra Bhagat Pharma Limited,Chandra Bhagat Pharma Limited,INE07QQ01016,M,Active,Equity
542938,OCTAVIUSPL,Octavius Plantations Limited,Octavius Plantations Limited,INE117S01016,X,Active,Equity
543064,COHANCE,Cohance Lifesciences Limited,Cohance Lifesciences Limited,INE03QK01018,A,Active,Equity
543065,SMAUTO,SM Auto Stamping Limited,SM Auto Stamping Limited,INE0C4I01011,M,Active,Equity
543066,SBICARD,SBI CARDS AND PAYMENT SERVICES LIMITED,SBI CARDS AND PAYMENT SERVICES LIMITED,INE018E01016,A,Active,Equity
543144,08MPD,Nippon India Mutual Fund,Nippon India Mutual Fund,INF204KB11T5,B,Active,Equity
543145,08ADR,Nippon India Mutual Fund,Nippon India Mutual Fund,INF204KB12S5,B,Active,Equity
543146,08MPR,Nippon India Mutual Fund,Nippon India Mutual Fund,INF204KB12T3,B,Active,Equity
543147,08AMD,Nippon India Mutual Fund,Nippon India Mutual Fund,INF204KB13S3,B,Active,Equity
543148,08AMR,Nippon India Mutual Fund,Nippon India Mutual Fund,INF204KB14S1,B,Active,Equity
543149,08BPB,Nippon India Mutual Fund,Nippon India Mutual Fund,INF204KB15S8,B,Active,Equity
543150,08GPG,Nippon India Mutual Fund,Nippon India Mutual Fund,INF204KB16S6,B,Active,Equity
543151,08ABB,Nippon India Mutual Fund,Nippon India Mutual Fund,INF204KB17R6,B,Active,Equity
543152,08QPD,Nippon India Mutual Fund,Nippon India Mutual Fund,INF204KB17S4,B,Active,Equity
543153,08AGG,Nippon India Mutual Fund,Nippon India Mutual Fund,INF204KB18R4,B,Active,Equity
543154,08QPR,Nippon India Mutual Fund,Nippon India Mutual Fund,INF204KB18S2,B,Active,Equity
543155,08AQD,Nippon India Mutual Fund,Nippon India Mutual Fund,INF204KB19R2,B,Active,Equity
543156,08DPD,Nippon India Mutual Fund,Nippon India Mutual Fund,INF204KB19S0,B,Active,Equity
543168,08AQR,Nippon India Mutual Fund,Nippon India Mutual Fund,INF204KB10S9,B,Active,Equity
543169,08DPR,Nippon India Mutual Fund,Nippon India Mutual Fund,INF204KB10T7,B,Active,Equity
543170,08ADD,Nippon India Mutual Fund,Nippon India Mutual Fund,INF204KB11S7,B,Active,Equity
543171,ROJL,RO Jewels Limited,RO Jewels Limited,INE0BDU01028,B,Active,Equity
543172,COSPOWER,Cospower Engineering Limited,Cospower Engineering Limited,INE0CQB01010,MT,Active,Equity
543173,11DPR,Nippon India Mutual Fund,Nippon India Mutual Fund,INF204KB14U7,B,Active,Equity
543174,11GPG,Nippon India Mutual Fund,Nippon India Mutual Fund,INF204KB10U5,B,Active,Equity
543175,11MPD,Nippon India Mutual Fund,Nippon India Mutual Fund,INF204KB15U4,B,Active,Equity
543176,11MPR,Nippon India Mutual Fund,Nippon India Mutual Fund,INF204KB16U2,B,Active,Equity
543177,11QPD,Nippon India Mutual Fund,Nippon India Mutual Fund,INF204KB11U3,B,Active,Equity
543178,11QPR,Nippon India Mutual Fund,Nippon India Mutual Fund,INF204KB12U1,B,Active,Equity
543179,11ADD,Nippon India Mutual Fund,Nippon India Mutual Fund,INF204KB16T4,B,Active,Equity
543180,11ADR,Nippon India Mutual Fund,Nippon India Mutual Fund,INF204KB17T2,B,Active,Equity
543181,11AGG,Nippon India Mutual Fund,Nippon India Mutual Fund,INF204KB13T1,B,Active,Equity
543182,11AMD,Nippon India Mutual Fund,Nippon India Mutual Fund,INF204KB18T0,B,Active,Equity
543183,11AMR,Nippon India Mutual Fund,Nippon India Mutual Fund,INF204KB19T8,B,Active,Equity
543184,11AQD,Nippon India Mutual Fund,Nippon India Mutual Fund,INF204KB14T9,B,Active,Equity
543185,11AQR,Nippon India Mutual Fund,Nippon India Mutual Fund,INF204KB15T6,B,Active,Equity
543186,11DPD,Nippon India Mutual Fund,Nippon India Mutual Fund,INF204KB13U9,B,Active,Equity
543187,POWERINDIA,HITACHI ENERGY INDIA LIMITED,HITACHI ENERGY INDIA LIMITED,INE07Y701011,A,Active,Equity
543193,DJML,DJ Mediaprint & Logistics Limited,DJ Mediaprint & Logistics Limited,INE0B1K01014,B,Active,Equity
543194,NIRMITEE,Nirmitee Robotics India Limited,Nirmitee Robotics India Limited,INE0CPQ01010,TS,Active,Equity
543207,NATURAL,Natural Biocon (India) Limited,Natural Biocon (India) Limited,INE06MM01016,X,Active,Equity
543208,REGIS,REGIS INDUSTRIES LIMITED,REGIS INDUSTRIES LIMITED,INE745R01024,X,Active,Equity
543209,BILLWIN,Billwin Industries Limited,Billwin Industries Limited,INE0CRS01012,M,Active,Equity
543210,AARTISURF,Aarti Surfactants Limited,Aarti Surfactants Limited,INE09EO01013,T,Active,Equity
543211,BONLON,BONLON INDUSTRIES LIMITED,BONLON INDUSTRIES LIMITED,INE0B9A01018,B,Active,Equity
543212,BOROLTD,Borosil Limited,Borosil Limited,INE02PY01013,B,Active,Equity
543213,ROSSARI,ROSSARI BIOTECH LIMITED,ROSSARI BIOTECH LIMITED,INE02A801020,B,Active,Equity
543214,NDRAUTO,NDR Auto Components Limited,NDR Auto Components Limited,INE07OG01012,B,Active,Equity
543218,SBGLP,SURATWWALA BUSINESS GROUP LIMITED,SURATWWALA BUSINESS GROUP LIMITED,INE05ST01028,B,Active,Equity
543219,ALPL30IETF,ICICI Prudential Mutual Fund,ICICI Prudential Mutual Fund,INF109KC17V7,B,Active,Equity
543220,MAXHEALTH,Max Healthcare Institute Limited,Max Healthcare Institute Limited,INE027H01010,A,Active,Equity
543221,ITIETF,ICICI Prudential Mutual Fund,ICICI Prudential Mutual Fund,INF109KC16I6,B,Active,Equity
543223,MAXIND,Max India Limited,Max India Limited,INE0CG601016,B,Active,Equity
543224,HDFCNIFBAN,HDFC Mutual Fund,HDFC Mutual Fund,INF179KC1HY0,B,Active,Equity
543226,BANKBETA,UTI Mutual Fund,UTI Mutual Fund,INF789F1AUV1,B,Active,Equity
543227,HAPPSTMNDS,Happiest Minds Technologies Limited,Happiest Minds Technologies Limited,INE419U01012,A,Active,Equity
543228,ROUTE,Route Mobile Limited,Route Mobile Limited,INE450U01017,B,Active,Equity
543229,SAMRATFORG,Samrat Forgings Limited,Samrat Forgings Limited,INE412J01010,X,Active,Equity
543230,ADVAIT,ADVAIT ENERGY TRANSITIONS LIMITED,ADVAIT ENERGY TRANSITIONS LIMITED,INE0ALI01010,B,Active,Equity
543231,ADL,Archidply Decor Limited,Archidply Decor Limited,INE0CHO01012,B,Active,Equity
543232,CAMS,Computer Age Management Services Limited,Computer Age Management Services Limited,INE596I01020,A,Active,Equity
543233,CHEMCON,Chemcon Speciality Chemicals Limited,Chemcon Speciality Chemicals Limited,INE03YM01018,B,Active,Equity
543234,SECMARK,Secmark Consultancy Limited,Secmark Consultancy Limited,INE0BTM01013,B,Active,Equity
543235,ANGELONE,ANGEL ONE LIMITED,ANGEL ONE LIMITED,INE732I01021,A,Active,Equity
543236,ATAM,Atam Valves Limited,Atam Valves Limited,INE09KD01013,B,Active,Equity
543237,MAZDOCK,Mazagon Dock Shipbuilders Limited,Mazagon Dock Shipbuilders Limited,INE249Z01020,A,Active,Equity
543238,UTIAMC,UTI Asset Management Company Limited,UTI Asset Management Company Limited,INE094J01016,A,Active,Equity
543239,GMPL,G M Polyplast Limited,G M Polyplast Limited,INE0E2801015,M,Active,Equity
543240,LIKHITHA,Likhitha Infrastructure Limited,Likhitha Infrastructure Limited,INE060901027,B,Active,Equity
543241,VGIL,Veer Global Infraconstruction Limited,Veer Global Infraconstruction Limited,INE244W01010,B,Active,Equity
543242,HEMIPROP,Hemisphere Properties India Limited,Hemisphere Properties India Limited,INE0AJG01018,B,Active,Equity
543243,EQUITASBNK,Equitas Small Finance Bank Limited,Equitas Small Finance Bank Limited,INE063P01018,A,Active,Equity
543244,SHINEFASH,Shine Fashions (India) Limited,Shine Fashions (India) Limited,INE0BLY01023,M,Active,Equity
543245,GLAND,Gland Pharma Limited,Gland Pharma Limited,INE068V01023,A,Active,Equity
543246,ESG,Mirae Asset Mutual Fund,Mirae Asset Mutual Fund,INF769K01GS9,B,Active,Equity
543247,NETPIX,Net Pix Shorts Digital Media Limited,Net Pix Shorts Digital Media Limited,INE0D5F01013,TS,Active,Equity
543248,RBA,Restaurant Brands Asia Limited,Restaurant Brands Asia Limited,INE07T201019,A,Active,Equity
543249,TARC,TARC LIMITED,TARC LIMITED,INE0EK901012,B,Active,Equity
543251,RVHL,Ravinder Heights Limited,Ravinder Heights Limited,INE09E501017,B,Active,Equity
543252,FAIRCHEMOR,Fairchem Organics Limited,Fairchem Organics Limited,INE0DNW01011,T,Active,Equity
543253,BECTORFOOD,Mrs. Bectors Food Specialities Limited,Mrs. Bectors Food Specialities Limited,INE495P01020,B,Active,Equity
543254,AWHCL,Antony Waste Handling Cell Limited,Antony Waste Handling Cell Limited,INE01BK01022,B,Active,Equity
543255,INFRABEES,Nippon India Mutual Fund,Nippon India Mutual Fund,INF732E01268,B,Active,Equity
543256,RFLL,RITA FINANCE AND LEASING LIMITED,RITA FINANCE AND LEASING LIMITED,INE018S01016,X,Active,Equity
543257,IRFC,Indian Railway Finance Corporation,Indian Railway Finance Corporation,INE053F01010,A,Active,Equity
543258,INDIGOPNTS,Indigo Paints Limited,Indigo Paints Limited,INE09VQ01012,A,Active,Equity
543259,HOMEFIRST,Home First Finance Company India Limited,Home First Finance Company India Limited,INE481N01025,A,Active,Equity
543260,STOVEKRAFT,STOVE KRAFT LIMITED,STOVE KRAFT LIMITED,INE00IN01015,B,Active,Equity
543262,MRP,MRP Agro Limited,MRP Agro Limited,INE0D7801012,M,Active,Equity
543263,SMCGLOBAL,SMC Global Securities Limited,SMC Global Securities Limited,INE103C01036,B,Active,Equity
543264,NURECA,Nureca Limited,Nureca Limited,INE0DSF01015,T,Active,Equity
543265,RAILTEL,RailTel Corporation of India Limited,RailTel Corporation of India Limited,INE0DD101019,A,Active,Equity
543266,HERANBA,Heranba Industries Limited,Heranba Industries Limited,INE694N01015,B,Active,Equity
543267,DAVANGERE,Davangere Sugar Company Limited,Davangere Sugar Company Limited,INE179G01029,B,Active,Equity
543268,DRCSYSTEMS,DRC Systems India Limited,DRC Systems India Limited,INE03RS01027,B,Active,Equity
543269,ADJIA,Adjia Technologies Limited,Adjia Technologies Limited,INE0G0V01018,TS,Active,Equity
543270,MTARTECH,MTAR Technologies Limited,MTAR Technologies Limited,INE864I01014,T,Active,Equity
543271,JUBLINGREA,Jubilant Ingrevia Limited,Jubilant Ingrevia Limited,INE0BY001018,A,Active,Equity
543272,EASEMYTRIP,Easy Trip Planners Limited,Easy Trip Planners Limited,INE07O001026,B,Active,Equity
543273,KMEW,Knowledge Marine & Engineering Works Limited,Knowledge Marine & Engineering Works Limited,INE0CJD01029,B,Active,Equity
543275,ANURAS,Anupam Rasayan India Limited,Anupam Rasayan India Limited,INE930P01018,A,Active,Equity
543276,CRAFTSMAN,Craftsman Automation Limited,Craftsman Automation Limited,INE00LO01017,A,Active,Equity
543277,LXCHEM,Laxmi Organic Industries Limited,Laxmi Organic Industries Limited,INE576O01020,B,Active,Equity
543278,KALYANKJIL,Kalyan Jewellers India Limited,Kalyan Jewellers India Limited,INE303R01014,A,Active,Equity
543279,SURYODAY,Suryoday Small Finance Bank Limited,Suryoday Small Finance Bank Limited,INE428Q01011,B,Active,Equity
543280,NAZARA,Nazara Technologies Limited,Nazara Technologies Limited,INE418L01047,A,Active,Equity
543281,SUVIDHAA,Suvidhaa Infoserve Limited,Suvidhaa Infoserve Limited,INE018401013,B,Active,Equity
543282,NIKSTECH,Niks Technology Limited,Niks Technology Limited,INE0GX601011,TS,Active,Equity
543283,UFBL,UNITED FOODBRANDS LIMITED,UNITED FOODBRANDS LIMITED,INE382M01027,T,Active,Equity
543284,EKI,EKI Energy Services Limited,EKI Energy Services Limited,INE0CPR01018,B,Active,Equity
543285,RCAN,Rajeshwari Cans Limited,Rajeshwari Cans Limited,INE0CQ101015,M,Active,Equity
543286,ARTEMISADR,Artemis ADR Marketplace Limited,Artemis ADR Marketplace Limited,INE0D9X01018,MT,Active,Equity
543287,LODHA,Lodha Developers Limited,Lodha Developers Limited,INE670K01029,A,Active,Equity
543288,DEEPINDS,Deep Industries Limited,Deep Industries Limited,INE0FHS01024,B,Active,Equity
543289,KGES,Kuberan Global Edu Solutions Limited,Kuberan Global Edu Solutions Limited,INE04CO01018,TS,Active,Equity
543291,MAFANG,Mirae Asset Mutual Fund,Mirae Asset Mutual Fund,INF769K01HF4,B,Active,Equity
543292,HEALTHIETF,ICICI Prudential Mutual Fund,ICICI Prudential Mutual Fund,INF109KC1Q72,B,Active,Equity
543298,VINEETLAB,Vineet Laboratories Limited,Vineet Laboratories Limited,INE505Y01010,B,Active,Equity
543299,SHYAMMETL,Shyam Metalics and Energy Limited,Shyam Metalics and Energy Limited,INE810G01011,A,Active,Equity
543300,SONACOMS,Sona BLW Precision Forgings Limited,Sona BLW Precision Forgings Limited,INE073K01018,A,Active,Equity
543306,DODLA,Dodla Dairy Limited,Dodla Dairy Limited,INE021O01019,A,Active,Equity
543308,KIMS,Krishna Institute of Medical Sciences Limited,Krishna Institute of Medical Sciences Limited,INE967H01025,A,Active,Equity
543309,ADESHWAR,Adeshwar Meditex Limited,Adeshwar Meditex Limited,INE0H8J01015,M,Active,Equity
543310,TIMESGREEN,Times Green Energy (India) Limited,Times Green Energy (India) Limited,INE0B6101012,MT,Active,Equity
543311,IPL,India Pesticides Limited,India Pesticides Limited,INE0D6701023,B,Active,Equity
543312,FOCUS,Focus Business Solution Limited,Focus Business Solution Limited,INE0DXR01010,MT,Active,Equity
543317,GRINFRA,G R Infraprojects Limited,G R Infraprojects Limited,INE201P01022,B,Active,Equity
543318,CLEAN,Clean Science and Technology Limited,Clean Science and Technology Limited,INE227W01023,A,Active,Equity
543319,AAPLUSTRAD,AA Plus Tradelink Limited,AA Plus Tradelink Limited,INE0C5901022,M,Active,Equity
543320,ETERNAL,Eternal Limited,Eternal Limited,INE758T01015,A,Active,Equity
543321,TATVA,Tatva Chintan Pharma Chem Limited,Tatva Chintan Pharma Chem Limited,INE0GK401011,B,Active,Equity
543322,ALIVUS,ALIVUS LIFE SCIENCES LIMITED,ALIVUS LIFE SCIENCES LIMITED,INE03Q201024,A,Active,Equity
543323,BFSI,Mirae Asset Mutual Fund,Mirae Asset Mutual Fund,INF769K01HI8,B,Active,Equity
543324,GCSL,Gretex Corporate Services Limited,Gretex Corporate Services Limited,INE199P01028,B,Active,Equity
543325,ROLEXRINGS,Rolex Rings Limited,Rolex Rings Limited,INE645S01024,B,Active,Equity
543326,FMCGIETF,ICICI Prudential Mutual Fund,ICICI Prudential Mutual Fund,INF109KC19V3,B,Active,Equity
543327,EXXARO,Exxaro Tiles Limited,Exxaro Tiles Limited,INE0GFE01026,B,Active,Equity
543328,KRSNAA,Krsnaa Diagnostics Limited,Krsnaa Diagnostics Limited,INE08LI01020,B,Active,Equity
543329,WINDLAS,Windlas Biotech Limited,Windlas Biotech Limited,INE0H5O01029,B,Active,Equity
543330,DEVYANI,Devyani International Limited,Devyani International Limited,INE872J01023,A,Active,Equity
543331,MOL,Meghmani Organics Limited,Meghmani Organics Limited,INE0CT101020,B,Active,Equity
543332,EPIGRAL,Epigral Limited,Epigral Limited,INE071N01016,B,Active,Equity
543333,CARTRADE,CarTrade Tech Limited,CarTrade Tech Limited,INE290S01011,A,Active,Equity
543334,NUVOCO,Nuvoco Vistas Corporation Limited,Nuvoco Vistas Corporation Limited,INE118D01016,A,Active,Equity
543335,APTUS,Aptus Value Housing Finance India Limited,Aptus Value Housing Finance India Limited,INE852O01025,A,Active,Equity
543336,CHEMPLASTS,Chemplast Sanmar Limited,Chemplast Sanmar Limited,INE488A01050,B,Active,Equity
543341,SHARPLINE,SHARPLINE BROADCAST LIMITED,SHARPLINE BROADCAST LIMITED,INE647W01014,X,Active,Equity
543346,AASHKA,Aashka Hospitals Limited,Aashka Hospitals Limited,INE0EAX01014,M,Active,Equity
543347,ITAXIS,Axis Mutual Fund,Axis Mutual Fund,INF846K01Y96,B,Active,Equity
543348,HEALTHAXIS,Axis Mutual Fund,Axis Mutual Fund,INF846K01Z12,B,Active,Equity
543349,ACUTAAS,ACUTAAS CHEMICALS LIMITED,ACUTAAS CHEMICALS LIMITED,INE00FF01025,A,Active,Equity
543350,VIJAYA,Vijaya Diagnostic Centre Limited,Vijaya Diagnostic Centre Limited,INE043W01024,A,Active,Equity
543351,NBL,Naapbooks Limited,Naapbooks Limited,INE0GOA01018,MS,Active,Equity
543352,POBS,PlatinumOne Business Services Limited,PlatinumOne Business Services Limited,INE0DTJ01015,M,Active,Equity
543357,CONSUMAXIS,Axis Mutual Fund,Axis Mutual Fund,INF846K016C7,B,Active,Equity
543358,SANSERA,Sansera Engineering Limited,Sansera Engineering Limited,INE953O01021,A,Active,Equity
543363,PREVEST,Prevest Denpro Limited,Prevest Denpro Limited,INE0GAO01018,M,Active,Equity
543364,MARKOLINES,Markolines Pavement Technologies Limited,Markolines Pavement Technologies Limited,INE0FW001016,B,Active,Equity
543365,MASPTOP50,Mirae Asset Mutual Fund,Mirae Asset Mutual Fund,INF769K01HP3,B,Active,Equity
543366,SBLI,SBL Infratech Limited,SBL Infratech Limited,INE0DLM01024,M,Active,Equity
543367,PARAS,Paras Defence and Space Technologies Limited,Paras Defence and Space Technologies Limited,INE045601023,A,Active,Equity
543372,GETALONG,Getalong Enterprise Limited,Getalong Enterprise Limited,INE0H1201020,M,Active,Equity
543373,SVRL,Shri Venkatesh Refineries Limited,Shri Venkatesh Refineries Limited,INE0HLJ01013,T,Active,Equity
543374,ABSLAMC,Aditya Birla Sun Life AMC Limited,Aditya Birla Sun Life AMC Limited,INE404A01024,A,Active,Equity
543375,PROMAX,Promax Power Limited,Promax Power Limited,INE0I2F01015,M,Active,Equity
543376,SAMOR,Samor Reality Limited,Samor Reality Limited,INE0GD201014,B,Active,Equity
543377,ADISHAKTI,Adishakti Loha and Ispat Limited,Adishakti Loha and Ispat Limited,INE0CWK01019,M,Active,Equity
543378,CWD,CWD Limited,CWD Limited,INE0H8H01019,MS,Active,Equity
543383,CONSUMIETF,ICICI Prudential Mutual Fund,ICICI Prudential Mutual Fund,INF109KC1V42,B,Active,Equity
543384,NYKAA,FSN E-Commerce Ventures Limited,FSN E-Commerce Ventures Limited,INE388Y01029,A,Active,Equity
543386,FINOPB,Fino Payments Bank Limited,Fino Payments Bank Limited,INE02NC01014,B,Active,Equity
543387,SJS,S.J.S. Enterprises Limited,S.J.S. Enterprises Limited,INE284S01014,A,Active,Equity
543388,EQUAL50ADD,DSP Mutual Fund,DSP Mutual Fund,INF740KA1QK2,B,Active,Equity
543389,SIGACHI,Sigachi Industries Limited,Sigachi Industries Limited,INE0D0K01022,B,Active,Equity
543390,POLICYBZR,PB Fintech Limited,PB Fintech Limited,INE417T01026,A,Active,Equity
543391,SGFRL,Suyog Gurbaxani Funicular Ropeways Limited,Suyog Gurbaxani Funicular Ropeways Limited,INE07GA01011,M,Active,Equity
543396,PAYTM,One 97 Communications Limited,One 97 Communications Limited,INE982J01020,A,Active,Equity
543397,SAPPHIRE,Sapphire Foods India Limited,Sapphire Foods India Limited,INE806T01020,A,Active,Equity
543398,LATENTVIEW,Latent View Analytics Limited,Latent View Analytics Limited,INE0I7C01011,A,Active,Equity
543399,TARSONS,Tarsons Products Limited,Tarsons Products Limited,INE144Z01023,B,Active,Equity
543400,OMNIPOTENT,Omnipotent Industries Limited,Omnipotent Industries Limited,INE0JFE01012,M,Active,Equity
543401,GOCOLORS,Go Fashion (India) Limited,Go Fashion (India) Limited,INE0BJS01011,B,Active,Equity
543410,DMR,DMR ENGINEERING LIMITED,DMR ENGINEERING LIMITED,INE07L501010,M,Active,Equity
543411,HITECH,HI-TECH PIPES LIMITED,HI-TECH PIPES LIMITED,INE106T01025,B,Active,Equity
543412,STARHEALTH,Star Health and Allied Insurance Company Limited,Star Health and Allied Insurance Company Limited,INE575P01011,A,Active,Equity
543413,TEGA,Tega Industries Limited,Tega Industries Limited,INE011K01018,A,Active,Equity
543414,MAHKTECH,Mirae Asset Mutual Fund,Mirae Asset Mutual Fund,INF769K01HS7,B,Active,Equity
543415,ANANDRATHI,Anand Rathi Wealth Limited,Anand Rathi Wealth Limited,INE463V01026,A,Active,Equity
543416,ZODIAC,Zodiac Energy Limited,Zodiac Energy Limited,INE761Y01019,B,Active,Equity
543417,RATEGAIN,RateGain Travel Technologies Limited,RateGain Travel Technologies Limited,INE0CLI01024,A,Active,Equity
543419,SHRIRAMPPS,Shriram Properties Limited,Shriram Properties Limited,INE217L01019,B,Active,Equity
543420,JETFREIGHT,Jet Freight Logistics Limited,Jet Freight Logistics Limited,INE982V01025,B,Active,Equity
543425,MAPMYINDIA,C.E. Info Systems Limited,C.E. Info Systems Limited,INE0BV301023,A,Active,Equity
543426,METROBRAND,Metro Brands Limited,Metro Brands Limited,INE317I01021,A,Active,Equity
543427,MEDPLUS,Medplus Health Services Limited,Medplus Health Services Limited,INE804L01022,A,Active,Equity
543428,DATAPATTNS,Data Patterns (India) Limited,Data Patterns (India) Limited,INE0IX101010,A,Active,Equity
543433,HPAL,HP Adhesives Limited,HP Adhesives Limited,INE0GSL01024,B,Active,Equity
543434,SUPRIYA,Supriya Lifescience Limited,Supriya Lifescience Limited,INE07RO01027,B,Active,Equity
543435,CLARA,CLARA INDUSTRIES LIMITED,CLARA INDUSTRIES LIMITED,INE0JJS01014,M,Active,Equity
543436,WITS,Wherrelz IT Solutions Limited,Wherrelz IT Solutions Limited,INE0IM001015,TS,Active,Equity
543437,MONQ50,Motilal Oswal Mutual Fund,Motilal Oswal Mutual Fund,INF247L01AU3,B,Active,Equity
543438,MIDQ50ADD,DSP Mutual Fund,DSP Mutual Fund,INF740KA1ZF3,B,Active,Equity
543440,NIFTYADD,DSP Mutual Fund,DSP Mutual Fund,INF740KA1CL0,B,Active,Equity
543441,CMSINFO,CMS Info Systems Limited,CMS Info Systems Limited,INE925R01014,A,Active,Equity
543442,BCONCEPTS,Brand Concepts Limited,Brand Concepts Limited,INE977Y01011,B,Active,Equity
543443,ASCENSIVE,Ascensive Educare Limited,Ascensive Educare Limited,INE0E4I01027,MS,Active,Equity
543444,FABINO,FABINO ENTERPRISES LIMITED,FABINO ENTERPRISES LIMITED,INE0DRT01018,M,Active,Equity
543449,WEL,WONDER ELECTRICALS LIMITED,WONDER ELECTRICALS LIMITED,INE02WG01024,B,Active,Equity
543450,AUTOIETF,ICICI Prudential Mutual Fund,ICICI Prudential Mutual Fund,INF109KC10V2,B,Active,Equity
543451,AGSTRA,AGS TRANSACT TECHNOLOGIES LIMITED,AGS TRANSACT TECHNOLOGIES LIMITED,INE583L01014,Z,Active,Equity
543453,ALKOSIGN,ALKOSIGN LIMITED,ALKOSIGN LIMITED,INE0KA601012,M,Active,Equity
543454,MAKEINDIA,Mirae Asset Mutual Fund,Mirae Asset Mutual Fund,INF769K01IB1,B,Active,Equity
543458,AWL,AWL AGRI BUSINESS LIMITED,AWL AGRI BUSINESS LIMITED,INE699H01024,A,Active,Equity
543460,QRIL,Quality RO Industries Limited,Quality RO Industries Limited,INE0KAF01018,M,Active,Equity
543461,SSTL,Safa Systems & Technologies Limited,Safa Systems & Technologies Limited,INE0JNA01014,M,Active,Equity
543462,DEVIT,DEV INFORMATION TECHNOLOGY LIMITED,DEV INFORMATION TECHNOLOGY LIMITED,INE060X01034,B,Active,Equity
543463,MANYAVAR,Vedant Fashions Limited,Vedant Fashions Limited,INE825V01034,A,Active,Equity
543464,SPITZE,Maruti Interior Products Limited,Maruti Interior Products Limited,INE0JSJ01014,M,Active,Equity
543465,MOMOMENTUM,Motilal Oswal Mutual Fund,Motilal Oswal Mutual Fund,INF247L01BK2,B,Active,Equity
543470,SOFTTECH,SoftTech Engineers Limited,SoftTech Engineers Limited,INE728Z01015,B,Active,Equity
543472,TECH,Aditya Birla Sun Life Mutual Fund,Aditya Birla Sun Life Mutual Fund,INF209KB11D8,B,Active,Equity
543473,HEALTHY,Aditya Birla Sun Life Mutual Fund,Aditya Birla Sun Life Mutual Fund,INF209KB10C2,B,Active,Equity
543474,BSLNIFTY,Aditya Birla Sun Life Mutual Fund,Aditya Birla Sun Life Mutual Fund,INF209KB19D1,B,Active,Equity
543475,EKENNIS,Ekennis Software Service Limited,Ekennis Software Service Limited,INE0KCM01010,M,Active,Equity
543481,MIDCAPETF,Mirae Asset Mutual Fund,Mirae Asset Mutual Fund,INF769K01IC9,B,Active,Equity
543482,EUREKAFORB,Eureka Forbes Limited,Eureka Forbes Limited,INE0KCE01017,A,Active,Equity
543489,GATEWAY,Gateway Distriparks Limited,Gateway Distriparks Limited,INE079J01017,B,Active,Equity
543490,GMRP&UI,GMR Power and Urban Infra Limited,GMR Power and Urban Infra Limited,INE0CU601026,A,Active,Equity
543497,BCCL,Bhatia Colour Chem Limited,Bhatia Colour Chem Limited,INE0KQ001017,M,Active,Equity
543498,MSUMI,Motherson Sumi Wiring India Limited,Motherson Sumi Wiring India Limited,INE0FS801015,A,Active,Equity
543499,ACHYUT,Achyut Healthcare Limited,Achyut Healthcare Limited,INE0K1401020,B,Active,Equity
543500,EVOQ,Evoq Remedies Limited,Evoq Remedies Limited,INE0JVD01011,MT,Active,Equity
543501,MOLOWVOL,Motilal Oswal Mutual Fund,Motilal Oswal Mutual Fund,INF247L01BL0,B,Active,Equity
543512,AVROIND,Avro India Limited,Avro India Limited,INE652Z01025,B,Active,Equity
543513,UMAEXPORTS,Uma Exports Limited,Uma Exports Limited,INE0GIU01018,T,Active,Equity
543514,VERANDA,Veranda Learning Solutions Limited,Veranda Learning Solutions Limited,INE0IQ001011,B,Active,Equity
543515,SEML,Sunrise Efficient Marketing Limited,Sunrise Efficient Marketing Limited,INE0KPY01017,M,Active,Equity
543516,DHYAANITR,DHYAANI TRADEVENTTURES LIMITED,DHYAANI TRADEVENTTURES LIMITED,INE0K5F01014,MT,Active,Equity
543517,HARIOMPIPE,Hariom Pipe Industries Limited,Hariom Pipe Industries Limited,INE00EV01017,B,Active,Equity
543518,EIGHTY,Eighty Jewellers Limited,Eighty Jewellers Limited,INE0KSN01014,M,Active,Equity
543519,SFSL,Shashwat Furnishing Solutions Limited,Shashwat Furnishing Solutions Limited,INE0JMN01019,M,Active,Equity
543520,GLHRL,Global Longlife Hospital and Research Limited,Global Longlife Hospital and Research Limited,INE0J2K01014,MT,Active,Equity
543521,FONE4,Fone4 Communications (India) Limited,Fone4 Communications (India) Limited,INE0L3H01014,M,Active,Equity
543522,NVENTURES,Nanavati Ventures Limited,Nanavati Ventures Limited,INE0E5R01017,M,Active,Equity
543523,CAMPUS,Campus Activewear Limited,Campus Activewear Limited,INE278Y01022,A,Active,Equity
543524,RAINBOW,Rainbow Children's Medicare Limited,Rainbow Children's Medicare Limited,INE961O01016,A,Active,Equity
543525,SILVERTUC,Silver Touch Technologies Limited,Silver Touch Technologies Limited,INE625X01026,B,Active,Equity
543526,LICI,LIFE INSURANCE CORPORATION OF INDIA,LIFE INSURANCE CORPORATION OF INDIA,INE0J1Y01017,A,Active,Equity
543527,PRUDENT,Prudent Corporate Advisory Services Limited,Prudent Corporate Advisory Services Limited,INE00F201020,A,Active,Equity
543528,VENUSPIPES,Venus Pipes & Tubes Limited,Venus Pipes & Tubes Limited,INE0JA001018,B,Active,Equity
543529,DELHIVERY,Delhivery Limited,Delhivery Limited,INE148O01028,A,Active,Equity
543530,PARADEEP,Paradeep Phosphates Limited,Paradeep Phosphates Limited,INE088F01024,A,Active,Equity
543531,TIERRA,Tierra Agrotech Limited,Tierra Agrotech Limited,INE05CY01014,X,Active,Equity
543532,ETHOSLTD,ETHOS LIMITED,ETHOS LIMITED,INE04TZ01018,A,Active,Equity
543533,EMUDHRA,eMudhra Limited,eMudhra Limited,INE01QM01018,B,Active,Equity
543534,AETHER,Aether Industries Limited,Aether Industries Limited,INE0BWX01014,A,Active,Equity
543535,WEWIN,We Win Limited,We Win Limited,INE082W01014,B,Active,Equity
543536,SILVERPRL,Silver Pearl Hospitality & Luxury Spaces Limited,Silver Pearl Hospitality & Luxury Spaces Limited,INE0KXN01014,M,Active,Equity
543537,SCARNOSE,Scarnose International Limited,Scarnose International Limited,INE0IXR01019,M,Active,Equity
543538,GOEL,Goel Food Products Limited,Goel Food Products Limited,INE0K6L01010,M,Active,Equity
543539,MODIS,MODIâS NAVNIRMAN LIMITED,MODIâS NAVNIRMAN LIMITED,INE0L0L01012,B,Active,Equity
543540,PGCRL,Pearl Green Clubs and Resorts Limited,Pearl Green Clubs and Resorts Limited,INE0GTX01019,M,Active,Equity
543541,SAILANI,SAILANI TOURS N TRAVELS LIMITED,SAILANI TOURS N TRAVELS LIMITED,INE0KHQ01010,M,Active,Equity
543542,KESAR,KESAR INDIA LIMITED,KESAR INDIA LIMITED,INE0L1C01019,M,Active,Equity
543543,BRRL,B-RIGHT REALESTATE LIMITED,B-RIGHT REALESTATE LIMITED,INE0IZQ01016,M,Active,Equity
543544,JAYANT,JAYANT INFRATECH LIMITED,JAYANT INFRATECH LIMITED,INE0KR801019,M,Active,Equity
543545,VEERKRUPA,Veerkrupa Jewellers Limited,Veerkrupa Jewellers Limited,INE0ID001024,M,Active,Equity
543546,HEALTHYLIFE,HEALTHY LIFE AGRITEC LIMITED,HEALTHY LIFE AGRITEC LIMITED,INE0L3501015,M,Active,Equity
543547,DDEVPLSTIK,DDEV PLASTIKS INDUSTRIES LIMITED,DDEV PLASTIKS INDUSTRIES LIMITED,INE0HR601026,B,Active,Equity
543563,MOHEALTH,Motilal Oswal Mutual Fund,Motilal Oswal Mutual Fund,INF247L01BB1,B,Active,Equity
543568,MOM30IETF,ICICI Prudential Mutual Fund,ICICI Prudential Mutual Fund,INF109KC17C7,B,Active,Equity
543569,HDFCNIF100,HDFC Mutual Fund,HDFC Mutual Fund,INF179KC1HR4,B,Active,Equity
543570,HDFCNEXT50,HDFC Mutual Fund,HDFC Mutual Fund,INF179KC1HS2,B,Active,Equity
543571,INFRAIETF,ICICI Prudential Mutual Fund,ICICI Prudential Mutual Fund,INF109KC16E5,B,Active,Equity
543573,SYRMA,Syrma SGS Technology Limited,Syrma SGS Technology Limited,INE0DYJ01015,A,Active,Equity
543574,NIFTYQLITY,Aditya Birla Sun Life Mutual Fund,Aditya Birla Sun Life Mutual Fund,INF209KB15K4,B,Active,Equity
543575,MOMENTUM,Aditya Birla Sun Life Mutual Fund,Aditya Birla Sun Life Mutual Fund,INF209KB14K7,B,Active,Equity
543576,MOVALUE,Motilal Oswal Mutual Fund,Motilal Oswal Mutual Fund,INF247L01BE5,B,Active,Equity
543577,MOQUALITY,Motilal Oswal Mutual Fund,Motilal Oswal Mutual Fund,INF247L01BH8,B,Active,Equity
543578,OLATECH,Olatech Solutions Limited,Olatech Solutions Limited,INE0M3901015,M,Active,Equity
543590,RHETAN,Rhetan TMT Limited,Rhetan TMT Limited,INE0KKN01029,B,Active,Equity
543591,DREAMFOLKS,DREAMFOLKS SERVICES LIMITED,DREAMFOLKS SERVICES LIMITED,INE0JS101016,B,Active,Equity
543593,DBOL,Dhampur Bio Organics Limited,Dhampur Bio Organics Limited,INE0I3401014,B,Active,Equity
543594,DPL,DIPNA PHARMACHEM LIMITED,DIPNA PHARMACHEM LIMITED,INE0MC401013,M,Active,Equity
543595,EPBIO,EP BIOCOMPOSITES LIMITED,EP BIOCOMPOSITES LIMITED,INE0D2I01014,M,Active,Equity
543596,TMB,Tamilnad Mercantile Bank Limited,Tamilnad Mercantile Bank Limited,INE668A01016,A,Active,Equity
543597,VOEPL,Virtuoso Optoelectronics Limited,Virtuoso Optoelectronics Limited,INE0I0T01010,B,Active,Equity
543598,SISL,SHANTIDOOT INFRA SERVICES LIMITED,SHANTIDOOT INFRA SERVICES LIMITED,INE0LU301014,MT,Active,Equity
543599,KSOLVES,Ksolves India Limited,Ksolves India Limited,INE0D6I01023,B,Active,Equity
543600,HARSHA,Harsha Engineers International Limited,Harsha Engineers International Limited,INE0JUS01029,B,Active,Equity
543605,HDFCQUAL,HDFC Mutual Fund,HDFC Mutual Fund,INF179KC1DL6,B,Active,Equity
543606,CONTAINE,CONTAINE TECHNOLOGIES LIMITED,CONTAINE TECHNOLOGIES LIMITED,INE0M8901010,M,Active,Equity
543607,HDFCGROWTH,HDFC Mutual Fund,HDFC Mutual Fund,INF179KC1DJ0,B,Active,Equity
543608,HDFCVALUE,HDFC Mutual Fund,HDFC Mutual Fund,INF179KC1DK8,B,Active,Equity
543613,MAFIA,MAFIA TRENDS LIMITED,MAFIA TRENDS LIMITED,INE0KQQ01011,M,Active,Equity
543614,TIPSFILMS,Tips Films Limited,Tips Films Limited,INE0LQS01015,B,Active,Equity
543615,SRSOLTD,SILICON RENTAL SOLUTIONS LIMITED,SILICON RENTAL SOLUTIONS LIMITED,INE0MNV01014,M,Active,Equity
543616,TLL,Trident Lifeline Limited,Trident Lifeline Limited,INE0MKA01014,M,Active,Equity
543617,REETECH,REETECH INTERNATIONAL LIMITED,REETECH INTERNATIONAL LIMITED,INE0MKO01015,M,Active,Equity
543618,CARGOTRANS,Cargotrans Maritime Limited,Cargotrans Maritime Limited,INE0M4L01013,M,Active,Equity
543619,CNCRD,Concord Control Systems Limited,Concord Control Systems Limited,INE0N0J01014,M,Active,Equity
543620,INA,INSOLATION ENERGY LIMITED,INSOLATION ENERGY LIMITED,INE0LGX01024,B,Active,Equity
543621,CARGOSOL,Cargosol Logistics Limited,Cargosol Logistics Limited,INE0KZM01011,MT,Active,Equity
543622,STML,STEELMAN TELECOM LIMITED,STEELMAN TELECOM LIMITED,INE0MSK01016,M,Active,Equity
543623,VEDANTASSET,VEDANT ASSET LIMITED,VEDANT ASSET LIMITED,INE0NC801013,MT,Active,Equity
543626,EMIL,Electronics Mart India Limited,Electronics Mart India Limited,INE02YR01019,B,Active,Equity
543627,HDFCLOWVOL,HDFC Mutual Fund,HDFC Mutual Fund,INF179KC1HU8,B,Active,Equity
543628,HDFCMOMENT,HDFC Mutual Fund,HDFC Mutual Fund,INF179KC1HV6,B,Active,Equity
543635,PPLPHARMA,PIRAMAL PHARMA LIMITED,PIRAMAL PHARMA LIMITED,INE0DK501011,A,Active,Equity
543636,DCI,Dc Infotech and Communication Limited,Dc Infotech and Communication Limited,INE0A1101019,B,Active,Equity
543637,PACE,PACE E-COMMERCE VENTURES LIMITED,PACE E-COMMERCE VENTURES LIMITED,INE0N1L01018,M,Active,Equity
543638,TRACXN,Tracxn Technologies Limited,Tracxn Technologies Limited,INE0HMF01019,B,Active,Equity
543643,NARMADA,Narmada Agrobase Limited,Narmada Agrobase Limited,INE117Z01029,B,Active,Equity
543644,INFOBEAN,InfoBeans Technologies Limited,InfoBeans Technologies Limited,INE344S01016,B,Active,Equity
543645,HPIL,HINDPRAKASH INDUSTRIES LIMITED,HINDPRAKASH INDUSTRIES LIMITED,INE05X901010,B,Active,Equity
543650,DCXINDIA,DCX Systems Limited,DCX Systems Limited,INE0KL801015,B,Active,Equity
543651,DAPS,DAPS ADVERTISING LIMITED,DAPS ADVERTISING LIMITED,INE975Z01012,M,Active,Equity
543652,FUSION,FUSION FINANCE LIMITED,FUSION FINANCE LIMITED,INE139R01012,B,Active,Equity
543653,BIKAJI,Bikaji Foods International Limited,Bikaji Foods International Limited,INE00E101023,A,Active,Equity
543654,MEDANTA,Global Health Limited,Global Health Limited,INE474Q01031,A,Active,Equity
543656,TECHNOPACK,Technopack Polymers Limited,Technopack Polymers Limited,INE0MXP01015,M,Active,Equity
543657,ACI,Archean Chemical Industries Limited,Archean Chemical Industries Limited,INE128X01021,A,Active,Equity
543663,FIVESTAR,Five-Star Business Finance Ltd.,Five-Star Business Finance Ltd.,INE128S01021,A,Active,Equity
543664,KAYNES,KAYNES TECHNOLOGY INDIA LIMITED,KAYNES TECHNOLOGY INDIA LIMITED,INE918Z01012,A,Active,Equity
543665,HDFCNIFIT,HDFC Mutual Fund,HDFC Mutual Fund,INF179KC1IA8,B,Active,Equity
543666,HDFCPVTBAN,HDFC Mutual Fund,HDFC Mutual Fund,INF179KC1HZ7,B,Active,Equity
543667,INOXGREEN,INOX GREEN ENERGY SERVICES LIMITED,INOX GREEN ENERGY SERVICES LIMITED,INE510W01014,A,Active,Equity
543668,BBTCL,B&B Triplewall Containers Limited,B&B Triplewall Containers Limited,INE01EE01011,B,Active,Equity
543669,RUSTOMJEE,Keystone Realtors Limited,Keystone Realtors Limited,INE263M01029,B,Active,Equity
543670,VINNY,VINNY OVERSEAS LIMITED,VINNY OVERSEAS LIMITED,INE01KI01027,B,Active,Equity
543671,AAATECH,AAA TECHNOLOGIES LIMITED,AAA TECHNOLOGIES LIMITED,INE0D0U01013,B,Active,Equity
543677,FINIETF,ICICI Prudential Mutual Fund,ICICI Prudential Mutual Fund,INF109KC17L8,B,Active,Equity
543678,AMBOAGRI,AMBO AGRITEC LIMITED,AMBO AGRITEC LIMITED,INE0N6V01016,M,Active,Equity
543686,SIRCA,Sirca Paints India Limited,Sirca Paints India Limited,INE792Z01011,B,Active,Equity
543687,DHARMAJ,Dharmaj Crop Guard Limited,Dharmaj Crop Guard Limited,INE00OQ01016,B,Active,Equity
543688,SARVESHWAR,Sarveshwar Foods Limited,Sarveshwar Foods Limited,INE324X01026,B,Active,Equity
543689,UNIPARTS,Uniparts India Limited,Uniparts India Limited,INE244O01017,B,Active,Equity
543709,GARGI,PNGS GARGI FASHION JEWELLERY LIMITED,PNGS GARGI FASHION JEWELLERY LIMITED,INE0NT601018,M,Active,Equity
543710,COMMOIETF,ICICI Prudential Mutual Fund,ICICI Prudential Mutual Fund,INF109KC19O8,B,Active,Equity
543711,SULA,Sula Vineyards Limited,Sula Vineyards Limited,INE142Q01026,B,Active,Equity
543712,AFSL,ABANS FINANCIAL SERVICES LIMITED,ABANS FINANCIAL SERVICES LIMITED,INE00ZE01026,B,Active,Equity
543713,DRONACHRYA,Droneacharya Aerial Innovations Limited,Droneacharya Aerial Innovations Limited,INE0MQD01015,M,Active,Equity
543714,LANDMARK,LANDMARK CARS LIMITED,LANDMARK CARS LIMITED,INE559R01029,B,Active,Equity
543720,KFINTECH,KFin Technologies Limited,KFin Technologies Limited,INE138Y01010,A,Active,Equity
543725,ELIN,Elin Electronics Limited,Elin Electronics Limited,INE050401020,B,Active,Equity
543732,RADIANTCMS,Radiant Cash Management Services Limited,Radiant Cash Management Services Limited,INE855R01021,B,Active,Equity
543737,AVEER,Aveer Foods Limited,Aveer Foods Limited,INE09BN01011,X,Active,Equity
543738,BANKADD,DSP Mutual Fund,DSP Mutual Fund,INF740KA1RX3,B,Active,Equity
543743,AERONEU,Aeroflex Neu Limited,Aeroflex Neu Limited,INE035801013,B,Active,Equity
543744,REXSEAL,Rex Sealing and Packing Industries Limited,Rex Sealing and Packing Industries Limited,INE0MFT01014,M,Active,Equity
543745,SVS,SVS VENTURES LIMITED,SVS VENTURES LIMITED,INE0MID01012,M,Active,Equity
543746,LOGICA,LOGICA INFOWAY LIMITED,LOGICA INFOWAY LIMITED,INE0BSU01018,M,Active,Equity
543747,KAMOPAINTS,Kamdhenu Ventures Limited,Kamdhenu Ventures Limited,INE0BTI01037,B,Active,Equity
543748,AARTIPHARM,Aarti Pharmalabs Limited,Aarti Pharmalabs Limited,INE0LRU01027,A,Active,Equity
543753,DHARNI,DHARNI CAPITAL SERVICES LIMITED,DHARNI CAPITAL SERVICES LIMITED,INE0M9Q01011,M,Active,Equity
543754,TRANSVOY,TRANSVOY LOGISTICS INDIA LIMITED,TRANSVOY LOGISTICS INDIA LIMITED,INE0MPU01011,M,Active,Equity
543765,EARTH,Earthstahl & Alloys Limited,Earthstahl & Alloys Limited,INE0O4V01010,M,Active,Equity
543766,ASHIKAG,Ashika Global Securities Limited,Ashika Global Securities Limited,INE094B01013,T,Active,Equity
543767,BTML,BODHI TREE MULTIMEDIA LIMITED,BODHI TREE MULTIMEDIA LIMITED,INE0EEJ01023,B,Active,Equity
543768,NSLNISP,NMDC Steel Limited,NMDC Steel Limited,INE0NNS01018,A,Active,Equity
543769,INDONG,INDONG TEA COMPANY LIMITED,INDONG TEA COMPANY LIMITED,INE0KN201016,MT,Active,Equity
543774,HDFCBSE500,HDFC Mutual Fund,HDFC Mutual Fund,INF179KC1EZ4,B,Active,Equity
543775,HDFCSML250,HDFC Mutual Fund,HDFC Mutual Fund,INF179KC1FB2,B,Active,Equity
543776,HDFCMID150,HDFC Mutual Fund,HDFC Mutual Fund,INF179KC1HT0,B,Active,Equity
543782,SEALMATIC,Sealmatic India Limited,Sealmatic India Limited,INE0O4601016,M,Active,Equity
543787,ROBU,Macfos Limited,Macfos Limited,INE0OLH01013,M,Active,Equity
543798,PATRON,Patron Exim Limited,Patron Exim Limited,INE0NPA01011,M,Active,Equity
543799,SVJ,S.V.J.ENTERPRISES LIMITED,S.V.J.ENTERPRISES LIMITED,INE0JZS01010,M,Active,Equity
543804,AMANAYA,AMANAYA VENTURES LIMITED,AMANAYA VENTURES LIMITED,INE0G1V01016,M,Active,Equity
543805,RESGEN,RESGEN LIMITED,RESGEN LIMITED,INE0NYN01016,M,Active,Equity
543806,ITCONS,ITCONS E-Solutions Limited,ITCONS E-Solutions Limited,INE0O6A01019,M,Active,Equity
543811,AIRAN,AIRAN LIMITED,AIRAN LIMITED,INE645W01026,B,Active,Equity
543812,DIVGIITTS,DIVGI TORQTRANSFER SYSTEMS LIMITED,DIVGI TORQTRANSFER SYSTEMS LIMITED,INE753U01022,B,Active,Equity
543814,PCL,PROSPECT CONSUMER PRODUCTS LIMITED,PROSPECT CONSUMER PRODUCTS LIMITED,INE0OKG01017,M,Active,Equity
543819,PSUBNKIETF,ICICI Prudential Mutual Fund,ICICI Prudential Mutual Fund,INF109KC10S8,B,Active,Equity
543828,SUDARSHAN,SUDARSHAN PHARMA INDUSTRIES LIMITED,SUDARSHAN PHARMA INDUSTRIES LIMITED,INE00TV01023,M,Active,Equity
543829,GSLSU,Global Surfaces Limited,Global Surfaces Limited,INE0JSX01015,B,Active,Equity
543830,LABELKRAFT,LABELKRAFT TECHNOLOGIES LIMITED,LABELKRAFT TECHNOLOGIES LIMITED,INE0NLJ01011,M,Active,Equity
543831,BRIGHT,Bright Outdoor Media Limited,Bright Outdoor Media Limited,INE0OMI01019,M,Active,Equity
543843,COMMAND,Command Polymers Limited,Command Polymers Limited,INE0LKQ01012,MT,Active,Equity
543848,DEVLAB,Dev Labtech Venture Limited,Dev Labtech Venture Limited,INE0NIJ01025,M,Active,Equity
543853,SENSEXAXIS,Axis Mutual Fund,Axis Mutual Fund,INF846K010Q0,B,Active,Equity
543858,LOWVOL,Mirae Asset Mutual Fund,Mirae Asset Mutual Fund,INF769K01JU9,B,Active,Equity
543860,JAFINANCE,J.A. Finance Limited,J.A. Finance Limited,INE825B01010,XT,Active,Equity
543861,USK,Udayshivakumar infra Limited,Udayshivakumar infra Limited,INE0N0Y01013,B,Active,Equity
543874,MAIDEN,Maiden Forgings Limited,Maiden Forgings Limited,INE0O1T01010,M,Active,Equity
543895,EXHICON,Exhicon Events Media Solutions Limited,Exhicon Events Media Solutions Limited,INE0O8901016,M,Active,Equity
543896,AVALON,Avalon Technologies Limited,Avalon Technologies Limited,INE0LCL01028,A,Active,Equity
543897,SANCODE,Sancode Technologies Limited,Sancode Technologies Limited,INE0P7001013,MT,Active,Equity
543898,BLAL,BEML Land Assets Limited,BEML Land Assets Limited,INE0N7W01012,B,Active,Equity
543901,RHL,ROBUST HOTELS LIMITED,ROBUST HOTELS LIMITED,INE508K01013,B,Active,Equity
543902,RETINA,Retina Paints Limited,Retina Paints Limited,INE0NTC01019,M,Active,Equity
543904,MANKIND,Mankind Pharma Limited,Mankind Pharma Limited,INE634S01028,A,Active,Equity
543905,INNOKAIZ,INNOKAIZ INDIA LIMITED,INNOKAIZ INDIA LIMITED,INE0LDI01022,MT,Active,Equity
543910,AVG,AVG Logistics Limited,AVG Logistics Limited,INE680Z01018,T,Active,Equity
543911,ATALREAL,Atal Realtech Limited,Atal Realtech Limited,INE0ALR01029,B,Active,Equity
543912,PIGL,Power & Instrumentation (Gujarat) Limited,Power & Instrumentation (Gujarat) Limited,INE557Z01018,B,Active,Equity
543914,SWATIPRO,Swati Projects Limited,Swati Projects Limited,INE210F01016,XT,Active,Equity
543915,PAVNAIND,Pavna Industries Limited,Pavna Industries Limited,INE07S101038,B,Active,Equity
543916,HSIL,Hemant Surgical Industries Limited,Hemant Surgical Industries Limited,INE0GYI01028,MT,Active,Equity
543917,SIGMA,SIGMA SOLVE LIMITED,SIGMA SOLVE LIMITED,INE0A0S01028,B,Active,Equity
543918,GHCLTEXTIL,GHCL Textiles Limited,GHCL Textiles Limited,INE0PA801013,B,Active,Equity
543919,MKPL,M.K.Proteins Limited,M.K.Proteins Limited,INE964W01021,B,Active,Equity
543920,CFF,CFF FLUID CONTROL LIMITED,CFF FLUID CONTROL LIMITED,INE0NJ001013,B,Active,Equity
543921,COMRADE,Comrade Appliances Limited,Comrade Appliances Limited,INE0NXA01015,MT,Active,Equity
543923,IKIO,IKIO Technologies Limited,IKIO Technologies Limited,INE0LOJ01019,B,Active,Equity
543924,SONALIS,Sonalis Consumer Products Limited,Sonalis Consumer Products Limited,INE0N5O01013,M,Active,Equity
543926,BIZOTIC,Bizotic Commercial Limited,Bizotic Commercial Limited,INE0OJ401014,M,Active,Equity
543927,ASIAN,Asian Warehousing Limited,Asian Warehousing Limited,INE04Z101016,X,Active,Equity
543928,COSMICCRF,Cosmic CRF Limited,Cosmic CRF Limited,INE0ORA01015,M,Active,Equity
543929,HMAAGRO,HMA Agro Industries Limited,HMA Agro Industries Limited,INE0ECP01024,B,Active,Equity
543930,URAVIDEF,Uravi Defence and Technology Limited,Uravi Defence and Technology Limited,INE568Z01015,T,Active,Equity
543931,VEEFIN,VEEFIN SOLUTIONS LIMITED,VEEFIN SOLUTIONS LIMITED,INE0Q0M01015,M,Active,Equity
543932,IDEAFORGE,IDEAFORGE TECHNOLOGY LIMITED,IDEAFORGE TECHNOLOGY LIMITED,INE349Y01013,B,Active,Equity
543933,CYIENTDLM,Cyient DLM Limited,Cyient DLM Limited,INE055S01018,B,Active,Equity
543934,MACIND,Machhar Industries Limited,Machhar Industries Limited,INE01BT01015,XT,Active,Equity
543935,ITADD,DSP Mutual Fund,DSP Mutual Fund,INF740KA1SX1,B,Active,Equity
543936,SENCO,Senco Gold Limited,Senco Gold Limited,INE602W01027,A,Active,Equity
543937,ALPHAIND,ALPHALOGIC INDUSTRIES LIMITED,ALPHALOGIC INDUSTRIES LIMITED,INE0NZF01019,M,Active,Equity
543939,KAKA,Kaka Industries Limited,Kaka Industries Limited,INE0P3N01018,M,Active,Equity
543940,JIOFIN,Jio Financial Services Limited,Jio Financial Services Limited,INE758E01017,A,Active,Equity
543941,AHASOLAR,AHASOLAR TECHNOLOGIES LIMITED,AHASOLAR TECHNOLOGIES LIMITED,INE0NEV01011,M,Active,Equity
543942,UTKARSHBNK,UTKARSH SMALL FINANCE BANK LIMITED,UTKARSH SMALL FINANCE BANK LIMITED,INE735W01017,B,Active,Equity
543943,ASARFI,ASARFI HOSPITAL LIMITED,ASARFI HOSPITAL LIMITED,INE0DN001027,M,Active,Equity
543944,BANKETF,Mirae Asset Mutual Fund,Mirae Asset Mutual Fund,INF769K01KR3,B,Active,Equity
543945,NETWEB,NETWEB TECHNOLOGIES INDIA LIMITED,NETWEB TECHNOLOGIES INDIA LIMITED,INE0NT901020,A,Active,Equity
543947,SENSEXADD,DSP Mutual Fund,DSP Mutual Fund,INF740KA1SZ6,B,Active,Equity
543948,PSUBANKADD,DSP Mutual Fund,DSP Mutual Fund,INF740KA1SY9,B,Active,Equity
543949,PVTBANKADD,DSP Mutual Fund,DSP Mutual Fund,INF740KA1TA7,B,Active,Equity
543950,YATHARTH,YATHARTH HOSPITAL & TRAUMA CARE SERVICES LIMITED,YATHARTH HOSPITAL & TRAUMA CARE SERVICES LIMITED,INE0JO301016,A,Active,Equity
543952,NIITMTS,NIIT Learning Systems Limited,NIIT Learning Systems Limited,INE342G01023,B,Active,Equity
543953,KHAZANCHI,Khazanchi Jewellers Limited,Khazanchi Jewellers Limited,INE0OWC01011,M,Active,Equity
543954,ATL,Allcargo Terminals Limited,Allcargo Terminals Limited,INE0NN701020,B,Active,Equity
543955,TREL,Transindia Real Estate Limited,Transindia Real Estate Limited,INE0O3901029,B,Active,Equity
543956,QUAL30IETF,ICICI Prudential Mutual Fund,ICICI Prudential Mutual Fund,INF109KC18V5,B,Active,Equity
543957,REDTAPE,REDTAPE Limited,REDTAPE Limited,INE0LXT01019,B,Active,Equity
543958,VLEGOV,VL E-Governance & IT Solutions Limited,VL E-Governance & IT Solutions Limited,INE03HW01020,B,Active,Equity
543959,SBFC,SBFC Finance Limited,SBFC Finance Limited,INE423Y01016,A,Active,Equity
543960,CONCORDBIO,Concord Biotech Limited,Concord Biotech Limited,INE338H01029,A,Active,Equity
543962,DPWIRES,D.P. WIRES LIMITED,D.P. WIRES LIMITED,INE864X01013,T,Active,Equity
543963,SHELTER,SHELTER PHARMA LIMITED,SHELTER PHARMA LIMITED,INE013V01011,M,Active,Equity
543965,TVSSCS,TVS Supply Chain Solutions Limited,TVS Supply Chain Solutions Limited,INE395N01027,B,Active,Equity
543969,PYRAMID,Pyramid Technoplast Limited,Pyramid Technoplast Limited,INE0MIS01010,B,Active,Equity
543970,SHOORA,Shoora Designs Limited,Shoora Designs Limited,INE0OJZ01019,M,Active,Equity
543971,BONDADA,Bondada Engineering Limited,Bondada Engineering Limited,INE0Q8P01029,M,Active,Equity
543972,AEROFLEX,Aeroflex Industries Limited,Aeroflex Industries Limited,INE024001021,B,Active,Equity
543974,VPRPL,VISHNU PRAKASH R PUNGLIA LIMITED,VISHNU PRAKASH R PUNGLIA LIMITED,INE0AE001013,B,Active,Equity
543975,MIDCAPBETA,UTI Mutual Fund,UTI Mutual Fund,INF789F1AYX9,B,Active,Equity
543976,SHRAAITECH,Shradha AI Technologies Limited,Shradha AI Technologies Limited,INE489B01031,X,Active,Equity
543977,RISHABH,Rishabh Instruments Limited,Rishabh Instruments Limited,INE0N2P01017,B,Active,Equity
543978,RATNAVEER,Ratnaveer Precision Engineering Limited,Ratnaveer Precision Engineering Limited,INE05CZ01011,B,Active,Equity
543979,KAHAN,Kahan Packaging Limited,Kahan Packaging Limited,INE04T901017,MT,Active,Equity
543980,JLHL,Jupiter Life Line Hospitals Limited,Jupiter Life Line Hospitals Limited,INE682M01020,A,Active,Equity
543981,RRKABEL,R R KABEL LIMITED,R R KABEL LIMITED,INE777K01022,A,Active,Equity
543982,QUESTFLOW,QUEST FLOW CONTROLS LIMITED,QUEST FLOW CONTROLS LIMITED,INE0OYE01013,M,Active,Equity
543983,EMSLIMITED,EMS LIMITED,EMS LIMITED,INE0OV601013,B,Active,Equity
543984,SAMHI,Samhi Hotels Limited,Samhi Hotels Limited,INE08U801020,A,Active,Equity
543985,ZAGGLE,ZAGGLE PREPAID OCEAN SERVICES LIMITED,ZAGGLE PREPAID OCEAN SERVICES LIMITED,INE07K301024,A,Active,Equity
543986,SOUTHWEST,South West Pinnacle Exploration Limited,South West Pinnacle Exploration Limited,INE980Y01015,B,Active,Equity
543988,NUVAMA,Nuvama Wealth Management Limited,Nuvama Wealth Management Limited,INE531F01023,A,Active,Equity
543989,KALAMANDIR,Sai Silks (Kalamandir) Limited,Sai Silks (Kalamandir) Limited,INE438K01021,B,Active,Equity
543990,SIGNATURE,SIGNATUREGLOBAL (INDIA) LIMITED,SIGNATUREGLOBAL (INDIA) LIMITED,INE903U01023,A,Active,Equity
543991,TECHKGREEN,TECHKNOWGREEN SOLUTIONS LIMITED,TECHKNOWGREEN SOLUTIONS LIMITED,INE0P4P01011,M,Active,Equity
543992,YATRA,YATRA ONLINE LIMITED,YATRA ONLINE LIMITED,INE0JR601024,B,Active,Equity
543993,ARCL,ARCL Organics Ltd,ARCL Organics Ltd,INE372M01010,B,Active,Equity
543994,JSWINFRA,JSW Infrastructure Limited,JSW Infrastructure Limited,INE880J01026,A,Active,Equity
543995,MVGJL,MANOJ VAIBHAV GEMS 'N' JEWELLERS LIMITED,MANOJ VAIBHAV GEMS 'N' JEWELLERS LIMITED,INE0KNT01012,B,Active,Equity
543996,UDS,Updater Services Limited,Updater Services Limited,INE851I01011,B,Active,Equity
543997,ORGANICREC,ORGANIC RECYCLING SYSTEMS LIMITED,ORGANIC RECYCLING SYSTEMS LIMITED,INE0MIO01019,M,Active,Equity
543998,VALIANTLAB,Valiant Laboratories Limited,Valiant Laboratories Limited,INE0JWS01017,T,Active,Equity
543999,SENSEXETF,Mirae Asset Mutual Fund,Mirae Asset Mutual Fund,INF769K01KT9,B,Active,Equity
544000,CCAL,CITY CROPS AGRO LIMITED,CITY CROPS AGRO LIMITED,INE0M7501019,MT,Active,Equity
544001,SUNITATOOL,Sunita Tools Limited,Sunita Tools Limited,INE0Q1S01010,MT,Active,Equity
544002,VIVAA,Vivaa Tradecom Limited,Vivaa Tradecom Limited,INE0PA601017,MT,Active,Equity
544003,PLAZACABLE,Plaza Wires Limited,Plaza Wires Limited,INE0INJ01017,B,Active,Equity
544004,IRMENERGY,IRM ENERGY LIMITED,IRM ENERGY LIMITED,INE07U701015,B,Active,Equity
544006,ITETF,Mirae Asset Mutual Fund,Mirae Asset Mutual Fund,INF769K01KV5,B,Active,Equity
544007,ALPHAETF,Mirae Asset Mutual Fund,Mirae Asset Mutual Fund,INF769K01KU7,B,Active,Equity
544008,MAXESTATES,Max Estates Limited,Max Estates Limited,INE03EI01018,B,Active,Equity
544009,BLUEJET,Blue Jet Healthcare Limited,Blue Jet Healthcare Limited,INE0KBH01020,A,Active,Equity
544011,VPL,Vrundavan Plantation Limited,Vrundavan Plantation Limited,INE0Q6901013,M,Active,Equity
544012,CELLO,Cello World Limited,Cello World Limited,INE0LMW01024,A,Active,Equity
544013,KKSHL,KK Shah Hospitals Limited,KK Shah Hospitals Limited,INE0OH401016,M,Active,Equity
544014,HONASA,Honasa Consumer Limited,Honasa Consumer Limited,INE0J5401028,A,Active,Equity
544015,MISHDESIGN,Mish Designs Limited,Mish Designs Limited,INE0QI101019,M,Active,Equity
544020,ESAFSFB,ESAF Small Finance Bank Ltd,ESAF Small Finance Bank Ltd,INE818W01011,T,Active,Equity
544021,PROTEAN,Protean eGov Technologies Limited,Protean eGov Technologies Limited,INE004A01022,A,Active,Equity
544022,ASKAUTOLTD,ASK Automotive Limited,ASK Automotive Limited,INE491J01022,B,Active,Equity
544023,KALYANI,Kalyani Cast-Tech Limited,Kalyani Cast-Tech Limited,INE0N6U01018,MT,Active,Equity
544025,ARROWHEAD,Arrowhead Seperation Engineering Limited,Arrowhead Seperation Engineering Limited,INE0PP401015,M,Active,Equity
544026,IREDA,Indian Renewable Energy Development Agency Limited,Indian Renewable Energy Development Agency Limited,INE202E01016,A,Active,Equity
544027,FEDFINA,Fedbank Financial Services Limited,Fedbank Financial Services Limited,INE007N01010,B,Active,Equity
544028,TATATECH,Tata Technologies Limited,Tata Technologies Limited,INE142M01025,A,Active,Equity
544029,GANDHAR,Gandhar Oil Refinery (India) Limited,Gandhar Oil Refinery (India) Limited,INE717W01049,B,Active,Equity
544030,FLAIR,Flair Writing Industries Limited,Flair Writing Industries Limited,INE00Y201027,B,Active,Equity
544035,SPL,Swashthik Plascon Limited,Swashthik Plascon Limited,INE0RDR01012,M,Active,Equity
544036,DEEPAKCHEM,DEEPAK CHEMTEX LIMITED,DEEPAK CHEMTEX LIMITED,INE0RDM01013,M,Active,Equity
544037,AMIC,Amic Forging Limited,Amic Forging Limited,INE0P9J01013,M,Active,Equity
544042,BAJEL,Bajel Projects Limited,Bajel Projects Limited,INE0KQN01018,B,Active,Equity
544044,INDIASHLTR,India Shelter Finance Corporation Limited,India Shelter Finance Corporation Limited,INE922K01024,A,Active,Equity
544045,DOMS,DOMS Industries Limited,DOMS Industries Limited,INE321T01012,A,Active,Equity
544046,INOXINDIA,INOX India Limited,INOX India Limited,INE616N01034,A,Active,Equity
544047,SIYARAM,Siyaram Recycling Industries Limited,Siyaram Recycling Industries Limited,INE0QSK01017,M,Active,Equity
544052,BENCHMARK,Benchmark Computer Solutions Limited,Benchmark Computer Solutions Limited,INE0Q2Z01013,M,Active,Equity
544053,MOTISONS,Motisons Jewellers Limited,Motisons Jewellers Limited,INE0FRK01020,B,Active,Equity
544054,SURAJEST,Suraj Estate Developers Limited,Suraj Estate Developers Limited,INE843S01025,B,Active,Equity
544055,MUTHOOTMF,Muthoot Microfin Limited,Muthoot Microfin Limited,INE046W01019,B,Active,Equity
544056,SMARITIME,Sahara Maritime Limited,Sahara Maritime Limited,INE0PSJ01011,M,Active,Equity
544057,HAPPYFORGE,Happy Forgings Limited,Happy Forgings Limited,INE330T01021,B,Active,Equity
544058,MUFTI,Credo Brands Marketing Limited,Credo Brands Marketing Limited,INE220Q01020,B,Active,Equity
544059,SHANTIDENM,SHANTI SPINTEX LIMITED,SHANTI SPINTEX LIMITED,INE0QZQ01019,M,Active,Equity
544060,RBZJEWEL,RBZ Jewellers Limited,RBZ Jewellers Limited,INE0PEQ01016,T,Active,Equity
544061,AZAD,Azad Engineering Limited,Azad Engineering Limited,INE02IJ01035,A,Active,Equity
544066,SUNCLAY,SUNDARAM-CLAYTON LIMITED,SUNDARAM-CLAYTON LIMITED,INE0Q3R01026,B,Active,Equity
544067,INNOVACAP,INNOVA CAPTAB LIMITED,INNOVA CAPTAB LIMITED,INE0DUT01020,B,Active,Equity
544072,AIKPIPES,AIK Pipes and Polymers Limited,AIK Pipes and Polymers Limited,INE0QFT01015,M,Active,Equity
544073,MCPL,Manoj Ceramic Limited,Manoj Ceramic Limited,INE0A6N01026,M,Active,Equity
544074,SBVCL,Shri Balaji Valve Components Limited,Shri Balaji Valve Components Limited,INE0RNZ01014,MT,Active,Equity
544079,DIGIDRIVE,DIGIDRIVE DISTRIBUTORS LIMITED,DIGIDRIVE DISTRIBUTORS LIMITED,INE0PSC01024,B,Active,Equity
544080,SHILINDORE,Sayaji Hotels (Indore) Limited,Sayaji Hotels (Indore) Limited,INE0MGS01014,X,Active,Equity
544081,JYOTICNC,Jyoti CNC Automation Limited,Jyoti CNC Automation Limited,INE980O01024,A,Active,Equity
544082,SWANAGRO,New Swan Multitech Limited,New Swan Multitech Limited,INE0GEN01012,M,Active,Equity
544083,SHREE,Shree Marutinandan Tubes Limited,Shree Marutinandan Tubes Limited,INE0QIS01011,M,Active,Equity
544088,MEDIASSIST,Medi Assist Healthcare Services Limited,Medi Assist Healthcare Services Limited,INE456Z01021,A,Active,Equity
544090,SHPLPUNE,Sayaji Hotels (Pune) Limited,Sayaji Hotels (Pune) Limited,INE07G501017,X,Active,Equity
544091,QLL,Qualitek Labs Limited,Qualitek Labs Limited,INE0Q1R01012,MT,Active,Equity
544092,NIFTYBETF,Bajaj Finserv Mutual Fund,Bajaj Finserv Mutual Fund,INF0QA701722,B,Active,Equity
544093,BANKBETF,Bajaj Finserv Mutual Fund,Bajaj Finserv Mutual Fund,INF0QA701714,B,Active,Equity
544094,EUPHORIAIT,Euphoria Infotech (India) Limited,Euphoria Infotech (India) Limited,INE0PYT01018,M,Active,Equity
544095,EPACK,EPACK Durable Limited,EPACK Durable Limited,INE0G5901015,B,Active,Equity
544100,NOVAAGRI,Nova Agritech Limited,Nova Agritech Limited,INE02H701025,B,Active,Equity
544101,BRISK,Brisk Technovision Limited,Brisk Technovision Limited,INE0Q6L01014,MT,Active,Equity
544102,ITBETA,UTI Mutual Fund,UTI Mutual Fund,INF789F1AZD8,B,Active,Equity
544105,HARSHDEEP,HARSHDEEP HORTICO LIMITED,HARSHDEEP HORTICO LIMITED,INE0OLZ01015,M,Active,Equity
544106,MCFL,Mayank Cattle Food Limited,Mayank Cattle Food Limited,INE0R5Z01015,MT,Active,Equity
544107,BLSE,BLS E-Services Limited,BLS E-Services Limited,INE0NLT01010,B,Active,Equity
544108,GPSL,Gabriel Pet Straps Limited,Gabriel Pet Straps Limited,INE0QZF01012,M,Active,Equity
544109,HEALTHADD,DSP Mutual Fund,DSP Mutual Fund,INF740KA1ZG1,B,Active,Equity
544110,HDFCPSUBK,HDFC Mutual Fund,HDFC Mutual Fund,INF179KC1HW4,B,Active,Equity
544111,PARKHOTELS,Apeejay Surrendra Park Hotels Limited,Apeejay Surrendra Park Hotels Limited,INE988S01028,B,Active,Equity
544112,JGTL,JASCH GAUGING TECHNOLOGIES LIMITED,JASCH GAUGING TECHNOLOGIES LIMITED,INE0QXV01014,X,Active,Equity
544117,SIGNPOST,Signpost India Limited,Signpost India Limited,INE0KGZ01021,B,Active,Equity
544118,JSFB,JANA SMALL FINANCE BANK LIMITED,JANA SMALL FINANCE BANK LIMITED,INE953L01027,A,Active,Equity
544119,RPTECH,Rashi Peripherals Limited,Rashi Peripherals Limited,INE0J1F01024,B,Active,Equity
544120,CAPITALSFB,Capital Small Finance Bank Ltd,Capital Small Finance Bank Ltd,INE646H01017,B,Active,Equity
544121,RUDRAGAS,Rudra Gas Enterprise Limited,Rudra Gas Enterprise Limited,INE0OYK01010,M,Active,Equity
544122,ENTERO,Entero Healthcare Solutions Limited,Entero Healthcare Solutions Limited,INE010601016,B,Active,Equity
544123,LICNMID100,LIC Mutual Fund,LIC Mutual Fund,INF767K01RN1,B,Active,Equity
544124,VSTL,VIBHOR STEEL TUBES LIMITED,VIBHOR STEEL TUBES LIMITED,INE0QTF01015,B,Active,Equity
544129,JUNIPER,Juniper Hotels Limited,Juniper Hotels Limited,INE696F01016,B,Active,Equity
544130,SMALLCAP,Mirae Asset Mutual Fund,Mirae Asset Mutual Fund,INF769K01LC3,B,Active,Equity
544131,GPTHEALTH,GPT Healthcare Limited,GPT Healthcare Limited,INE486R01017,B,Active,Equity
544133,EXICOM,EXICOM TELE-SYSTEMS LIMITED,EXICOM TELE-SYSTEMS LIMITED,INE777F01014,B,Active,Equity
544134,PLATIND,Platinum Industries Limited,Platinum Industries Limited,INE0PT501018,B,Active,Equity
544135,MUKKA,Mukka Proteins Limited,Mukka Proteins Limited,INE0CG401037,T,Active,Equity
544136,RKSWAMY,R K Swamy Limited,R K Swamy Limited,INE0NQ801033,B,Active,Equity
544138,JGCHEM,J.G.Chemicals Limited,J.G.Chemicals Limited,INE0MB501011,B,Active,Equity
544139,KOURA,KOURA FINE DIAMOND JEWELRY LIMITED,KOURA FINE DIAMOND JEWELRY LIMITED,INE0M8R01011,MT,Active,Equity
544140,GOPAL,Gopal Snacks Limited,Gopal Snacks Limited,INE0L9R01028,B,Active,Equity
544141,PESB,Pune E - Stock Broking Limited,Pune E - Stock Broking Limited,INE510U01018,M,Active,Equity
544142,SCILAL,Shipping Corporation of India Land and Assets Limited,Shipping Corporation of India Land and Assets Limited,INE0PB301013,B,Active,Equity
544143,ROYAL,Royal Sense Limited,Royal Sense Limited,INE0QQG01019,M,Active,Equity
544144,PVSL,Popular Vehicles and Services Limited,Popular Vehicles and Services Limited,INE772T01024,B,Active,Equity
544149,KRYSTAL,KRYSTAL INTEGRATED SERVICES LIMITED,KRYSTAL INTEGRATED SERVICES LIMITED,INE0QN801017,B,Active,Equity
544150,KPGEL,KP GREEN ENGINEERING LIMITED,KP GREEN ENGINEERING LIMITED,INE0QVH01025,M,Active,Equity
544151,CHATHA,CHATHA FOODS LIMITED,CHATHA FOODS LIMITED,INE0AH901011,MT,Active,Equity
544156,GCONNECT,Gconnect Logitech and Supply Chain Limited,Gconnect Logitech and Supply Chain Limited,INE0QHY01011,MT,Active,Equity
544157,VRUDDHI,Vruddhi Engineering Works Limited,Vruddhi Engineering Works Limited,INE0OMZ01013,M,Active,Equity
544158,SRM,SRM CONTRACTORS LIMITED,SRM CONTRACTORS LIMITED,INE0R6Z01013,B,Active,Equity
544160,JAYKAILASH,Jay Kailash Namkeen Limited,Jay Kailash Namkeen Limited,INE0MSS01019,MT,Active,Equity
544161,DPABHUSHAN,D P ABHUSHAN LIMITED,D P ABHUSHAN LIMITED,INE266Y01019,B,Active,Equity
544162,BHARTIHEXA,Bharti Hexacom Limited,Bharti Hexacom Limited,INE343G01021,A,Active,Equity
544163,GVL,Greenhitech Ventures Limited,Greenhitech Ventures Limited,INE0S0701019,M,Active,Equity
544164,FAALCON,Faalcon Concepts Limited,Faalcon Concepts Limited,INE0Q9W01015,MT,Active,Equity
544165,SHIVAM,SHIVAM CHEMICALS LIMITED,SHIVAM CHEMICALS LIMITED,INE0SGR01013,M,Active,Equity
544166,EMMFORCE,EMMFORCE AUTOTECH LIMITED,EMMFORCE AUTOTECH LIMITED,INE0SDC01012,MT,Active,Equity
544167,JNKINDIA,JNK India Limited,JNK India Limited,INE0OAF01028,B,Active,Equity
544168,VARYAA,VARYAA CREATIONS LIMITED,VARYAA CREATIONS LIMITED,INE0R6801013,M,Active,Equity
544169,AMKAY,Amkay Products Limited,Amkay Products Limited,INE0QSB01016,M,Active,Equity
544170,DKUAL,Dolphin Kitchen Utencils and Appliances Limited,Dolphin Kitchen Utencils and Appliances Limited,INE0QXT01018,M,Active,Equity
544171,STAL,Storage Technologies and Automation Limited,Storage Technologies and Automation Limited,INE0RGM01016,MT,Active,Equity
544172,INDGN,Indegene Limited,Indegene Limited,INE065X01017,A,Active,Equity
544173,FTL,Finelistings Technologies Limited,Finelistings Technologies Limited,INE0QOQ01013,MT,Active,Equity
544174,TBOTEK,TBO TEK LIMITED,TBO TEK LIMITED,INE673O01025,A,Active,Equity
544175,TGIF,TGIF AGRIBUSINESS LIMITED,TGIF AGRIBUSINESS LIMITED,INE0SMU01015,M,Active,Equity
544176,AADHARHFC,Aadhar Housing Finance Limited,Aadhar Housing Finance Limited,INE883F01010,A,Active,Equity
544177,AZTEC,Aztec Fluids & Machinery Limited,Aztec Fluids & Machinery Limited,INE0SCB01016,M,Active,Equity
544178,PIOTEX,PIOTEX INDUSTRIES LIMITED,PIOTEX INDUSTRIES LIMITED,INE0R4W01015,M,Active,Equity
544179,GODIGIT,Go Digit General Insurance Limited,Go Digit General Insurance Limited,INE03JT01014,A,Active,Equity
544180,MIDSMALL,Mirae Asset Mutual Fund,Mirae Asset Mutual Fund,INF769K01LJ8,B,Active,Equity
544181,AWFIS,Awfis Space Solutions Limited,Awfis Space Solutions Limited,INE108V01019,A,Active,Equity
544183,ASSOCIATED,Associated Coaters Limited,Associated Coaters Limited,INE0RIQ01013,M,Active,Equity
544184,BOROSCI,Borosil Scientific Limited,Borosil Scientific Limited,INE02L001032,B,Active,Equity
544185,ADTECH,ADTECH SYSTEMS LIMITED,ADTECH SYSTEMS LIMITED,INE257C01014,X,Active,Equity
544186,TOTEM,Forbes Precision Tools and Machine Parts Limited,Forbes Precision Tools and Machine Parts Limited,INE0TT901016,X,Active,Equity
544187,KRONOX,KRONOX LAB SCIENCES LIMITED,KRONOX LAB SCIENCES LIMITED,INE0ATZ01017,T,Active,Equity
544188,MAGENTA,Magenta Lifecare Limited,Magenta Lifecare Limited,INE0QZ901011,M,Active,Equity
544189,SATTRIX,SATTRIX INFORMATION SECURITY LIMITED,SATTRIX INFORMATION SECURITY LIMITED,INE0QUV01010,M,Active,Equity
544190,3CIT,3C IT Solutions and Telecoms (India) Limited,3C IT Solutions and Telecoms (India) Limited,INE0R7D01018,M,Active,Equity
544191,PURPLEFIN,Purple Finance Limited,Purple Finance Limited,INE0CYK01015,X,Active,Equity
544192,IXIGO,Le Travenues Technology Limited,Le Travenues Technology Limited,INE0HV901016,A,Active,Equity
544193,MID150CASE,Zerodha Mutual Fund,Zerodha Mutual Fund,INF0R8F01059,B,Active,Equity
544194,TOP100CASE,Zerodha Mutual Fund,Zerodha Mutual Fund,INF0R8F01067,B,Active,Equity
544195,COTFAB,United Cotfab Limited,United Cotfab Limited,INE0S0I01011,M,Active,Equity
544196,BBNPNBETF,BARODA BNP PARIBAS MUTUAL FUND,BARODA BNP PARIBAS MUTUAL FUND,INF251K01TL6,B,Active,Equity
544197,RETAIL,JHS SVENDGAARD RETAIL VENTURES LIMITED,JHS SVENDGAARD RETAIL VENTURES LIMITED,INE03DD01011,B,Active,Equity
544198,DEEDEV,DEE DEVELOPMENT ENGINEERS LIMITED,DEE DEVELOPMENT ENGINEERS LIMITED,INE841L01016,B,Active,Equity
544199,GEMENVIRO,GEM Enviro Management Limited,GEM Enviro Management Limited,INE0RUJ01013,M,Active,Equity
544200,AFIL,Akme Fintrade (India) Limited,Akme Fintrade (India) Limited,INE916Y01027,B,Active,Equity
544201,DFPL,DINDIGUL FARM PRODUCT LIMITED,DINDIGUL FARM PRODUCT LIMITED,INE0S6R01027,MT,Active,Equity
544202,STANLEY,STANLEY LIFESTYLES LIMITED,STANLEY LIFESTYLES LIMITED,INE01A001028,B,Active,Equity
544203,ABDL,Allied Blenders and Distillers Limited,Allied Blenders and Distillers Limited,INE552Z01027,A,Active,Equity
544204,VRAJ,VRAJ IRON AND STEEL LIMITED,VRAJ IRON AND STEEL LIMITED,INE0S2V01010,B,Active,Equity
544205,NPL,National Peroxide Limited,National Peroxide Limited,INE0PO601011,XT,Active,Equity
544207,RELIABLE,Reliable Data Services Limited,Reliable Data Services Limited,INE375Y01018,B,Active,Equity
544209,BANSALWIRE,Bansal Wire Industries Limited,Bansal Wire Industries Limited,INE0B9K01025,B,Active,Equity
544210,EMCURE,Emcure Pharmaceuticals Limited,Emcure Pharmaceuticals Limited,INE168P01015,A,Active,Equity
544212,EVINDIA,Mirae Asset Mutual Fund,Mirae Asset Mutual Fund,INF769K01LQ3,B,Active,Equity
544213,ACLD,AELEA COMMODITIES LIMITED,AELEA COMMODITIES LIMITED,INE0T3401029,M,Active,Equity
544214,THREEMPAPE,THREE M PAPER BOARDS LIMITED,THREE M PAPER BOARDS LIMITED,INE0UK501010,M,Active,Equity
544215,SBINEQWETF,SBI Mutual Fund,SBI Mutual Fund,INF200KB1282,B,Active,Equity
544216,OILIETF,ICICI Prudential Mutual Fund,ICICI Prudential Mutual Fund,INF109KC18W3,B,Active,Equity
544217,SANSTAR,SANSTAR LIMITED,SANSTAR LIMITED,INE08NE01025,B,Active,Equity
544218,ABSLPSE,Aditya Birla Sun Life Mutual Fund,Aditya Birla Sun Life Mutual Fund,INF209KB19Z4,B,Active,Equity
544219,VVIPIL,VVIP Infratech Limited,VVIP Infratech Limited,INE0MNP01016,M,Active,Equity
544220,CTLLAB,Clinitech Laboratory Limited,Clinitech Laboratory Limited,INE0QMR01015,M,Active,Equity
544221,KIZI,Kizi Apparels Limited,Kizi Apparels Limited,INE0RMR01013,MT,Active,Equity
544222,AKUMS,Akums Drugs and Pharmaceuticals Limited,Akums Drugs and Pharmaceuticals Limited,INE09XN01023,B,Active,Equity
544223,CEIGALL,Ceigall India Limited,Ceigall India Limited,INE0AG901020,B,Active,Equity
544224,AFCOM,Afcom Holdings Limited,Afcom Holdings Limited,INE0OXY01013,M,Active,Equity
544225,OLAELEC,Ola Electric Mobility Limited,Ola Electric Mobility Limited,INE0LXG01040,A,Active,Equity
544226,FIRSTCRY,Brainbees Solutions Limited,Brainbees Solutions Limited,INE02RE01045,A,Active,Equity
544227,UNIECOM,UNICOMMERCE ESOLUTIONS LIMITED,UNICOMMERCE ESOLUTIONS LIMITED,INE00U401027,B,Active,Equity
544229,METALIETF,ICICI Prudential Mutual Fund,ICICI Prudential Mutual Fund,INF109KC19W1,B,Active,Equity
544230,SSDL,SARASWATI SAREE DEPOT LIMITED,SARASWATI SAREE DEPOT LIMITED,INE0PQ101010,B,Active,Equity
544231,BROACH,BROACH LIFECARE HOSPITAL LIMITED,BROACH LIFECARE HOSPITAL LIMITED,INE0SFZ01018,M,Active,Equity
544232,INTERARCH,Interarch Building Solutions Limited,Interarch Building Solutions Limited,INE00M901018,B,Active,Equity
544233,MFML,Mahalaxmi Fabric Mills Limited,Mahalaxmi Fabric Mills Limited,INE0US801024,B,Active,Equity
544234,GLOBALE,Globale Tessile Limited,Globale Tessile Limited,INE0URU01010,B,Active,Equity
544235,ORIENTTECH,Orient Technologies Limited,Orient Technologies Limited,INE0PPK01015,B,Active,Equity
544236,RAL,Resourceful Automobile Limited,Resourceful Automobile Limited,INE0SK201011,M,Active,Equity
544237,RAPID,RAPID MULTIMODAL LOGISTICS LIMITED,RAPID MULTIMODAL LOGISTICS LIMITED,INE0QA901010,M,Active,Equity
544238,PREMIERENE,Premier Energies Limited,Premier Energies Limited,INE0BS701011,A,Active,Equity
544239,ECOSMOBLTY,ECOS (India) Mobility & Hospitality Limited,ECOS (India) Mobility & Hospitality Limited,INE06HJ01020,B,Active,Equity
544240,RAYMONDLSL,Raymond Lifestyle Limited,Raymond Lifestyle Limited,INE02ID01020,A,Active,Equity
544241,MULTICAP,Mirae Asset Mutual Fund,Mirae Asset Mutual Fund,INF769K01LX9,B,Active,Equity
544242,TRAVELS,Travels & rentals Limited,Travels & rentals Limited,INE0SG001011,M,Active,Equity
544243,STYLEBAAZA,Baazar Style Retail Limited,Baazar Style Retail Limited,INE01FR01028,B,Active,Equity
544244,GALAPREC,Gala Precision Engineering Limited,Gala Precision Engineering Limited,INE0RE001014,B,Active,Equity
544245,NHL,Naturewings Holidays Limited,Naturewings Holidays Limited,INE0N4701016,M,Active,Equity
544246,RVTH,Revathi Equipment India Limited,Revathi Equipment India Limited,INE0DAB01012,B,Active,Equity
544247,TOP10ADD,DSP Mutual Fund,DSP Mutual Fund,INF740KA1UR9,B,Active,Equity
544248,MACHLTD,MACH TRAVEL SOLUTIONS LIMITED,MACH TRAVEL SOLUTIONS LIMITED,INE0UYT01018,M,Active,Equity
544249,BALAJEE,SHREE TIRUPATI BALAJEE AGRO TRADING COMPANY LIMITED,SHREE TIRUPATI BALAJEE AGRO TRADING COMPANY LIMITED,INE0S2G01011,B,Active,Equity
544250,SANOFICONR,Sanofi Consumer Healthcare India Limited,Sanofi Consumer Healthcare India Limited,INE0UOS01011,B,Active,Equity
544251,SSL,Share Samadhan Limited,Share Samadhan Limited,INE0LY301010,MT,Active,Equity
544252,BAJAJHFL,Bajaj Housing Finance Limited,Bajaj Housing Finance Limited,INE377Y01014,A,Active,Equity
544253,KROSS,Kross Limited,Kross Limited,INE0O6601022,B,Active,Equity
544254,TOLINS,Tolins Tyres Limited,Tolins Tyres Limited,INE0RWQ01014,B,Active,Equity
544256,PNGJL,P N GADGIL JEWELLERS LIMITED,P N GADGIL JEWELLERS LIMITED,INE953R01016,B,Active,Equity
544257,SAFE,Sodhani Academy of Fintech Enablers Limited,Sodhani Academy of Fintech Enablers Limited,INE0Q3401017,M,Active,Equity
544258,WCIL,Western Carriers (India) Limited,Western Carriers (India) Limited,INE0CJF01024,B,Active,Equity
544259,PFL,POPULAR FOUNDATIONS LIMITED,POPULAR FOUNDATIONS LIMITED,INE0PZB01013,M,Active,Equity
544260,NORTHARC,Northern Arc Capital Ltd.,Northern Arc Capital Ltd.,INE850M01015,A,Active,Equity
544261,ARKADE,ARKADE DEVELOPERS LIMITED,ARKADE DEVELOPERS LIMITED,INE0QRL01017,B,Active,Equity
544262,MANBA,Manba Finance Limited,Manba Finance Limited,INE939X01013,B,Active,Equity
544263,KRN,KRN HEAT EXCHANGER AND REFRIGERATION LIMITED,KRN HEAT EXCHANGER AND REFRIGERATION LIMITED,INE0Q3J01015,A,Active,Equity
544264,DIFFNKG,Diffusion Engineers Limited,Diffusion Engineers Limited,INE184O01015,B,Active,Equity
544265,NEXXUS,Nexxus Petro Industries Limited,Nexxus Petro Industries Limited,INE0QUL01011,M,Active,Equity
544266,BANKPSU,Mirae Asset Mutual Fund,Mirae Asset Mutual Fund,INF769K01LZ4,B,Active,Equity
544267,SUBAM,SUBAM PAPERS LIMITED,SUBAM PAPERS LIMITED,INE0U6201010,M,Active,Equity
544268,METAL,Mirae Asset Mutual Fund,Mirae Asset Mutual Fund,INF769K01LY7,B,Active,Equity
544269,NPFL,NEOPOLITAN PIZZA AND FOODS LIMITED,NEOPOLITAN PIZZA AND FOODS LIMITED,INE471R01019,M,Active,Equity
544270,KGVL,Khyati Global Ventures Limited,Khyati Global Ventures Limited,INE0S9501014,M,Active,Equity
544271,GARUDA,Garuda Construction and Engineering Limited,Garuda Construction and Engineering Limited,INE0JVO01026,B,Active,Equity
544272,SHIVTEXCHEM,SHIV TEXCHEM LIMITED,SHIV TEXCHEM LIMITED,INE0YRO01015,M,Active,Equity
544273,MGEL,MANGALAM GLOBAL ENTERPRISE LIMITED,MANGALAM GLOBAL ENTERPRISE LIMITED,INE0APB01032,B,Active,Equity
544274,HYUNDAI,HYUNDAI MOTOR INDIA LIMITED,HYUNDAI MOTOR INDIA LIMITED,INE0V6F01027,A,Active,Equity
544275,VAL30IETF,ICICI Prudential Mutual Fund,ICICI Prudential Mutual Fund,INF109KC16X5,B,Active,Equity
544276,DBEIL,Deepak Builders and Engineers India Limited,Deepak Builders and Engineers India Limited,INE0OPA01027,B,Active,Equity
544277,WAAREEENER,Waaree Energies Limited,Waaree Energies Limited,INE377N01017,A,Active,Equity
544278,OCCLLTD,OCCL Limited,OCCL Limited,INE0PK601023,T,Active,Equity
544279,GODAVARIB,Godavari Biorefineries Limited,Godavari Biorefineries Limited,INE497S01012,B,Active,Equity
544280,AFCONS,Afcons Infrastructure Limited,Afcons Infrastructure Limited,INE101I01011,A,Active,Equity
544281,ABINFRA,A B INFRABUILD LIMITED,A B INFRABUILD LIMITED,INE00YB01025,T,Active,Equity
544282,SAGILITY,Sagility Limited,Sagility Limited,INE0W2G01015,A,Active,Equity
544283,ACMESOLAR,ACME Solar Holdings Limited,ACME Solar Holdings Limited,INE622W01025,A,Active,Equity
544285,SWIGGY,SWIGGY LIMITED,SWIGGY LIMITED,INE00H001014,A,Active,Equity
544286,NIVABUPA,NIVA BUPA HEALTH INSURANCE COMPANY LIMITED,NIVA BUPA HEALTH INSURANCE COMPANY LIMITED,INE995S01015,A,Active,Equity
544287,MANGALCOMP,Mangal Compusolution Limited,Mangal Compusolution Limited,INE0RU901015,M,Active,Equity
544288,BLACKBUCK,BlackBuck Limited,BlackBuck Limited,INE0UIZ01018,A,Active,Equity
544289,NTPCGREEN,NTPC GREEN ENERGY LIMITED,NTPC GREEN ENERGY LIMITED,INE0ONG01011,A,Active,Equity
544290,EIEL,ENVIRO INFRA ENGINEERS LIMITED,ENVIRO INFRA ENGINEERS LIMITED,INE0LLY01014,B,Active,Equity
544291,RAJESH,RAJESH POWER SERVICES LIMITED,RAJESH POWER SERVICES LIMITED,INE0VN801010,M,Active,Equity
544292,ONESOURCE,Onesource Specialty Pharma Limited,Onesource Specialty Pharma Limited,INE013P01021,A,Active,Equity
544293,SURAKSHA,SURAKSHA DIAGNOSTIC LIMITED,SURAKSHA DIAGNOSTIC LIMITED,INE877V01027,B,Active,Equity
544294,ROSSTECH,Rossell Techsys Limited,Rossell Techsys Limited,INE0OJW01016,B,Active,Equity
544296,NISUS,NISUS FINANCE SERVICES CO LIMITED,NISUS FINANCE SERVICES CO LIMITED,INE0DQN01013,M,Active,Equity
544301,ODIGMA,Odigma Consultancy Solutions Limited,Odigma Consultancy Solutions Limited,INE054301028,B,Active,Equity
544302,INNOVANA,Innovana Thinklabs Limited,Innovana Thinklabs Limited,INE403Y01018,B,Active,Equity
544303,TTC,TOSS THE COIN LIMITED,TOSS THE COIN LIMITED,INE0XAY01012,M,Active,Equity
544304,JUNGLECAMP,JUNGLE CAMPS INDIA LIMITED,JUNGLE CAMPS INDIA LIMITED,INE0WCH01015,M,Active,Equity
544305,MOBIKWIK,One Mobikwik Systems Limited,One Mobikwik Systems Limited,INE0HLU01028,B,Active,Equity
544306,SAILIFE,Sai Life Sciences Limited,Sai Life Sciences Limited,INE570L01029,A,Active,Equity
544307,VMM,Vishal Mega Mart Limited,Vishal Mega Mart Limited,INE01EA01019,A,Active,Equity
544308,HILLTONE,Hilltone Software and Gases Ltd,Hilltone Software and Gases Ltd,INE168C01013,X,Active,Equity
544309,IKS,INVENTURUS KNOWLEDGE SOLUTIONS LIMITED,INVENTURUS KNOWLEDGE SOLUTIONS LIMITED,INE115Q01022,A,Active,Equity
544310,YASHHV,Yash Highvoltage Limited,Yash Highvoltage Limited,INE00GK01023,M,Active,Equity
544311,IGIL,International Gemological Institute Limited,International Gemological Institute Limited,INE0Q9301021,A,Active,Equity
544312,HAMPS,HAMPS BIO LIMITED,HAMPS BIO LIMITED,INE0QBD01018,M,Active,Equity
544313,NACDAC,NACDAC Infrastructure Limited,NACDAC Infrastructure Limited,INE0LB101011,M,Active,Equity
544314,SANATHAN,Sanathan Textiles Limited,Sanathan Textiles Limited,INE0JPD01013,B,Active,Equity
544315,CEWATER,Concord Enviro Systems Limited,Concord Enviro Systems Limited,INE037Z01029,B,Active,Equity
544316,DAMCAPITAL,DAM Capital Advisors Limited,DAM Capital Advisors Limited,INE284H01025,B,Active,Equity
544317,TRANSRAILL,Transrail Lighting Limited,Transrail Lighting Limited,INE454P01035,A,Active,Equity
544318,MAMATA,MAMATA MACHINERY LIMITED,MAMATA MACHINERY LIMITED,INE0TO701015,B,Active,Equity
544319,SENORES,SENORES PHARMACEUTICALS LIMITED,SENORES PHARMACEUTICALS LIMITED,INE0RB801010,A,Active,Equity
544320,CARRARO,CARRARO INDIA LIMITED,CARRARO INDIA LIMITED,INE0V7W01012,B,Active,Equity
544321,VENTIVE,Ventive Hospitality Limited,Ventive Hospitality Limited,INE781S01027,B,Active,Equity
544322,UNIMECH,Unimech Aerospace and Manufacturing Limited,Unimech Aerospace and Manufacturing Limited,INE0U3I01011,B,Active,Equity
544323,CONSUMER,Mirae Asset Mutual Fund,Mirae Asset Mutual Fund,INF769K01NS5,B,Active,Equity
544324,CITICHEM,Citichem India Limited,Citichem India Limited,INE0A8401016,M,Active,Equity
544325,ITCHOTELS,ITC Hotels Limited,ITC Hotels Limited,INE379A01028,A,Active,Equity
544326,ECAPINSURE,Edelweiss Mutual Fund,Edelweiss Mutual Fund,INF754K01TX4,B,Active,Equity
544327,TECHNICHEM,TECHNICHEM ORGANICS LIMITED,TECHNICHEM ORGANICS LIMITED,INE0ZHT01012,MT,Active,Equity
544328,INDOFARM,INDO FARM EQUIPMENT LIMITED,INDO FARM EQUIPMENT LIMITED,INE622H01018,B,Active,Equity
544329,VANDU,LEO DRYFRUITS & SPICES TRADING LIMITED,LEO DRYFRUITS & SPICES TRADING LIMITED,INE0RH001011,M,Active,Equity
544330,PARMESHWAR,PARMESHWAR METAL LIMITED,PARMESHWAR METAL LIMITED,INE0QQJ01021,MT,Active,Equity
544331,DAVIN,Davin Sons Retail Limited,Davin Sons Retail Limited,INE0Q2L01013,M,Active,Equity
544332,FABCLEAN,Fabtech Cleanrooms Limited,Fabtech Cleanrooms Limited,INE0HSD01011,M,Active,Equity
544333,SETL,STANDARD ENGINEERING TECHNOLOGY LIMITED,STANDARD ENGINEERING TECHNOLOGY LIMITED,INE0M4D01010,B,Active,Equity
544334,INDOBELL,Indobell Insulations Limited,Indobell Insulations Limited,INE0FK501019,MT,Active,Equity
544335,BRGIL,B.R.GOYAL INFRASTRUCTURE LIMITED,B.R.GOYAL INFRASTRUCTURE LIMITED,INE00ST01011,MT,Active,Equity
544336,QUADFUTURE,Quadrant Future Tek Limited,Quadrant Future Tek Limited,INE0LRY01011,B,Active,Equity
544337,AVAX,Avax Apparels and Ornaments Limited,Avax Apparels and Ornaments Limited,INE0NQ401024,MT,Active,Equity
544339,LAXMIDENTL,Laxmi Dental Limited,Laxmi Dental Limited,INE0WO601020,B,Active,Equity
544340,RIKHAV,Rikhav Securities Limited,Rikhav Securities Limited,INE0CFH01028,M,Active,Equity
544341,LGLL,LANDMARK GLOBAL LEARNING LIMITED,LANDMARK GLOBAL LEARNING LIMITED,INE12QA01010,M,Active,Equity
544342,STALLION,Stallion India Fluorochemicals Limited,Stallion India Fluorochemicals Limited,INE0RYC01010,T,Active,Equity
544343,CNINFOTECH,CAPITALNUMBERS INFOTECH  LIMITED,CAPITALNUMBERS INFOTECH  LIMITED,INE0WXM01011,M,Active,Equity
544344,SHRIPISTON,SPR Auto Technologies Limited,SPR Auto Technologies Limited,INE526E01018,A,Active,Equity
544345,DENTA,Denta Water and Infra Solutions Limited,Denta Water and Infra Solutions Limited,INE0R4L01018,B,Active,Equity
544346,RRECL,RDB Real Estate Constructions Limited,RDB Real Estate Constructions Limited,INE0AK901016,B,Active,Equity
544347,CLN,CLN ENERGY LIMITED,CLN ENERGY LIMITED,INE0WDX01010,MT,Active,Equity
544348,GBLOGISTIC,GB Logistics Commerce Limited,GB Logistics Commerce Limited,INE0RWU01016,M,Active,Equity
544349,HMEML,H.M. ELECTRO MECH LIMITED,H.M. ELECTRO MECH LIMITED,INE0DZD01015,M,Active,Equity
544350,AGARWALEYE,Dr. Agarwal's Health Care Limited,Dr. Agarwal's Health Care Limited,INE943P01029,A,Active,Equity
544351,MALPANI,MALPANI PIPES AND FITTINGS LIMITED,MALPANI PIPES AND FITTINGS LIMITED,INE0YON01014,M,Active,Equity
544352,NEXT30ADD,DSP Mutual Fund,DSP Mutual Fund,INF740KA1VE5,B,Active,Equity
544353,AMWILL,Amwill Health Care Limited,Amwill Health Care Limited,INE0U2L01017,M,Active,Equity
544354,SOLARIUM,SOLARIUM GREEN ENERGY LIMITED,SOLARIUM GREEN ENERGY LIMITED,INE0W0H01017,M,Active,Equity
544355,JUBLCPL,Jubilant Agri and Consumer Products Limited,Jubilant Agri and Consumer Products Limited,INE03CC01015,B,Active,Equity
544356,AJAXENGG,AJAX Engineering Limited,AJAX Engineering Limited,INE274Y01021,B,Active,Equity
544361,COVANCE,COVANCE SOFTSOL LIMITED,COVANCE SOFTSOL LIMITED,INE0R8101016,X,Active,Equity
544362,HEXT,Hexaware Technologies Limited,Hexaware Technologies Limited,INE093A01041,A,Active,Equity
544364,BAJAJINDEF,Indef Manufacturing Limited,Indef Manufacturing Limited,INE0O9T01021,B,Active,Equity
544365,SHANMUGA,SHANMUGA HOSPITAL LIMITED,SHANMUGA HOSPITAL LIMITED,INE0TD301017,M,Active,Equity
544366,LKMEHTA,L.K.MEHTA POLYMERS LIMITED,L.K.MEHTA POLYMERS LIMITED,INE0FFF01017,M,Active,Equity
544367,QPOWER,QUALITY POWER ELECTRICAL EQUIPMENTS LIMITED,QUALITY POWER ELECTRICAL EQUIPMENTS LIMITED,INE0SII01026,B,Active,Equity
544368,SWASTH,Swasth Foodtech India Limited,Swasth Foodtech India Limited,INE0TIR01017,M,Active,Equity
544369,BEEZAASAN,Beezaasan Explotech Limited,Beezaasan Explotech Limited,INE13VU01016,MT,Active,Equity
544370,NUKLEUS,NUKLEUS OFFICE SOLUTIONS LIMITED,NUKLEUS OFFICE SOLUTIONS LIMITED,INE0VYX01018,M,Active,Equity
544371,VIKRAMAR,VIKRAM AROMA LIMITED,VIKRAM AROMA LIMITED,INE0NR501012,XT,Active,Equity
544372,SHREENATH,SHREENATH PAPER PRODUCTS LIMITED,SHREENATH PAPER PRODUCTS LIMITED,INE0RXS01018,M,Active,Equity
544373,NAPSGLOBAL,NAPS Global India Limited,NAPS Global India Limited,INE0VNH01014,MT,Active,Equity
544376,SELECTIPO,Mirae Asset Mutual Fund,Mirae Asset Mutual Fund,INF769K01ON4,B,Active,Equity
544377,EQUAL200,Mirae Asset Mutual Fund,Mirae Asset Mutual Fund,INF769K01OA1,B,Active,Equity
544378,PSPL,PDP Shipping & Projects Limited,PDP Shipping & Projects Limited,INE0ABU01016,M,Active,Equity
544379,PRABHA,Prabha Energy Limited,Prabha Energy Limited,INE0I0M01023,B,Active,Equity
544381,SUPERIRON,Super Iron Foundry Limited,Super Iron Foundry Limited,INE16IQ01014,M,Active,Equity
544382,VALUEAXIS,Axis Mutual Fund,Axis Mutual Fund,INF846KA1119,B,Active,Equity
544383,PPARIVAH,PARADEEP PARIVAHAN LIMITED,PARADEEP PARIVAHAN LIMITED,INE0SMW01011,MT,Active,Equity
544385,SBIBPB,SBI Mutual Fund,SBI Mutual Fund,INF200KB1712,B,Active,Equity
544386,SPECTRUM,Spectrum Electrical Industries Limited,Spectrum Electrical Industries Limited,INE01EO01010,T,Active,Equity
544387,DESCO,Desco Infratech Limited,Desco Infratech Limited,INE0TGG01014,M,Active,Equity
544388,IDENTIXWEB,Identixweb Limited,Identixweb Limited,INE0PA401012,M,Active,Equity
544390,ENRIN,Siemens Energy India Limited,Siemens Energy India Limited,INE1NPP01017,A,Active,Equity
544391,RETAGGIO,Retaggio Industries Limited,Retaggio Industries Limited,INE0KWJ01014,M,Active,Equity
544392,SPINAROO,SPINAROO COMMERCIAL LIMITED,SPINAROO COMMERCIAL LIMITED,INE10XX01012,M,Active,Equity
544393,INFONATIVE,INFONATIVE SOLUTIONS LIMITED,INFONATIVE SOLUTIONS LIMITED,INE12IB01015,MT,Active,Equity
544394,EVIETF,ICICI Prudential Mutual Fund,ICICI Prudential Mutual Fund,INF109K1A153,B,Active,Equity
544395,STLNETWORK,STL Networks Limited,STL Networks Limited,INE1VXE01018,B,Active,Equity
544396,NPST,Network People Services Technologies Limited,Network People Services Technologies Limited,INE0FFK01017,B,Active,Equity
544397,ATHERENERG,Ather Energy Limited,Ather Energy Limited,INE0LEZ01016,A,Active,Equity
544398,KENRIK,Kenrik Industries Limited,Kenrik Industries Limited,INE0AOG01018,MT,Active,Equity
544399,SRIGEE,SRIGEE DLM LIMITED,SRIGEE DLM LIMITED,INE0RJ901010,M,Active,Equity
544400,MANOJJEWEL,Manoj Jewellers Limited,Manoj Jewellers Limited,INE0MV001018,M,Active,Equity
544401,EQUAL50,Mirae Asset Mutual Fund,Mirae Asset Mutual Fund,INF769K01OO2,B,Active,Equity
544402,JASH,JASH ENGINEERING LIMITED,JASH ENGINEERING LIMITED,INE039O01029,B,Active,Equity
544403,ABLBL,Aditya Birla Lifestyle Brands Limited,Aditya Birla Lifestyle Brands Limited,INE14LE01019,A,Active,Equity
544404,BORANA,BORANA WEAVES LIMITED,BORANA WEAVES LIMITED,INE16SF01016,B,Active,Equity
544405,BELRISE,BELRISE INDUSTRIES LIMITED,BELRISE INDUSTRIES LIMITED,INE894V01022,A,Active,Equity
544406,UNIFIED,UNIFIED DATA TECH SOLUTIONS LIMITED,UNIFIED DATA TECH SOLUTIONS LIMITED,INE1ABX01018,M,Active,Equity
544407,AEGISVOPAK,AEGIS VOPAK TERMINALS LIMITED,AEGIS VOPAK TERMINALS LIMITED,INE0INX01018,A,Active,Equity
544408,THELEELA,Leela Palaces Hotels & Resorts Limited,Leela Palaces Hotels & Resorts Limited,INE0AQ201015,A,Active,Equity
544409,ASTONEALAB,ASTONEA LABS LIMITED,ASTONEA LABS LIMITED,INE0TG901011,M,Active,Equity
544410,PROSTARM,PROSTARM INFO SYSTEMS LIMITED,PROSTARM INFO SYSTEMS LIMITED,INE0BX301013,B,Active,Equity
544411,SCODATUBES,Scoda Tubes Limited,Scoda Tubes Limited,INE090501011,B,Active,Equity
544412,3BFILMS,3B FILMS LIMITED,3B FILMS LIMITED,INE0TE101010,M,Active,Equity
544413,DIGITIDE,Digitide Solutions Limited,Digitide Solutions Limited,INE0U4701011,B,Active,Equity
544414,BLUSPRING,Bluspring Enterprises Limited,Bluspring Enterprises Limited,INE0U4101014,B,Active,Equity
544415,SNXT30BEES,Nippon India Mutual Fund,Nippon India Mutual Fund,INF204KC1EZ3,B,Active,Equity
544416,KRISHIVAL,KRISHIVAL FOODS LIMITED,KRISHIVAL FOODS LIMITED,INE0GGO01015,B,Active,Equity
544417,ATENPAPERS,Aten Papers & Foam Limited,Aten Papers & Foam Limited,INE0XCV01014,M,Active,Equity
544418,OSWALPUMPS,Oswal Pumps Limited,Oswal Pumps Limited,INE0BYP01024,B,Active,Equity
544419,ARIS,ArisInfra Solutions Limited,ArisInfra Solutions Limited,INE0H9P01028,B,Active,Equity
544420,RAYMONDREL,Raymond Realty Limited,Raymond Realty Limited,INE1SY401010,B,Active,Equity
544421,ELLEN,ELLENBARRIE INDUSTRIAL GASES LIMITED,ELLENBARRIE INDUSTRIAL GASES LIMITED,INE236E01022,B,Active,Equity
544422,ABRFL,Abram Food Limited,Abram Food Limited,INE0ZDY01011,M,Active,Equity
544423,KALPATARU,Kalpataru Limited,Kalpataru Limited,INE227J01012,B,Active,Equity
544424,GLOBECIVIL,GLOBE CIVIL PROJECTS LIMITED,GLOBE CIVIL PROJECTS LIMITED,INE0V3U01015,B,Active,Equity
544425,AJCJEWEL,AJC Jewel Manufacturers Limited,AJC Jewel Manufacturers Limited,INE0XRR01010,MT,Active,Equity
544426,ICON,Icon Facilitators Limited,Icon Facilitators Limited,INE0Y0E01012,M,Active,Equity
544427,TOP15IETF,ICICI Prudential Mutual Fund,ICICI Prudential Mutual Fund,INF109K1A344,B,Active,Equity
544428,SEVL,SUPERTECH EV LIMITED,SUPERTECH EV LIMITED,INE0SC101013,M,Active,Equity
544429,HDBFS,HDB FINANCIAL SERVICES LIMITED,HDB FINANCIAL SERVICES LIMITED,INE756I01012,A,Active,Equity
544430,SAMBHV,SAMBHV STEEL TUBES LIMITED,SAMBHV STEEL TUBES LIMITED,INE12NJ01018,B,Active,Equity
544431,ACEALPHA,Ace Alpha Tech Limited,Ace Alpha Tech Limited,INE0S9X01011,M,Active,Equity
544432,IGCL,Indogulf Cropsciences Limited,Indogulf Cropsciences Limited,INE05J901018,B,Active,Equity
544433,VALINDIA,Valencia India Limited,Valencia India Limited,INE130701019,M,Active,Equity
544434,NEETUYOSHI,Neetu Yoshi Limited,Neetu Yoshi Limited,INE0UZO01024,MT,Active,Equity
544435,ADCOUNTY,ADCOUNTY MEDIA INDIA LIMITED,ADCOUNTY MEDIA INDIA LIMITED,INE0W1601012,M,Active,Equity
544436,VANDAN,VANDAN FOODS LIMITED,VANDAN FOODS LIMITED,INE0RDJ01019,M,Active,Equity
544437,MARCLOIRE,MARC LOIRE FASHIONS LIMITED,MARC LOIRE FASHIONS LIMITED,INE0TBQ01014,M,Active,Equity
544438,INTERNET,Mirae Asset Mutual Fund,Mirae Asset Mutual Fund,INF769K01PB6,B,Active,Equity
544439,CRIZAC,CRIZAC LIMITED,CRIZAC LIMITED,INE0S4R01014,B,Active,Equity
544440,CRYOGENIC,CRYOGENIC OGS LIMITED,CRYOGENIC OGS LIMITED,INE0TL001013,MT,Active,Equity
544441,METAINFO,META INFOTECH LIMITED,META INFOTECH LIMITED,INE162901016,M,Active,Equity
544442,CHEMKART,Chemkart India Limited,Chemkart India Limited,INE0VWL01017,M,Active,Equity
544443,TRAVELFOOD,TRAVEL FOOD SERVICES LIMITED,TRAVEL FOOD SERVICES LIMITED,INE103V01028,B,Active,Equity
544444,GLEN,Glen Industries Limited,Glen Industries Limited,INE0UMC01019,MT,Active,Equity
544445,APL,ASSTON PHARMACEUTICALS LIMITED,ASSTON PHARMACEUTICALS LIMITED,INE0SJX01015,MT,Active,Equity
544446,ADVENTHTL,Advent Hotels International Limited,Advent Hotels International Limited,INE28GN01010,B,Active,Equity
544447,SMARTWORKS,SMARTWORKS COWORKING SPACES LIMITED,SMARTWORKS COWORKING SPACES LIMITED,INE0NAZ01010,B,Active,Equity
544448,PASHUPATI,Pashupati Cotspin Limited,Pashupati Cotspin Limited,INE124Y01028,B,Active,Equity
544449,ANTHEM,Anthem Biosciences Limited,Anthem Biosciences Limited,INE0CZ201020,A,Active,Equity
544450,CHEMBONDCH,CHEMBOND CHEMICALS  LIMITED,CHEMBOND CHEMICALS  LIMITED,INE0TGX01019,T,Active,Equity
544451,MONIKA,MONIKA ALCOBEV LIMITED,MONIKA ALCOBEV LIMITED,INE0LCG01010,M,Active,Equity
544452,SWASTIKAAL,Swastika Castal Limited,Swastika Castal Limited,INE0PTF01017,MT,Active,Equity
544453,MSECL,Monarch Surveyors and Engineering Consultants Limited,Monarch Surveyors and Engineering Consultants Limited,INE0V0L01028,M,Active,Equity
544454,INDIQUBE,INDIQUBE SPACES LIMITED,INDIQUBE SPACES LIMITED,INE06ST01018,B,Active,Equity
544455,EBGNG,GNG Electronics Limited,GNG Electronics Limited,INE18JU01028,B,Active,Equity
544456,RMDRIP,R M DRIP AND SPRINKLERS SYSTEMS LIMITED,R M DRIP AND SPRINKLERS SYSTEMS LIMITED,INE219Y01026,T,Active,Equity
544457,BRIGHOTEL,Brigade Hotel Ventures Limited,Brigade Hotel Ventures Limited,INE03NU01014,B,Active,Equity
544458,SHREEREF,SHREE REFRIGERATIONS LIMITED,SHREE REFRIGERATIONS LIMITED,INE0FMZ01045,M,Active,Equity
544459,SHANTIGOLD,SHANTI GOLD INTERNATIONAL LIMITED,SHANTI GOLD INTERNATIONAL LIMITED,INE06ZD01017,B,Active,Equity
544460,PATELCHEM,PATEL CHEM SPECIALITIES LIMITED,PATEL CHEM SPECIALITIES LIMITED,INE161701011,MT,Active,Equity
544461,EUROBOND,Euro Panel Products Limited,Euro Panel Products Limited,INE505V01016,B,Active,Equity
544463,REPONO,REPONO LIMITED,REPONO LIMITED,INE15WN01014,M,Active,Equity
544464,UML,Umiya Mobile Limited,Umiya Mobile Limited,INE1P1A01018,MT,Active,Equity
544465,LAXMIINDIA,LAXMI INDIA FINANCE LIMITED,LAXMI INDIA FINANCE LIMITED,INE06WU01026,B,Active,Equity
544466,CPPLUS,Aditya Infotech Limited,Aditya Infotech Limited,INE819V01029,A,Active,Equity
544467,NSDL,National Securities Depository Limited,National Securities Depository Limited,INE301O01023,A,Active,Equity
544468,BDI,B. D. Industries (Pune) Limited,B. D. Industries (Pune) Limited,INE1LJ801017,M,Active,Equity
544469,LOTUSDEV,Sri Lotus Developers and Realty Limited,Sri Lotus Developers and Realty Limited,INE0V9Q01010,T,Active,Equity
544470,MBEL,M & B ENGINEERING LIMITED,M & B ENGINEERING LIMITED,INE08N601015,B,Active,Equity
544471,TAKYON,TAKYON NETWORKS LIMITED,TAKYON NETWORKS LIMITED,INE14OX01013,M,Active,Equity
544472,MEHUL,MEHUL COLOURS LIMITED,MEHUL COLOURS LIMITED,INE1KH601014,M,Active,Equity
544473,GROWWPOWER,Groww Mutual Fund,Groww Mutual Fund,INF666M01LM6,B,Active,Equity
544474,BLT,BLT Logistics Limited,BLT Logistics Limited,INE0W4K01013,M,Active,Equity
544475,ESSEX,ESSEX MARINE LIMITED,ESSEX MARINE LIMITED,INE1IBY01019,M,Active,Equity
544476,JSLL,Jeena Sikho Lifecare Limited,Jeena Sikho Lifecare Limited,INE0J5801029,A,Active,Equity
544477,HILINFRA,Highway Infrastructure Limited,Highway Infrastructure Limited,INE00RL01028,B,Active,Equity
544479,ALLTIME,ALL TIME PLASTICS LIMITED,ALL TIME PLASTICS LIMITED,INE0GV601021,B,Active,Equity
544480,JSWCEMENT,JSW CEMENT LIMITED,JSW CEMENT LIMITED,INE718I01012,A,Active,Equity
544482,STARIMAGIN,STAR IMAGING AND PATH LAB LIMITED,STAR IMAGING AND PATH LAB LIMITED,INE0YG001013,M,Active,Equity
544483,ICODEX,ICODEX PUBLISHING SOLUTIONS LIMITED,ICODEX PUBLISHING SOLUTIONS LIMITED,INE111601014,M,Active,Equity
544484,BLUESTONE,BlueStone Jewellery and Lifestyle Limited,BlueStone Jewellery and Lifestyle Limited,INE304W01038,A,Active,Equity
544485,REGAAL,REGAAL RESOURCES LIMITED,REGAAL RESOURCES LIMITED,INE0MHO01029,B,Active,Equity
544487,PATELRMART,PATEL RETAIL LIMITED,PATEL RETAIL LIMITED,INE0R8B01010,B,Active,Equity
544488,VIKRAMSOLR,Vikram Solar Limited,Vikram Solar Limited,INE078V01014,A,Active,Equity
544489,LGT,LGT GLOBAL HOSPITALITY LIMITED,LGT GLOBAL HOSPITALITY LIMITED,INE191201016,M,Active,Equity
544490,SHREEJISPG,Shreeji Shipping Global Limited,Shreeji Shipping Global Limited,INE1B6101010,B,Active,Equity
544491,GEMAROMA,Gem Aromatics Limited,Gem Aromatics Limited,INE06XZ01023,B,Active,Equity
544492,MEIL,MANGAL ELECTRICAL INDUSTRIES LIMITED,MANGAL ELECTRICAL INDUSTRIES LIMITED,INE0PKD01011,B,Active,Equity
544493,MANUFGBEES,Nippon India Mutual Fund,Nippon India Mutual Fund,INF204KC1GH6,B,Active,Equity
544494,GLOBTIER,Globtier Infotech limited,Globtier Infotech limited,INE12P601017,M,Active,Equity
544495,NISMGMT,NIS MANAGEMENT LIMITED,NIS MANAGEMENT LIMITED,INE0M3X01010,M,Active,Equity
544496,VIKRAN,Vikran Engineering Limited,Vikran Engineering Limited,INE01R501028,B,Active,Equity
544497,AHCL,ANLON HEALTHCARE LIMITED,ANLON HEALTHCARE LIMITED,INE0Y8W01025,B,Active,Equity
544498,OVAL,OVAL PROJECTS ENGINEERING LIMITED,OVAL PROJECTS ENGINEERING LIMITED,INE0RTI01017,M,Active,Equity
544499,CPEDU,Career Point Edutech Limited,Career Point Edutech Limited,INE0P6P01016,B,Active,Equity
544500,ABRIL,ABRIL PAPER TECH LIMITED,ABRIL PAPER TECH LIMITED,INE15MX01014,M,Active,Equity
544501,SUGSLLOYD,SUGS LLOYD LIMITED,SUGS LLOYD LIMITED,INE0XX801016,MT,Active,Equity
544502,AMANTA,Amanta Healthcare Limited,Amanta Healthcare Limited,INE084K01015,T,Active,Equity
544503,RACHIT,Rachit Prints Limited,Rachit Prints Limited,INE0ZN101029,M,Active,Equity
544504,GOELCONS,GOEL CONSTRUCTION COMPANY LIMITED,GOEL CONSTRUCTION COMPANY LIMITED,INE0ZOM01013,M,Active,Equity
544505,AUSTERE,AUSTERE SYSTEMS LIMITED,AUSTERE SYSTEMS LIMITED,INE104201012,M,Active,Equity
544506,SHARVAYA,SHARVAYA METALS LIMITED,SHARVAYA METALS LIMITED,INE0UJF01018,M,Active,Equity
544507,SML100CASE,Zerodha Mutual Fund,Zerodha Mutual Fund,INF0R8F01141,B,Active,Equity
544508,VASHISHTHA,VASHISHTHA LUXURY FASHION LIMITED,VASHISHTHA LUXURY FASHION LIMITED,INE0WRP01016,M,Active,Equity
544509,KRUPALU,Krupalu Metals Limited,Krupalu Metals Limited,INE0XZB01017,M,Active,Equity
544510,NCML,NILACHAL CARBO METALICKS LIMITED,NILACHAL CARBO METALICKS LIMITED,INE346R01013,M,Active,Equity
544511,KARBON,Karbonsteel Engineering Limited,Karbonsteel Engineering Limited,INE0V8A01016,M,Active,Equity
544512,SHRINGARMS,SHRINGAR HOUSE OF MANGALSUTRA LIMITED,SHRINGAR HOUSE OF MANGALSUTRA LIMITED,INE1B3L01017,B,Active,Equity
544513,DEVX,Dev Accelerator Limited,Dev Accelerator Limited,INE0VOV01021,B,Active,Equity
544514,CITYSQUARE,JAY AMBE SUPERMARKETS LIMITED,JAY AMBE SUPERMARKETS LIMITED,INE1DRH01011,MT,Active,Equity
544515,URBANCO,Urban Company Limited,Urban Company Limited,INE0CAZ01013,A,Active,Equity
544516,AIRFLOA,AIRFLOA RAIL TECHNOLOGY LIMITED,AIRFLOA RAIL TECHNOLOGY LIMITED,INE0XBS01012,M,Active,Equity
544517,BUILDPRO,Shankara Buildpro Limited,Shankara Buildpro Limited,INE24OJ01011,B,Active,Equity
544518,LTELEVATOR,L. T. ELEVATOR LIMITED,L. T. ELEVATOR LIMITED,INE0TJ801010,MT,Active,Equity
544519,EUROPRATIK,EURO PRATIK SALES LIMITED,EURO PRATIK SALES LIMITED,INE198501012,B,Active,Equity
544520,SAMPAT,SAMPAT ALUMINIUM LIMITED,SAMPAT ALUMINIUM LIMITED,INE10XS01012,MT,Active,Equity
544521,VMSTMT,VMS TMT LIMITED,VMS TMT LIMITED,INE0SJA01013,B,Active,Equity
544522,ABCOTS,A B Cotspin India Limited,A B Cotspin India Limited,INE08PH01015,B,Active,Equity
544523,IVALUE,IVALUE INFOSOLUTIONS LIMITED,IVALUE INFOSOLUTIONS LIMITED,INE056801025,B,Active,Equity
544524,JDCABLES,JD CABLES LIMITED,JD CABLES LIMITED,INE14VP01014,M,Active,Equity
544525,GKENERGY,GK ENERGY LIMITED,GK ENERGY LIMITED,INE1AG301022,B,Active,Equity
544526,SAATVIKGL,Saatvik Green Energy Limited,Saatvik Green Energy Limited,INE13B501022,B,Active,Equity
544527,ATLANTAELE,Atlanta Electricals Limited,Atlanta Electricals Limited,INE0Z4F01028,B,Active,Equity
544528,GANESHCP,Ganesh Consumer Products Limited,Ganesh Consumer Products Limited,INE652V01016,B,Active,Equity
544529,APPL,Aptus Pharma Limited,Aptus Pharma Limited,INE15XJ01010,MT,Active,Equity
544530,ARSSBL,ANAND RATHI SHARE AND STOCK BROKERS LIMITED,ANAND RATHI SHARE AND STOCK BROKERS LIMITED,INE549H01021,B,Active,Equity
544531,TRUECOLORS,TRUE COLORS LIMITED,TRUE COLORS LIMITED,INE1LDV01015,M,Active,Equity
544532,SOLARWORLD,Solarworld Energy Solutions Limited,Solarworld Energy Solutions Limited,INE0TY101024,B,Active,Equity
544533,STYL,Seshaasai Technologies Limited,Seshaasai Technologies Limited,INE04VU01023,B,Active,Equity
544534,JARO,Jaro Institute of Technology Management and Research Limited,Jaro Institute of Technology Management and Research Limited,INE00YJ01010,B,Active,Equity
544535,BHARATROHAN,BHARATROHAN AIRBORNE INNOVATIONS LIMITED,BHARATROHAN AIRBORNE INNOVATIONS LIMITED,INE0QMV01017,M,Active,Equity
544536,WEALTH,Wealth First Portfolio Managers Limited,Wealth First Portfolio Managers Limited,INE658T01017,B,Active,Equity
544537,JAINREC,Jain Resource Recycling Limited,Jain Resource Recycling Limited,INE0YD401026,B,Active,Equity
544538,PRARUH,PRARUH TECHNOLOGIES LIMITED,PRARUH TECHNOLOGIES LIMITED,INE0TI501017,MT,Active,Equity
544539,SOLVEX,Solvex Edibles Limited,Solvex Edibles Limited,INE1IIQ01028,MT,Active,Equity
544540,EPACKPEB,Epack Prefab Technologies Limited,Epack Prefab Technologies Limited,INE0MLS01022,B,Active,Equity
544541,SYSTEMATIC,SYSTEMATIC INDUSTRIES LIMITED,SYSTEMATIC INDUSTRIES LIMITED,INE1KLZ01011,M,Active,Equity
544542,JUSTO,Justo Realfintech Limited,Justo Realfintech Limited,INE0W5Q01017,M,Active,Equity
544543,BMWVENTLTD,BMW VENTURES LIMITED,BMW VENTURES LIMITED,INE965W01036,B,Active,Equity
544544,TELGE,TELGE PROJECTS LIMITED,TELGE PROJECTS LIMITED,INE0SRP01014,MT,Active,Equity
544545,TRUALT,TRUALT BIOENERGY LIMITED,TRUALT BIOENERGY LIMITED,INE0MWH01014,B,Active,Equity
544546,CHTR,Chatterbox Technologies Limited,Chatterbox Technologies Limited,INE1B4801017,M,Active,Equity
544547,JKIPL,Jinkushal Industries Limited,Jinkushal Industries Limited,INE1FF001016,B,Active,Equity
544548,GPAPL,GUJARAT PEANUT AND AGRI PRODUCTS LIMITED,GUJARAT PEANUT AND AGRI PRODUCTS LIMITED,INE0SIK01014,M,Active,Equity
544549,EARKART,EARKART LIMITED,EARKART LIMITED,INE1A8F01035,M,Active,Equity
544550,PACEDIGITK,Pace Digitek Limited,Pace Digitek Limited,INE0S3G01027,B,Active,Equity
544551,BHAVIK,BHAVIK ENTERPRISES LIMITED,BHAVIK ENTERPRISES LIMITED,INE18PB01017,M,Active,Equity
544552,RDGAIL,RUKMANI DEVI GARG AGRO IMPEX LIMITED,RUKMANI DEVI GARG AGRO IMPEX LIMITED,INE0S5T01017,MT,Active,Equity
544553,MPKSTEELS,M P K STEELS (I) LIMITED,M P K STEELS (I) LIMITED,INE1PJP01015,M,Active,Equity
544554,KVSCASTING,KVS Castings Limited,KVS Castings Limited,INE163701019,MT,Active,Equity
544555,AMEENJI,AMEENJI RUBBER LIMITED,AMEENJI RUBBER LIMITED,INE14QA01016,MT,Active,Equity
544556,DHILLON,Dhillon Freight Carrier Limited,Dhillon Freight Carrier Limited,INE0SPJ01011,M,Active,Equity
544557,GLOTTIS,Glottis Limited,Glottis Limited,INE0TQE01026,B,Active,Equity
544558,FABTECH,Fabtech Technologies Limited,Fabtech Technologies Limited,INE0HF201011,B,Active,Equity
544559,OML,OM METALLOGIC LIMITED,OM METALLOGIC LIMITED,INE0R8Q01018,M,Active,Equity
544560,SODHACAP,SODHANI CAPITAL LIMITED,SODHANI CAPITAL LIMITED,INE0QU501030,M,Active,Equity
544561,CHIRAHARIT,Chiraharit Limited,Chiraharit Limited,INE12P101018,M,Active,Equity
544562,ADVANCE,Advance Agrolife Limited,Advance Agrolife Limited,INE1B0W01010,B,Active,Equity
544563,ZELIO,Zelio E Mobility Limited,Zelio E Mobility Limited,INE1B3501014,MT,Active,Equity
544564,OMFREIGHT,Om Freight Forwarders Limited,Om Freight Forwarders Limited,INE1BZC01019,T,Active,Equity
544565,VALPLAST,Valplast Technologies Limited,Valplast Technologies Limited,INE0QP701017,M,Active,Equity
544566,SUNSKY,Sunsky Logistics Limited,Sunsky Logistics Limited,INE10CM01027,M,Active,Equity
544567,INFINITY,Infinity Infoway Limited,Infinity Infoway Limited,INE16XA01017,M,Active,Equity
544568,ZAPPFRESH,DSM Fresh Foods Limited,DSM Fresh Foods Limited,INE0SUM01015,M,Active,Equity
544569,TMCV,Tata Motors Limited,Tata Motors Limited,INE1TAE01010,B,Active,Equity
544570,WEWORK,WeWork India Management Limited,WeWork India Management Limited,INE085001019,B,Active,Equity
544571,NSBBPO,NSB BPO Solutions Limited,NSB BPO Solutions Limited,INE0SLP01017,M,Active,Equity
544572,SKFINDUS,SKF INDIA (INDUSTRIAL) LIMITED,SKF INDIA (INDUSTRIAL) LIMITED,INE2J8701016,B,Active,Equity
544574,TATACAP,Tata Capital Limited,Tata Capital Limited,INE976I01016,A,Active,Equity
544575,MITTALSTL,Mittal Sections Limited,Mittal Sections Limited,INE833Q01012,M,Active,Equity
544576,LGEINDIA,LG Electronics India Limited,LG Electronics India Limited,INE324D01010,B,Active,Equity
544577,WORTHPERI,Worth Peripherals Limited,Worth Peripherals Limited,INE196Y01018,B,Active,Equity
544578,RUBICON,RUBICON RESEARCH LIMITED,RUBICON RESEARCH LIMITED,INE506V01022,B,Active,Equity
544580,CRAMC,Canara Robeco Asset Management Company Limited,Canara Robeco Asset Management Company Limited,INE218I01013,B,Active,Equity
544581,FLEXIADD,DSP Mutual Fund,DSP Mutual Fund,INF740KA1WU9,B,Active,Equity
544582,SHLOKKA,SHLOKKA DYES LIMITED,SHLOKKA DYES LIMITED,INE1EUB01016,M,Active,Equity
544583,CANHLIFE,Canara HSBC Life Insurance Company Limited,Canara HSBC Life Insurance Company Limited,INE01TY01017,B,Active,Equity
544584,SKM,SK Minerals & Additives Limited,SK Minerals & Additives Limited,INE13YH01017,MT,Active,Equity
544585,SIHORA,SIHORA INDUSTRIES LIMITED,SIHORA INDUSTRIES LIMITED,INE0SFA01011,M,Active,Equity
544586,NIFTYCASE,Zerodha Mutual Fund,Zerodha Mutual Fund,INF0R8F01166,B,Active,Equity
544587,MIDWESTLTD,Midwest Limited,Midwest Limited,INE0XAD01024,B,Active,Equity
544588,MHLSRG,SBI Mutual Fund,SBI Mutual Fund,INF200K30015,B,Active,Equity
544589,MHLSRD,SBI Mutual Fund,SBI Mutual Fund,INF200K30023,B,Active,Equity
544590,MHLSRDR,SBI Mutual Fund,SBI Mutual Fund,INF200K30031,B,Active,Equity
544591,MHLSDG,SBI Mutual Fund,SBI Mutual Fund,INF200K30049,B,Active,Equity
544592,MHLSDD,SBI Mutual Fund,SBI Mutual Fund,INF200K30056,B,Active,Equity
544593,MHLSDDR,SBI Mutual Fund,SBI Mutual Fund,INF200K30064,B,Active,Equity
544594,TRADEUNO,GAME CHANGERS TEXFAB LIMITED,GAME CHANGERS TEXFAB LIMITED,INE1GUJ01014,M,Active,Equity
544595,ORKLAINDIA,Orkla India Limited,Orkla India Limited,INE16NZ01023,B,Active,Equity
544596,SAFECURE,Safecure Services Limited,Safecure Services Limited,INE0SVZ01015,M,Active,Equity
544597,PIRAMALFIN,Piramal Finance Limited,Piramal Finance Limited,INE202B01038,B,Active,Equity
544598,ACCURACY,Accuracy Shipping Limited,Accuracy Shipping Limited,INE648Z01023,T,Active,Equity
544599,STUDDS,Studds Accessories Limited,Studds Accessories Limited,INE00Q601028,B,Active,Equity
544600,LENSKART,Lenskart Solutions Limited,Lenskart Solutions Limited,INE956O01016,B,Active,Equity
544602,AGL,Allcargo Global Limited,Allcargo Global Limited,INE1YPB01014,B,Active,Equity
544603,GROWW,Billionbrains Garage Ventures Limited,Billionbrains Garage Ventures Limited,INE0HOQ01053,B,Active,Equity
544604,ENERGY,Mirae Asset Mutual Fund,Mirae Asset Mutual Fund,INF769K01PR2,B,Active,Equity
544605,SMALL250,Mirae Asset Mutual Fund,Mirae Asset Mutual Fund,INF769K01PQ4,B,Active,Equity
544606,PINELABS,Pine Labs Limited,Pine Labs Limited,INE15B701018,B,Active,Equity
544607,SHTL,SHINING TOOLS LIMITED,SHINING TOOLS LIMITED,INE0D8001018,MT,Active,Equity
544608,EMMVEE,Emmvee Photovoltaic Power Limited,Emmvee Photovoltaic Power Limited,INE1C6T01020,B,Active,Equity
544609,PWL,Physicswallah Limited,Physicswallah Limited,INE0LP301011,B,Active,Equity
544610,WORKMATES,WORKMATES CORE2CLOUD SOLUTION LIMITED,WORKMATES CORE2CLOUD SOLUTION LIMITED,INE1I1301016,M,Active,Equity
544611,MAHALIFE,MAHAMAYA LIFESCIENCES LIMITED,MAHAMAYA LIFESCIENCES LIMITED,INE0U9D01019,M,Active,Equity
544612,TENNIND,Tenneco Clean Air India Limited,Tenneco Clean Air India Limited,INE19RI01016,B,Active,Equity
544613,UTLSOLAR,Fujiyama Power Systems Limited,Fujiyama Power Systems Limited,INE12UR01024,B,Active,Equity
544614,CAPILLARY,Capillary Technologies India Limited,Capillary Technologies India Limited,INE0ILV01024,B,Active,Equity
544615,KSR,KSR Footwear Limited,KSR Footwear Limited,INE1SPP01016,T,Active,Equity
544616,GALLARD,Gallard Steel Limited,Gallard Steel Limited,INE0BUQ01012,M,Active,Equity
544617,EXCELSOFT,Excelsoft Technologies Limited,Excelsoft Technologies Limited,INE606N01019,B,Active,Equity
544618,ESENSEX,Edelweiss Mutual Fund,Edelweiss Mutual Fund,INF754K01VY8,B,Active,Equity
544619,SUDEEPPHRM,Sudeep Pharma Limited,Sudeep Pharma Limited,INE0QPI01025,B,Active,Equity
544620,MSCIADD,DSP Mutual Fund,DSP Mutual Fund,INF740KA1WV7,B,Active,Equity
544621,SSMD,SSMD AGROTECH INDIA LIMITED,SSMD AGROTECH INDIA LIMITED,INE1U2R01013,M,Active,Equity
544622,KWIL,Kwality Wallâs (India) Limited,Kwality Wallâs (India) Limited,INE2KCE01013,B,Active,Equity
544623,MNFL,Mother Nutri Foods Limited,Mother Nutri Foods Limited,INE0UH001016,M,Active,Equity
544624,KKSILK,K K SILK MILLS LIMITED,K K SILK MILLS LIMITED,INE0EOJ01014,M,Active,Equity
544625,LOGICIEL,Logiciel Solutions Limited,Logiciel Solutions Limited,INE1BA901016,M,Active,Equity
544626,EXATO,EXATO TECHNOLOGIES LIMITED,EXATO TECHNOLOGIES LIMITED,INE1E4401010,MT,Active,Equity
544627,PURPLEWAVE,PURPLE WAVE INFOCOM LIMITED,PURPLE WAVE INFOCOM LIMITED,INE0VDK01019,MT,Active,Equity
544628,ASTRONMULT,Astron Multigrain Limited,Astron Multigrain Limited,INE0RUY01012,M,Active,Equity
544629,RAVEL,Ravelcare Limited,Ravelcare Limited,INE0W4D01018,M,Active,Equity
544630,HELLOJI,HELLOJI HOLIDAYS LIMITED,HELLOJI HOLIDAYS LIMITED,INE1FJE01010,M,Active,Equity
544631,CNL,CREATIVE NEWTECH LIMITED,CREATIVE NEWTECH LIMITED,INE985W01018,B,Active,Equity
544632,MEESHO,Meesho Limited,Meesho Limited,INE0VDM01015,B,Active,Equity
544633,VIDYAWIRES,VIDYA WIRES LIMITED,VIDYA WIRES LIMITED,INE14UN01029,B,Active,Equity
544634,AEQUS,Aequs Limited,Aequs Limited,INE947N01017,B,Active,Equity
544635,LUXURY,Luxury Time Limited,Luxury Time Limited,INE1CJB01013,M,Active,Equity
544636,WOSAL,Western Overseas Study Abroad Limited,Western Overseas Study Abroad Limited,INE1MF401019,M,Active,Equity
544637,METHODHUB,Methodhub Software Limited,Methodhub Software Limited,INE0QZR01017,M,Active,Equity
544640,RDEL,Riddhi Display Equipments Limited,Riddhi Display Equipments Limited,INE1DKT01011,M,Active,Equity
544641,KVTOYS,K. V. TOYS INDIA LIMITED,K. V. TOYS INDIA LIMITED,INE1IE301018,M,Active,Equity
544642,WAKEFIT,Wakefit Innovations Limited,Wakefit Innovations Limited,INE0E7301029,B,Active,Equity
544643,PRODOCS,PRODOCS SOLUTIONS LIMITED,PRODOCS SOLUTIONS LIMITED,INE10XK01019,M,Active,Equity
544644,CORONA,Corona Remedies Limited,Corona Remedies Limited,INE02ZQ01018,B,Active,Equity
544645,PARKHOSPS,PARK MEDI WORLD LIMITED,PARK MEDI WORLD LIMITED,INE119201023,B,Active,Equity
544646,SHIPWAVES,Shipwaves Online Limited,Shipwaves Online Limited,INE0O9L01010,M,Active,Equity
544647,NEPHROPLUS,Nephrocare Health Services Limited,Nephrocare Health Services Limited,INE428V01029,B,Active,Equity
544648,UNISEM,UNISEM AGRITECH LIMITED,UNISEM AGRITECH LIMITED,INE1FHV01026,M,Active,Equity
544649,TSIFDG,Tata Mutual Fund,Tata Mutual Fund,INF277K30047,B,Active,Equity
544650,TSIFDIR,Tata Mutual Fund,Tata Mutual Fund,INF277K30054,B,Active,Equity
544651,TSIFRG,Tata Mutual Fund,Tata Mutual Fund,INF277K30013,B,Active,Equity
544652,TSIFRIP,Tata Mutual Fund,Tata Mutual Fund,INF277K30039,B,Active,Equity
544653,TSIFRIR,Tata Mutual Fund,Tata Mutual Fund,INF277K30021,B,Active,Equity
544654,SMALLADD,DSP Mutual Fund,DSP Mutual Fund,INF740KA1WX3,B,Active,Equity
544655,MIDCAPADD,DSP Mutual Fund,DSP Mutual Fund,INF740KA1WW5,B,Active,Equity
544656,HRS,HRS ALUGLAZE LIMITED,HRS ALUGLAZE LIMITED,INE1E1V01017,M,Active,Equity
544657,PAJSON,Pajson Agro India Limited,Pajson Agro India Limited,INE14LM01012,M,Active,Equity
544658,ICICIAMC,ICICI Prudential Asset Management Company Limited,ICICI Prudential Asset Management Company Limited,INE346A01027,A,Active,Equity
544659,STANBIK,STANBIK AGRO LIMITED,STANBIK AGRO LIMITED,INE16QA01011,M,Active,Equity
544660,TOP20,Mirae Asset Mutual Fund,Mirae Asset Mutual Fund,INF769K01PZ5,B,Active,Equity
544661,DIVIDEND,Mirae Asset Mutual Fund,Mirae Asset Mutual Fund,INF769K01PY8,B,Active,Equity
544662,SIMANDHAR,SIMANDHAR IMPEX LIMITED,SIMANDHAR IMPEX LIMITED,INE0VI201010,X,Active,Equity
544663,NEPLOG,NEPTUNE LOGITEK LIMITED,NEPTUNE LOGITEK LIMITED,INE1NQ501012,M,Active,Equity
544664,KSHINTL,KSH INTERNATIONAL LIMITED,KSH INTERNATIONAL LIMITED,INE987S01020,B,Active,Equity
544665,GLOBALLOG,Global Ocean Logistics India Limited,Global Ocean Logistics India Limited,INE1ITY01011,M,Active,Equity
544666,GKSL,GUJARAT KIDNEY AND SUPER SPECIALITY LIMITED,GUJARAT KIDNEY AND SUPER SPECIALITY LIMITED,INE0V0W01025,B,Active,Equity
544667,DACHEPALLI,Dachepalli Publishers Limited,Dachepalli Publishers Limited,INE1F9M01018,M,Active,Equity
544668,NANTA,NANTA TECH LIMITED,NANTA TECH LIMITED,INE0YJA01011,M,Active,Equity
544669,ADMACH,ADMACH SYSTEMS LIMITED,ADMACH SYSTEMS LIMITED,INE0XLO01010,MT,Active,Equity
544670,BAIKAKAJI,BAI-KAKAJI POLYMERS LIMITED,BAI-KAKAJI POLYMERS LIMITED,INE1IJQ01026,MT,Active,Equity
544671,ATIL,APOLLO TECHNO INDUSTRIES LIMITED,APOLLO TECHNO INDUSTRIES LIMITED,INE0X4A01013,M,Active,Equity
544673,MDRC,MODERN DIAGNOSTIC & RESEARCH CENTRE LIMITED,MODERN DIAGNOSTIC & RESEARCH CENTRE LIMITED,INE1HK501016,M,Active,Equity
544674,NEXT50ADD,DSP Mutual Fund,DSP Mutual Fund,INF740KA1XU7,B,Active,Equity
544675,GTIL,Gabion Technologies India Limited,Gabion Technologies India Limited,INE1H1501013,MT,Active,Equity
544676,YAJUR,YAJUR FIBRES LIMITED,YAJUR FIBRES LIMITED,INE0CNJ01010,MT,Active,Equity
544677,DEFRAIL,Defrail Technologies Limited,Defrail Technologies Limited,INE0ZE201010,M,Active,Equity
544678,BHARATCOAL,BHARAT COKING COAL LIMITED,BHARAT COKING COAL LIMITED,INE05XR01022,B,Active,Equity
544679,AMAGI,Amagi Media Labs Limited,Amagi Media Labs Limited,INE121R01077,B,Active,Equity
544680,NARMADESH,Narmadesh Brass Industries Limited,Narmadesh Brass Industries Limited,INE0S1B01014,M,Active,Equity
544681,INDOSMC,INDO SMC Limited,INDO SMC Limited,INE0WKY01013,M,Active,Equity
544682,GRERENEW,GRE Renew Enertech Limited,GRE Renew Enertech Limited,INE0U8P01015,M,Active,Equity
544683,ARITAS,Aritas Vinyl Limited,Aritas Vinyl Limited,INE1D8001016,M,Active,Equity
544684,DIGILOGIC,DIGILOGIC SYSTEMS LIMITED,DIGILOGIC SYSTEMS LIMITED,INE1OOT01028,MT,Active,Equity
544685,SHADOWFAX,SHADOWFAX TECHNOLOGIES LIMITED,SHADOWFAX TECHNOLOGIES LIMITED,INE12UN01015,B,Active,Equity
544686,SHAYONAENG,SHAYONA ENGINEERING LIMITED,SHAYONA ENGINEERING LIMITED,INE0UCL01011,M,Active,Equity
544687,HANNAH,Hannah Joseph Hospital Limited,Hannah Joseph Hospital Limited,INE0JVH01012,M,Active,Equity
544688,KASTURI,KASTURI METAL COMPOSITE LIMITED,KASTURI METAL COMPOSITE LIMITED,INE0T1301023,M,Active,Equity
544689,ARSIFHRG,Bandhan Mutual Fund,Bandhan Mutual Fund,INF194K30010,B,Active,Equity
544690,ARSIFHRMD,Bandhan Mutual Fund,Bandhan Mutual Fund,INF194K30051,B,Active,Equity
544691,ARSIFHDG,Bandhan Mutual Fund,Bandhan Mutual Fund,INF194K30184,B,Active,Equity
544692,ARSIFHRHD,Bandhan Mutual Fund,Bandhan Mutual Fund,INF194K30242,B,Active,Equity
544693,KANISHK,KANISHK ALUMINIUM INDIA LIMITED,KANISHK ALUMINIUM INDIA LIMITED,INE163401016,M,Active,Equity
544694,ANL,Accretion Nutraveda Limited,Accretion Nutraveda Limited,INE1KVQ01019,M,Active,Equity
544695,MSAFE,Msafe Equipments Limited,Msafe Equipments Limited,INE2B5L01011,MT,Active,Equity
544696,ISIFHLSG,ICICI Prudential Mutual Fund,ICICI Prudential Mutual Fund,INF109K30018,B,Active,Equity
544697,ISIFHLSDG,ICICI Prudential Mutual Fund,ICICI Prudential Mutual Fund,INF109K30026,B,Active,Equity
544698,PANHR,PAN HR SOLUTION LIMITED,PAN HR SOLUTION LIMITED,INE1N9E01015,M,Active,Equity
544699,AYE,Aye Finance Limited,Aye Finance Limited,INE501X01029,B,Active,Equity
544700,FRACTAL,Fractal Analytics Limited,Fractal Analytics Limited,INE212S01015,B,Active,Equity
544701,HEALTHCARE,Mirae Asset Mutual Fund,Mirae Asset Mutual Fund,INF769K01QA6,B,Active,Equity
544702,DCMSIL,DCM SHRIRAM INTERNATIONAL LIMITED,DCM SHRIRAM INTERNATIONAL LIMITED,INE0OU201013,B,Active,Equity
544703,DSFCL,DCM SHRIRAM FINE CHEMICALS LIMITED,DCM SHRIRAM FINE CHEMICALS LIMITED,INE0OFM01015,B,Active,Equity
544704,INFRA,Mirae Asset Mutual Fund,Mirae Asset Mutual Fund,INF769K01QB4,B,Active,Equity
544705,DEFENCE,Mirae Asset Mutual Fund,Mirae Asset Mutual Fund,INF769K01QC2,B,Active,Equity
544706,ABSLMSCIN,Aditya Birla Sun Life Mutual Fund,Aditya Birla Sun Life Mutual Fund,INF209KC1662,B,Active,Equity
544707,FIL,Fractal Industries Limited,Fractal Industries Limited,INE1W3Q01011,M,Active,Equity
544708,YASHHTEJ,Yashhtej Industries (India) Limited,Yashhtej Industries (India) Limited,INE1O6P01016,M,Active,Equity
544709,GAUDIUMIVF,Gaudium IVF and Women Health Limited,Gaudium IVF and Women Health Limited,INE0P8B01020,B,Active,Equity
544710,ACCORDTS,ACCORD TRANSFORMER & SWITCHGEAR LIMITED,ACCORD TRANSFORMER & SWITCHGEAR LIMITED,INE132201018,M,Active,Equity
544711,KIAASA,KIAASA RETAIL LIMITED,KIAASA RETAIL LIMITED,INE1C3F01018,M,Active,Equity
544716,SRTL,SHREE RAM TWISTEX LIMITED,SHREE RAM TWISTEX LIMITED,INE19GK01015,B,Active,Equity
544717,CLEANMAX,Clean Max Enviro Energy Solutions Limited,Clean Max Enviro Energy Solutions Limited,INE647U01026,B,Active,Equity
544718,PNGSREVA,PNGS Reva Diamond Jewellery Limited,PNGS Reva Diamond Jewellery Limited,INE1RDG01013,B,Active,Equity
544719,ABSL10BANK,Aditya Birla Sun Life Mutual Fund,Aditya Birla Sun Life Mutual Fund,INF209KC1670,B,Active,Equity
544720,OMNI,Omnitech Engineering Limited,Omnitech Engineering Limited,INE0UH301010,B,Active,Equity
544721,GROWWHOSPI,Groww Mutual Fund,Groww Mutual Fund,INF666M01OD9,B,Active,Equity
544722,SBIMIDMOM,SBI Mutual Fund,SBI Mutual Fund,INF200KB1AJ0,B,Active,Equity
544723,SEDEMAC,SEDEMAC MECHATRONICS LIMITED,SEDEMAC MECHATRONICS LIMITED,INE00XB01019,B,Active,Equity
544724,ELFIN,Elfin Agro India Limited,Elfin Agro India Limited,INE1FEW01013,M,Active,Equity
544725,BANK10ADD,DSP Mutual Fund,DSP Mutual Fund,INF740KA1YH2,B,Active,Equity
544726,KOTYARK,Kotyark Industries Limited,Kotyark Industries Limited,INE0J0B01017,B,Active,Equity
544731,RSL,RAJPUTANA STAINLESS LIMITED,RAJPUTANA STAINLESS LIMITED,INE313L01016,B,Active,Equity
544732,INNOVISION,Innovision Limited,Innovision Limited,INE0ADB01012,B,Active,Equity
544733,GSPCROP,GSP CROP SCIENCE LIMITED,GSP CROP SCIENCE LIMITED,INE713R01022,B,Active,Equity
544735,NOVUS,Novus Loyalty Limited,Novus Loyalty Limited,INE1TFS01019,M,Active,Equity
544737,VALUE,Mirae Asset Mutual Fund,Mirae Asset Mutual Fund,INF769K01QV2,B,Active,Equity
544738,SPML,SPECIALITY MEDICINES LIMITED,SPECIALITY MEDICINES LIMITED,INE0R0M01014,M,Active,Equity
544739,CMPDI,Central Mine Planning & Design Institute Limited,Central Mine Planning & Design Institute Limited,INE05HV01027,B,Active,Equity
544740,TIPCO,Tipco Engineering India Limited,Tipco Engineering India Limited,INE1U6D01014,MT,Active,Equity
544741,HIGHNESS,Highness Microelectronics Limited,Highness Microelectronics Limited,INE1KI801019,MT,Active,Equity
544742,SAIPARENT,Sai Parenteral's Limited,Sai Parenteral's Limited,INE0H9F01037,B,Active,Equity
544743,AEROPLANE,Amir Chand Jagdish Kumar (Exports) Limited,Amir Chand Jagdish Kumar (Exports) Limited,INE05TO01019,B,Active,Equity
544744,POWERICA,Powerica Ltd.,Powerica Ltd.,INE921L01032,B,Active,Equity
544745,SBINMID150,SBI Mutual Fund,SBI Mutual Fund,INF200KB1AK8,B,Active,Equity
544746,SCDL,SAFETY CONTROLS & DEVICES LIMITED,SAFETY CONTROLS & DEVICES LIMITED,INE0UMH01018,M,Active,Equity
544747,EMIAC,EMIAC TECHNOLOGIES LIMITED,EMIAC TECHNOLOGIES LIMITED,INE1OSW01015,M,Active,Equity
544748,ONEPOINT,ONE POINT ONE SOLUTIONS LIMITED,ONE POINT ONE SOLUTIONS LIMITED,INE840Y01029,B,Active,Equity
544749,ARSIFHDAD,Bandhan Mutual Fund,Bandhan Mutual Fund,INF194K30259,B,Active,Equity
544750,OMPOWER,OM POWER TRANSMISSION LIMITED,OM POWER TRANSMISSION LIMITED,INE25E901019,B,Active,Equity
544751,MTL,MEHUL TELECOM LIMITED,MEHUL TELECOM LIMITED,INE1K0V01011,M,Active,Equity
544754,KISSHT,OnEMI Technology Solutions Limited,OnEMI Technology Solutions Limited,INE12F801023,B,Active,Equity
544755,RECODE,RECODE STUDIOS LIMITED,RECODE STUDIOS LIMITED,INE2B6701015,MT,Active,Equity
544756,UNITEDPOLY,United Polyfab Gujarat Limited,United Polyfab Gujarat Limited,INE368U01029,B,Active,Equity
544757,BSHSL,BOMBAY SUPER HYBRID SEEDS LIMITED,BOMBAY SUPER HYBRID SEEDS LIMITED,INE032Z01020,B,Active,Equity
544759,GLPL,GOLDLINE PHARMACEUTICAL LIMITED,GOLDLINE PHARMACEUTICAL LIMITED,INE1CLW01015,M,Active,Equity
544760,FMCGADD,DSP Mutual Fund,DSP Mutual Fund,INF740KA1ZA4,B,Active,Equity
544761,ENEXT50,Edelweiss Mutual Fund,Edelweiss Mutual Fund,INF754K01XF3,B,Active,Equity
544762,SBIVALETF,SBI Mutual Fund,SBI Mutual Fund,INF200KB1AX1,B,Active,Equity
544763,SBISMLETF,SBI Mutual Fund,SBI Mutual Fund,INF200KB1AY9,B,Active,Equity
544764,MWL,Mangalam Worldwide Limited,Mangalam Worldwide Limited,INE0JYY01029,B,Active,Equity
544765,VPAL,Vegorama Punjabi Angithi Limited,Vegorama Punjabi Angithi Limited,INE1L3801017,MT,Active,Equity
544766,MSCI360,360 ONE Mutual Fund,360 ONE Mutual Fund,INF579M01BP5,B,Active,Equity
544767,AFLTD,Autofurnish Limited,Autofurnish Limited,INE18HI01019,MT,Active,Equity
544768,MANIVENI,M.R.MANIVENI FOODS LIMITED,M.R.MANIVENI FOODS LIMITED,INE0YD301010,M,Active,Equity
544769,HARIKANTA,HARIKANTA OVERSEAS LIMITED,HARIKANTA OVERSEAS LIMITED,INE1UYW01010,M,Active,Equity
544770,YAASHVI,YAASHVI JEWELLERS LIMITED,YAASHVI JEWELLERS LIMITED,INE1T6L01010,M,Active,Equity
544771,RFIL,Rajnandini Fashion India Limited,Rajnandini Fashion India Limited,INE1GM501015,M,Active,Equity
544772,AUREATE,AUREATE TRADDE LIMITED,AUREATE TRADDE LIMITED,INE1KVL01010,M,Active,Equity
544773,MRTX,Merritronix Limited,Merritronix Limited,INE1RQS01010,M,Active,Equity
544774,SMR,SMR Jewels Limited,SMR Jewels Limited,INE11XK01017,M,Active,Equity
544775,ISIFAAFG,ICICI Prudential Mutual Fund,ICICI Prudential Mutual Fund,INF109K30059,B,Active,Equity
544776,ISIFAAFDG,ICICI Prudential Mutual Fund,ICICI Prudential Mutual Fund,INF109K30067,B,Active,Equity
544777,CMRGREEN,CMR Green Technologies Limited,CMR Green Technologies Limited,INE00WV01027,B,Active,Equity
544778,VAHH,Vahh Chemicals Limited,Vahh Chemicals Limited,INE0H3U01013,M,Active,Equity
544779,UHMVL,UHM Vacation Limited,UHM Vacation Limited,INE0YZ901011,M,Active,Equity
544780,VAML,Vedanta Aluminium Metal Limited,Vedanta Aluminium Metal Limited,INE1CDF01017,B,Active,Equity
544781,VEDPOWER,Vedanta Power Limited,Vedanta Power Limited,INE694L01019,B,Active,Equity
544782,VOGL,Vedanta Oil and Gas Limited,Vedanta Oil and Gas Limited,INE704J01044,B,Active,Equity
544783,E2E,E2E Networks Limited,E2E Networks Limited,INE255Z01027,T,Active,Equity
544784,VISL,Vedanta Iron and Steel Limited,Vedanta Iron and Steel Limited,INE1CLE01013,B,Active,Equity
544785,HEXAGON,Hexagon Nutrition Limited,Hexagon Nutrition Limited,INE0JUI01012,T,Active,Equity
544786,SELECTRIC,Schneider Electric President Systems Ltd,Schneider Electric President Systems Ltd,INE155D01018,B,Active,Equity
544787,PHLSRG,Mirae Asset Mutual Fund,Mirae Asset Mutual Fund,INF769K30019,B,Active,Equity
544788,PHLSRDI,Mirae Asset Mutual Fund,Mirae Asset Mutual Fund,INF769K30027,B,Active,Equity
544789,PHLSRDP,Mirae Asset Mutual Fund,Mirae Asset Mutual Fund,INF769K30035,B,Active,Equity
544790,PHLSDG,Mirae Asset Mutual Fund,Mirae Asset Mutual Fund,INF769K30043,B,Active,Equity
544791,PHLSDDI,Mirae Asset Mutual Fund,Mirae Asset Mutual Fund,INF769K30050,B,Active,Equity
544792,PHLSDDP,Mirae Asset Mutual Fund,Mirae Asset Mutual Fund,INF769K30068,B,Active,Equity
544793,SUSAN,Susan Electricals India Limited,Susan Electricals India Limited,INE2L0V01019,MT,Active,Equity
544794,HORIZON,HORIZON RECLAIM (INDIA) LIMITED,HORIZON RECLAIM (INDIA) LIMITED,INE1SEO01013,M,Active,Equity
544795,SMALLIETF,ICICI Prudential Mutual Fund,ICICI Prudential Mutual Fund,INF109K1A476,B,Active,Equity
544796,LIOTECH,LIOTECH INDUSTRIES LIMITED,LIOTECH INDUSTRIES LIMITED,INE0TKX01011,M,Active,Equity
544797,LESL,LEAPFROG ENGINEERING SERVICES LIMITED,LEAPFROG ENGINEERING SERVICES LIMITED,INE0X6O01027,M,Active,Equity
544798,DIKSHA,DIKSHA POLYMERS LIMITED,DIKSHA POLYMERS LIMITED,INE1OSI01014,MT,Active,Equity
544799,TURTLEMINT,Turtlemint Fintech Solutions Limited,Turtlemint Fintech Solutions Limited,INE0OC301013,B,Active,Equity
544800,ANUBHAV,ANUBHAV PLAST LIMITED,ANUBHAV PLAST LIMITED,INE1O7201010,M,Active,Equity
544801,GSPLTRANS,GSPL Transmission Limited,GSPL Transmission Limited,INE1TUG01013,T,Active,Equity
544802,CORDELIA,Waterways Leisure Tourism Limited,Waterways Leisure Tourism Limited,INE0LZF01039,B,Active,Equity
544803,RAMBHAJO,Advit Jewels Limited,Advit Jewels Limited,INE1SJO01012,B,Active,Equity
544804,RIYAASAT,Riyaasat Lifestyle Limited,Riyaasat Lifestyle Limited,INE0KYI01012,M,Active,Equity
544805,JIVIAL,Jivial Industries Limited,Jivial Industries Limited,INE0V3T01017,M,Active,Equity
544806,CSM,CSM TECHNOLOGIES LIMITED,CSM TECHNOLOGIES LIMITED,INE0ZK601013,B,Active,Equity
544807,CRAZY,CRAZY SNACKS LIMITED,CRAZY SNACKS LIMITED,INE0RBX01014,M,Active,Equity
544808,AASTHA,AASTHA SPINTEX LIMITED,AASTHA SPINTEX LIMITED,INE2FMX01012,B,Active,Equity
544809,ADON,ADON AGRO COMMODITIES LIMITED,ADON AGRO COMMODITIES LIMITED,INE1SME01017,M,Active,Equity
544810,SILL,Sampark India Logistics Limited,Sampark India Logistics Limited,INE147701010,M,Active,Equity
544811,KRATIKAL,KRATIKAL TECH LIMITED,KRATIKAL TECH LIMITED,INE1L0M01019,M,Active,Equity
544812,ATHARVA,Atharva Poly-Plast Limited,Atharva Poly-Plast Limited,INE226801012,MT,Active,Equity
544813,SEEMAX,Seemax Resources Limited,Seemax Resources Limited,INE1EVO01017,M,Active,Equity
544814,KNACK,KNACK PACKAGING LIMITED,KNACK PACKAGING LIMITED,INE17QZ01016,B,Active,Equity
544815,INSIFHLSDG,Kotak Mahindra Mutual Fund,Kotak Mahindra Mutual Fund,INF174K30012,B,Active,Equity
544817,INSIFHLSDR,Kotak Mahindra Mutual Fund,Kotak Mahindra Mutual Fund,INF174K30038,B,Active,Equity
544818,INSIFHLSRG,Kotak Mahindra Mutual Fund,Kotak Mahindra Mutual Fund,INF174K30046,B,Active,Equity
544819,INSIFHLSRD,Kotak Mahindra Mutual Fund,Kotak Mahindra Mutual Fund,INF174K30053,B,Active,Equity
544820,INSIFHLSRR,Kotak Mahindra Mutual Fund,Kotak Mahindra Mutual Fund,INF174K30061,B,Active,Equity
544821,KUSUMGAR,Kusumgar Limited,Kusumgar Limited,INE0ISX01025,B,Active,Equity
544822,LASERPOWER,Laser Power & Infra Limited,Laser Power & Infra Limited,INE17IR01028,B,Active,Equity
544823,DEVSON,DEVSON CATALYST LIMITED,DEVSON CATALYST LIMITED,INE2KRP01017,MT,Active,Equity
544825,ALPINETEX,ALPINE TEXWORLD LIMITED,ALPINE TEXWORLD LIMITED,INE1JCQ01037,B,Active,Equity
544826,MILLWORKS,MILLWORKS TECHNOLOGIES LIMITED,MILLWORKS TECHNOLOGIES LIMITED,INE1SRC01010,M,Active,Equity
544827,BANK10BETF,Bajaj Finserv Mutual Fund,Bajaj Finserv Mutual Fund,INF0QA701CI0,B,Active,Equity
544829,SBIFUNDS,SBI Funds Management Limited,SBI Funds Management Limited,INE640G01020,A,Active,Equity
544830,MOMMIDCAP,Mirae Asset Mutual Fund,Mirae Asset Mutual Fund,INF769K01RC0,B,Active,Equity
544831,MEEIND,MEENAKSHI INDIA LIMITED,MEENAKSHI INDIA LIMITED,INE208H01016,B,Active,Equity
544832,SOTEFIN,Sotefin Bharat Limited,Sotefin Bharat Limited,INE12Z301012,M,Active,Equity
544833,CMLL,CALIBER MINING AND LOGISTICS LIMITED,CALIBER MINING AND LOGISTICS LIMITED,INE11XY01018,B,Active,Equity
544834,GULFLLOYDS,GULF LLOYDS (INDIA) LIMITED,GULF LLOYDS (INDIA) LIMITED,INE1WDC01012,M,Active,Equity
544835,MALA,Shree Balaji (Mala) Textiles Limited,Shree Balaji (Mala) Textiles Limited,INE1N3Y01016,M,Active,Equity
544837,INDOMIM,INDO-MIM Limited,INDO-MIM Limited,INE084101034,B,Active,Equity
544838,XTRANET,XTRANET TECHNOLOGIES LIMITED,XTRANET TECHNOLOGIES LIMITED,INE0NG701011,B,Active,Equity
544839,LCL,Lohia Corp Limited,Lohia Corp Limited,INE0QJW01029,B,Active,Equity
544840,SSPRL,SILVERSTORM PARKS AND RESORTS LIMITED,SILVERSTORM PARKS AND RESORTS LIMITED,INE1EJ401023,M,Active,Equity
544842,HDFCNIMEG,HDFC Mutual Fund,HDFC Mutual Fund,INF179KC1KT4,B,Active,Equity
544843,ADVANCETL,ADVANCE TECHNOFORGE LIMITED,ADVANCE TECHNOFORGE LIMITED,INE13ZJ01010,M,Active,Equity
544844,PPEL,POOJAA PRECISION ENGG. LIMITED,POOJAA PRECISION ENGG. LIMITED,INE288301026,M,Active,Equity
544845,INSUREIETF,ICICI Prudential Mutual Fund,ICICI Prudential Mutual Fund,INF109K1A567,B,Active,Equity
544846,ELMDIV,Edelweiss Mutual Fund,Edelweiss Mutual Fund,INF754K01XI7,B,Active,Equity
544847,MANIPALHOS,Manipal Health Enterprises Limited,Manipal Health Enterprises Limited,INE459N01021,B,Active,Equity
544848,HRHYGIENE,H. R. HYGIENE PRODUCTS LIMITED,H. R. HYGIENE PRODUCTS LIMITED,INE17DP01015,M,Active,Equity
544849,EBANK10,Edelweiss Mutual Fund,Edelweiss Mutual Fund,INF754K01XH9,B,Active,Equity
544850,AARVI,Aarvi Encon Limited,Aarvi Encon Limited,INE754X01016,B,Active,Equity
544851,MVELECTRO,MV ELECTROSYSTEMS LIMITED,MV ELECTROSYSTEMS LIMITED,INE0OWZ01020,B,Active,Equity
544852,ONEINDIG,Oneindig Technologies Limited,Oneindig Technologies Limited,INE0UR501013,M,Active,Equity
544853,JNPR,Juniper Green Energy Limited,Juniper Green Energy Limited,INE05C901015,B,Active,Equity
544854,DHAVAL,Dhaval Packaging Limited,Dhaval Packaging Limited,INE1HX301016,M,Active,Equity
544855,PRIMAINNO,Prima Innovation Limited,Prima Innovation Limited,INE13LA01027,X,Active,Equity
544856,KLASSROOM,FUSION KLASSROOM EDUTECH LIMITED,FUSION KLASSROOM EDUTECH LIMITED,INE1LMA01010,M,Active,Equity
544857,MIDBANKADD,DSP Mutual Fund,DSP Mutual Fund,INF740KA1ZH9,B,Active,Equity
544858,AEGEUS,AEGEUS TECHNOLOGIES LIMITED,AEGEUS TECHNOLOGIES LIMITED,INE0WR901013,M,Active,Equity
544859,GVELECTRIC,G V ELECTRICALS LTD,G V ELECTRICALS LTD,INE1ZGR01024,M,Active,Equity
544860,ARDEE,Ardee Industries Limited,Ardee Industries Limited,INE0XNF01022,B,Active,Equity
544861,SWARAJ,Swaraj Suiting Limited,Swaraj Suiting Limited,INE0GMR01016,T,Active,Equity
544862,SOLEX,Solex Energy Limited,Solex Energy Limited,INE880Y01017,B,Active,Equity
544863,LAPL,LAPL AUTOMOTIVE LIMITED,LAPL AUTOMOTIVE LIMITED,INE0X9I01023,M,Active,Equity
544864,TECHNOCRAF,Technocraft Ventures Limited,Technocraft Ventures Limited,INE1D0W01018,B,Active,Equity
544865,LEAPIND,LEAP India Limited,LEAP India Limited,INE00GO01025,B,Active,Equity
544866,MOLBIO,MOLBIO DIAGNOSTICS LIMITED,MOLBIO DIAGNOSTICS LIMITED,INE869T01028,B,Active,Equity
544867,DHOOTTRANS,Dhoot Transmission Limited,Dhoot Transmission Limited,INE01NH01023,B,Active,Equity
544868,MILKYMIST,Milky Mist Dairy Food Limited,Milky Mist Dairy Food Limited,INE00IT01020,T,Active,Equity
544869,SHAMFOAM,Sham Foam Limited,Sham Foam Limited,INE0Z9N01013,M,Active,Equity
544870,BLEL,BEHARI LAL ENGINEERING LIMITED,BEHARI LAL ENGINEERING LIMITED,INE1EEM01017,B,Active,Equity
544871,SHIPROCKET,Shiprocket Limited,Shiprocket Limited,INE0FOO01011,B,Active,Equity
544872,QTFOODS,Q&T FOODS LIMITED,Q&T FOODS LIMITED,INE13G401012,M,Active,Equity
544873,NIFTYJBLK,Jio BlackRock Mutual Fund,Jio BlackRock Mutual Fund,INF22M001184,B,Active,Equity
544874,LARGEMID50,Mirae Asset Mutual Fund,Mirae Asset Mutual Fund,INF769K01RK3,B,Active,Equity
544876,ENS,ENS Enterprises Limited,ENS Enterprises Limited,INE23ER01017,M,Active,Equity
544877,TECHNOCRAT,Technocrats Plasma Systems Limited,Technocrats Plasma Systems Limited,INE19QK01022,MT,Active,Equity
544878,IVZSENSEX,INVESCO MUTUAL FUND,INVESCO MUTUAL FUND,INF205KA1CA1,B,Active,Equity
544879,LALITHAA,Lalithaa Jewellery Mart Limited,Lalithaa Jewellery Mart Limited,INE0K9O01026,B,Active,Equity
544880,HORIZONIND,Horizon Industrial Parks Limited,Horizon Industrial Parks Limited,INE685T01010,B,Active,Equity
544881,SUNSHINE,Sunshine Pictures Limited,Sunshine Pictures Limited,INE1B3O01011,B,Active,Equity
544882,SHANKESH,Shankesh Jewellers Limited,Shankesh Jewellers Limited,INE1WFC01025,B,Active,Equity
544883,MOPSHOP,MOPSHOP DISTRIBUTION LIMITED,MOPSHOP DISTRIBUTION LIMITED,INE2F5H01015,M,Active,Equity
544884,DHANWEL,Dhanwel Hybrid Seeds Limited,Dhanwel Hybrid Seeds Limited,INE0VWO01011,M,Active,Equity
544885,GAJA,Gaja Alternative Asset Management Limited,Gaja Alternative Asset Management Limited,INE18UN01038,B,Active,Equity
544886,TEMPSENS,TEMPSENS INSTRUMENTS (INDIA) LIMITED,TEMPSENS INSTRUMENTS (INDIA) LIMITED,INE1KZI01025,B,Active,Equity
544887,NIF500BETA,UTI Mutual Fund,UTI Mutual Fund,INF789F1AG76,B,Active,Equity
544888,AUGMONT,Augmont Enterprises Limited,Augmont Enterprises Limited,INE16W401027,B,Active,Equity
544889,SYMBIOTEC,SYMBIOTEC PHARMALAB LIMITED,SYMBIOTEC PHARMALAB LIMITED,INE899I01028,B,Active,Equity
544890,SKYWAYS,SKYWAYS AIR SERVICES LIMITED,SKYWAYS AIR SERVICES LIMITED,INE0PX301025,B,Active,Equity
544891,HTEL,Hy-Tech Engineers Limited,Hy-Tech Engineers Limited,INE0LEG01024,B,Active,Equity
544892,ENERGYAXIS,Axis Mutual Fund,Axis Mutual Fund,INF846KA1598,B,Active,Equity
544893,ANNU,Annu Projects Limited,Annu Projects Limited,INE103001017,B,Active,Equity
544894,LUMINO,LUMINO INDUSTRIES LIMITED,LUMINO INDUSTRIES LIMITED,INE185Q01025,B,Active,Equity
544895,KWICK,KWICK FORENSIC SOLUTIONS LIMITED,KWICK FORENSIC SOLUTIONS LIMITED,INE1SFA01019,M,Active,Equity
544897,PALUCK,Paluck Technologies Limited,Paluck Technologies Limited,INE0LHB01010,M,Active,Equity
544898,ESDS,ESDS Software Solution Limited,ESDS Software Solution Limited,INE0DRI01029,B,Active,Equity
544899,PRIORITY,Priority Jewels Limited,Priority Jewels Limited,INE15EH01014,B,Active,Equity
544900,CSML,COMPLETE SPORTS AND MANAGEMENT INDIA LIMITED,COMPLETE SPORTS AND MANAGEMENT INDIA LIMITED,INE2K6801014,M,Active,Equity
544901,PERNIASPOP,PURPLE STYLE LABS LIMITED,PURPLE STYLE LABS LIMITED,INE0I1B01016,B,Active,Equity
544902,PHYCHEM,Phychem Technologies Limited,Phychem Technologies Limited,INE24YP01017,M,Active,Equity
544903,DEEPA,Deepa Jewellers Limited,Deepa Jewellers Limited,INE1M2N01020,B,Active,Equity
544904,FLYHI,FLY-HI MARITIME TRAVELS LIMITED,FLY-HI MARITIME TRAVELS LIMITED,INE2J7801015,M,Active,Equity
544905,FARMPEACE,Farm Peace Limited,Farm Peace Limited,INE0W2E01010,M,Active,Equity
544906,MOMSBELIEF,Rays of Belief Limited,Rays of Belief Limited,INE1FCO01014,B,Active,Equity
544907,FINANCE,Seksaria Finance Limited,Seksaria Finance Limited,INE0IBX01013,X,Active,Equity
544908,DOLLEX,Dollex Agrotech Limited,Dollex Agrotech Limited,INE0JHH01011,B,Active,Equity
544909,PRANAV,PRANAV CONSTRUCTIONS LIMITED,PRANAV CONSTRUCTIONS LIMITED,INE0H4201019,B,Active,Equity
544910,APANA,Apana Logistics Limited,Apana Logistics Limited,INE1ET101019,M,Active,Equity
544911,KANOHAR,Kanohar Electricals Limited,Kanohar Electricals Limited,INE877D01025,B,Active,Equity
544912,PRASOLCHEM,Prasol Chemicals Limited,Prasol Chemicals Limited,INE455U01024,B,Active,Equity
544913,GLASSWALL,Glass Wall Systems (India) Limited,Glass Wall Systems (India) Limited,INE644Q01039,B,Active,Equity
544914,STEAMHOUSE,Steamhouse India Limited,Steamhouse India Limited,INE0FRO01022,B,Active,Equity
544915,RENTOMOJO,Rentomojo Limited,Rentomojo Limited,INE08T701025,B,Active,Equity
544916,MPIMANIPAL,Manipal Payment and Identity Solutions Limited,Manipal Payment and Identity Solutions Limited,INE241U01028,B,Active,Equity
544917,KARAMTARA,KARAMTARA ENGINEERING LIMITED,KARAMTARA ENGINEERING LIMITED,INE590T01012,B,Active,Equity
544918,LCCPROJECT,LCC PROJECTS LIMITED,LCC PROJECTS LIMITED,INE1FPN01026,B,Active,Equity
544919,INFRAX,INFRAX RENEWABLE LIMITED,INFRAX RENEWABLE LIMITED,INE1YC401018,MT,Active,Equity
544920,AMTECH,Amtech Esters Limited,Amtech Esters Limited,INE0RMA01019,MT,Active,Equity
544921,ARCIL,ASSET RECONSTRUCTION COMPANY (INDIA) LIMITED,ASSET RECONSTRUCTION COMPANY (INDIA) LIMITED,INE148G01016,B,Active,Equity
544922,OMG,OM GALAXY LIMITED,OM GALAXY LIMITED,INE2D0Q01027,MT,Active,Equity
544923,VEEGALAND,Veegaland Developers Limited,Veegaland Developers Limited,INE1JTV01015,T,Active,Equity
544924,RAKSAN,Raksan Transformers Limited,Raksan Transformers Limited,INE1S7M01017,MT,Active,Equity
544925,SPEEDEX,MAHARAJA & SPEEDEX INDIA LIMITED,MAHARAJA & SPEEDEX INDIA LIMITED,INE0SVD01012,MT,Active,Equity
544926,PANCHATV,Panchatv Bharat Limited,Panchatv Bharat Limited,INE0VXN01011,MT,Active,Equity
544927,SECLEDBETA,UTI Mutual Fund,UTI Mutual Fund,INF789F1AH42,B,Active,Equity
544928,CENTURYOOH,Century Business Media Limited,Century Business Media Limited,INE16VF01010,MT,Active,Equity
544929,MANIKA,MANIKA PLASTECH LIMITED,MANIKA PLASTECH LIMITED,INE0KWF01020,T,Active,Equity
544930,INJECTO,INJECTO POLYMERS LIMITED,INJECTO POLYMERS LIMITED,INE1JJF01019,MT,Active,Equity
544931,VAMAWOVEN,VAMA WOVENFAB LIMITED,VAMA WOVENFAB LIMITED,INE1G7R01010,MT,Active,Equity
544932,QAL,Quanto Agroworld Limited,Quanto Agroworld Limited,INE0OAB01019,MT,Active,Equity
544933,SHAKTIPOLY,SHAKTI POLYTARP LIMITED,SHAKTI POLYTARP LIMITED,INE05UY01016,MT,Active,Equity
544934,SSRETAIL,SS Retail Limited,SS Retail Limited,INE1EQW01028,B,Active,Equity
544935,JSIPL,JINDAL SUPREME (INDIA) LIMITED,JINDAL SUPREME (INDIA) LIMITED,INE1DLO01028,T,Active,Equity
544936,HEROMOTORS,HERO MOTORS LIMITED,HERO MOTORS LIMITED,INE012G01022,B,Active,Equity
544937,NSE,National Stock Exchange of India Limited,National Stock Exchange of India Limited,INE721I01024,A,Active,Equity
544938,SONA,SONASELECTION INDIA LIMITED,SONASELECTION INDIA LIMITED,INE0LLZ01011,T,Active,Equity
544939,VIVEKANAND,VIVEKANAND COTSPIN LIMITED,VIVEKANAND COTSPIN LIMITED,INE1JJP01018,MT,Active,Equity
544940,ROBOKIDZ,ROBOKIDZ EDUVENTURES LIMITED,ROBOKIDZ EDUVENTURES LIMITED,INE1W8R01018,MT,Active,Equity
544941,FXML,FX Multitech Limited,FX Multitech Limited,INE1D0M01019,MT,Active,Equity
544942,VARMORA,Varmora Granito Limited,Varmora Granito Limited,INE0M5301040,B,Active,Equity
544943,HNIL,HIMALAYA NUTRAVEDICS INDIA LIMITED,HIMALAYA NUTRAVEDICS INDIA LIMITED,INE1OTR01013,MT,Active,Equity
544944,ANAND,Anand Seamless Limited,Anand Seamless Limited,INE0XDX01018,MT,Active,Equity
544945,ELEVATE,Elevate Campuses Limited,Elevate Campuses Limited,INE147X01013,B,Active,Equity
544946,LIQVD,LIQVD DIGITAL INDIA LIMITED,LIQVD DIGITAL INDIA LIMITED,INE0CJT01025,MT,Active,Equity
544947,SKOFFSET,S.K. OFFSET LIMITED,S.K. OFFSET LIMITED,INE2MKZ01017,MT,Active,Equity
544948,UNITEC,UNITEC FIBRES LIMITED,UNITEC FIBRES LIMITED,INE0WOK01014,MT,Active,Equity
544949,SWASTIKAIN,SWASTIKA INFRA LIMITED,SWASTIKA INFRA LIMITED,INE1QJA01015,T,Active,Equity
544950,ADROITIND,Adroit Industries (India) Limited,Adroit Industries (India) Limited,INE505M01015,T,Active,Equity
544951,ARMEE,ARMEE INFOTECH LIMITED,ARMEE INFOTECH LIMITED,INE0TWE01016,B,Active,Equity
555555,SENSEXIETF,ICICI Prudential Mutual Fund,ICICI Prudential Mutual Fund,INF346A01034,B,Active,Equity
570002,FELDVR,Future Enterprises Limited,Future Enterprises Limited,IN9623B01058,Z,Active,Equity
570004,JISLDVREQS,Jain Irrigation Systems Ltd.,Jain Irrigation Systems Ltd.,IN9175A01010,B,Active,Equity
570005,GATECHDVR,GACM Technologies Limited,GACM Technologies Limited,INE224E01036,T,Active,Equity
590003,KARURVYSYA,Karur Vysya Bank Ltd.,Karur Vysya Bank Ltd.,INE036D01028,B,Active,Equity
590005,VEEDOL,VEEDOL CORPORATION LIMITED,VEEDOL CORPORATION LIMITED,INE484C01030,B,Active,Equity
590006,AMRUTANJAN,Amrutanjan Health Care Limited,Amrutanjan Health Care Limited,INE098F01031,B,Active,Equity
590013,XPROINDIA,Xpro India Ltd.,Xpro India Ltd.,INE445C01015,B,Active,Equity
590018,HISARMETAL,Hisar Metal Industries Ltd.,Hisar Metal Industries Ltd.,INE598C01011,B,Active,Equity
590021,BHARATRAS,Bharat Rasayan Limited,Bharat Rasayan Limited,INE838B01021,B,Active,Equity
590022,EASTSILK,Eastern Silk Industries Limited,Eastern Silk Industries Limited,INE962C01035,T,Active,Equity
590024,FACT,Fertilizers and Chemicals Travancore Limited,Fertilizers and Chemicals Travancore Limited,INE188A01015,B,Active,Equity
590025,GINNIFILA,Ginni Filaments Ltd.,Ginni Filaments Ltd.,INE424C01010,T,Active,Equity
590030,SPIC,Southern Petrochemical Industries Corporation Limited,Southern Petrochemical Industries Corporation Limited,INE147A01011,B,Active,Equity
590031,DENORA,De Nora India Limited,De Nora India Limited,INE244A01016,B,Active,Equity
590041,KAVDEFENCE,Kavveri Defence & Wireless Technologies Limited,Kavveri Defence & Wireless Technologies Limited,INE641C01019,T,Active,Equity
590051,SAKSOFT,Saksoft Limited,Saksoft Limited,INE667G01023,B,Active,Equity
590056,SALONA,Salona Cotspin Ltd.,Salona Cotspin Ltd.,INE498E01010,B,Active,Equity
590057,EQUIPPP,EQUIPPP SOCIAL IMPACT TECHNOLOGIES LIMITED,EQUIPPP SOCIAL IMPACT TECHNOLOGIES LIMITED,INE217G01035,T,Active,Equity
590062,ANDHRSUGAR,The Andhra Sugars Ltd.,The Andhra Sugars Ltd.,INE715B01021,B,Active,Equity
590065,IMPAL,INDIA MOTOR PARTS & ACCESSORIES LTD,INDIA MOTOR PARTS & ACCESSORIES LTD,INE547E01014,B,Active,Equity
590066,KCP,K.C.P. LTD,K.C.P. LTD,INE805C01028,B,Active,Equity
590068,KHAITANLTD,Khaitan (India) Ltd.,Khaitan (India) Ltd.,INE731C01018,B,Active,Equity
590070,RADAAN,RADAAN MEDIAWORKS (I) LIMITED,RADAAN MEDIAWORKS (I) LIMITED,INE874F01027,B,Active,Equity
590071,SUNDARMFIN,SUNDARAM FINANCE LTD,SUNDARAM FINANCE LTD,INE660A01013,B,Active,Equity
590072,SUNDRMBRAK,SUNDARAM BRAKE LININGS LTD,SUNDARAM BRAKE LININGS LTD,INE073D01013,B,Active,Equity
590073,WHEELS,WHEELS INDIA LTD,WHEELS INDIA LTD,INE715A01015,B,Active,Equity
590075,LAMBODHARA,Lambodhara Textiles Ltd.,Lambodhara Textiles Ltd.,INE112F01022,B,Active,Equity
590078,MAITHANALL,Maithan Alloys Limited,Maithan Alloys Limited,INE683C01011,B,Active,Equity
590086,ORISSAMINE,Orissa Minerals Development Company Limited,Orissa Minerals Development Company Limited,INE725E01024,B,Active,Equity
590103,NIFTYBEES,Reliance Mutual Fund-Permitted,Reliance Mutual Fund-Permitted,INF204KB14I2,B,Active,Equity
590104,JUNIORBEES,Reliance Mutual Fund-Permitted,Reliance Mutual Fund-Permitted,INF732E01045,B,Active,Equity
590106,BANKBEES,Reliance Mutual Fund-Permitted,Reliance Mutual Fund-Permitted,INF204KB15I9,B,Active,Equity
590107,PSUBANK,Kotak Mahindra Mutual Fund - Permitted,Kotak Mahindra Mutual Fund - Permitted,INF174KA1A86,B,Active,Equity
590108,PSUBNKBEES,Reliance Mutual Fund-Permitted,Reliance Mutual Fund-Permitted,INF204KB16I7,B,Active,Equity
590109,SHARIABEES,Reliance Mutual Fund-Permitted,Reliance Mutual Fund-Permitted,INF732E01128,B,Active,Equity
590110,QNIFTY,Quantum Asset Management Co. Pvt. Ltd.,Quantum Asset Management Co. Pvt. Ltd.,INF082J01499,B,Active,Equity
590113,HNGSNGBEES,Reliance Mutual Fund-Permitted,Reliance Mutual Fund-Permitted,INF204KB19I1,B,Active,Equity
590115,MOM50,Motilal Oswal Mutual Fund-Permitted,Motilal Oswal Mutual Fund-Permitted,INF247L01536,B,Active,Equity
590134,MADRASFERT,Madras Fertilizers Ltd,Madras Fertilizers Ltd,INE414A01015,B,Active,Equity
590136,BANKNIFTY1,Kotak Mahindra Mutual Fund - Permitted,Kotak Mahindra Mutual Fund - Permitted,INF174KA1ZB7,B,Active,Equity
590137,SETFNIFBK,SBI Mutual Fund-Permitted,SBI Mutual Fund-Permitted,INF200KA1580,B,Active,Equity
590138,SETFNIF50,SBI Mutual Fund-Permitted,SBI Mutual Fund-Permitted,INF200KA1FS1,B,Active,Equity
590141,ITBEES,Nippon India Mutual Fund - Permitted,Nippon India Mutual Fund - Permitted,INF204KB15V2,B,Active,Equity
590142,PHARMABEES,Nippon India Mutual Fund - Permitted,Nippon India Mutual Fund - Permitted,INF204KC1089,B,Active,Equity
590144,MID150BEES,Nippon India Mutual Fund - Permitted,Nippon India Mutual Fund - Permitted,INF204KB1V68,B,Active,Equity
590148,MOSMALL250,Motilal Oswal Mutual Fund-Permitted,Motilal Oswal Mutual Fund-Permitted,INF247L01CH6,B,Active,Equity
590149,MOCAPITAL,Motilal Oswal Mutual Fund-Permitted,Motilal Oswal Mutual Fund-Permitted,INF247L01EV3,B,Active,Equity
590150,MOREALTY,Motilal Oswal Mutual Fund-Permitted,Motilal Oswal Mutual Fund-Permitted,INF247L01CI4,B,Active,Equity
590151,MOMENTUM50,Motilal Oswal Mutual Fund-Permitted,Motilal Oswal Mutual Fund-Permitted,INF247L01DK8,B,Active,Equity
590152,MODEFENCE,Motilal Oswal Mutual Fund-Permitted,Motilal Oswal Mutual Fund-Permitted,INF247L01DJ0,B,Active,Equity
590153,MONIFTY500,Motilal Oswal Mutual Fund-Permitted,Motilal Oswal Mutual Fund-Permitted,INF247L01BU1,B,Active,Equity
590154,ALPHA,Kotak Mahindra Mutual Fund - Permitted,Kotak Mahindra Mutual Fund - Permitted,INF174KA1IA5,B,Active,Equity
590157,GROWWDEFNC,GROWW MUTUAL FUND  PERMITTED,GROWW MUTUAL FUND  PERMITTED,INF666M01IO8,B,Active,Equity
590158,GROWWRAIL,GROWW MUTUAL FUND  PERMITTED,GROWW MUTUAL FUND  PERMITTED,INF666M01JJ6,B,Active,Equity
590160,NETF,Tata Mutual Fund - Permitted,Tata Mutual Fund - Permitted,INF277K015R5,B,Active,Equity
780014,HASJUICE,Has Lifestyle Limited,Has Lifestyle Limited,INE888Q01016,IP,Active,Equity
780016,WEBSL,Web Element Solutions Limited,Web Element Solutions Limited,INE562Q01017,IP,Active,Equity
780018,ADHIRAJ,Adhiraj Distributors Limited,Adhiraj Distributors Limited,INE067R01015,IP,Active,Equity
890217,APLABPP,Aplab Ltd.,Aplab Ltd.,IN9273A01047,X,Active,Equity
890226,SURAJINDPP,Suraj Industries Limited.,Suraj Industries Limited.,IN9170U01035,X,Active,Equity
890228,ATLPP,Allcargo Terminals Limited,Allcargo Terminals Limited,IN90NN701011,B,Active,Equity
890231,ANIRITPP,ANIRIT VENTURES LIMITED,ANIRIT VENTURES LIMITED,IN9161F01019,X,Active,Equity
890234,VERTEXPP,Vertex Securities Ltd.,Vertex Securities Ltd.,IN9316D01014,X,Active,Equity
890238,GSAILPP,G.S. Auto International Ltd.,G.S. Auto International Ltd.,IN9736H01014,XT,Active,Equity
890239,ASCOTTPP,ALAN SCOTT ENTERPRISES LIMITED,ALAN SCOTT ENTERPRISES LIMITED,IN9273F01038,XT,Active,Equity
890240,JAYKAYPP,Jaykay Enterprises Limited,Jaykay Enterprises Limited,IN9903A01015,B,Active,Equity
